time_jst,class,coin,apy,fr,interval_h,exchange,cross_apy_spread,vol_usd,notified
2026-06-11 23:11,A,ESPORTS,788.2,0.003599,4.0,MEXC,,8084872,1
2026-06-11 23:11,A,BEAT,265.4,0.001212,4.0,MEXC,,1484735603,1
2026-06-11 23:11,A,SKYAI,214.8,0.000981,4.0,Gate,,14891911,1
2026-06-11 23:11,A,CLO,149.2,0.001363,8.0,Gate,,2006034,1
2026-06-11 23:11,A,LITE,135.7,0.001239,8.0,OKX,,69959841,1
2026-06-11 23:11,A,RAVE,126.6,0.000578,4.0,OKX,,6613822,0
2026-06-11 23:11,A,SKHYNIX,117.4,0.001072,8.0,OKX,,14449001,0
2026-06-11 23:11,A,FOLKS,93.0,0.000849,8.0,Gate,,15053668,0
2026-06-11 23:11,A,COLLECT,90.2,0.000412,4.0,MEXC,,2355906,0
2026-06-11 23:11,A,AIO,86.1,0.000393,4.0,Gate,,42702697,0
2026-06-11 23:11,A,RIVER,85.4,0.000390,4.0,MEXC,,7089931,0
2026-06-11 23:11,B,ID,-4380.0,-0.020000,4.0,Gate,,10725006,1
2026-06-11 23:11,B,HOME,-2483.5,-0.002835,1.0,Bitget,,27864747,1
2026-06-11 23:11,B,ASTR,-1568.9,-0.014328,8.0,MEXC,,3906625,1
2026-06-11 23:11,B,FIDA,-1358.9,-0.006205,4.0,MEXC,,4376890,1
2026-06-11 23:11,B,STG,-845.7,-0.007723,8.0,MEXC,,35269586,1
2026-06-11 23:11,B,ESPORTS,-491.7,-0.002245,4.0,Bitget,,8084872,0
2026-06-11 23:11,B,SAHARA,-385.8,-0.003523,8.0,Gate,,23286382,0
2026-06-11 23:11,B,PLAY,-312.7,-0.000357,1.0,Gate,,13749007,0
2026-06-11 23:11,C,HOME,-2150.4,-0.002455,1.0,OKX,333.0,27864747,1
2026-06-11 23:11,C,PLAY,10.5,0.000012,1.0,MEXC,323.2,13749007,1
2026-06-11 23:11,C,SAHARA,-204.2,-0.000932,4.0,OKX,181.6,23286382,1
2026-06-12 02:27,A,ESPORTS,779.2,0.003558,4.0,MEXC,,9491771,0
2026-06-12 02:27,A,BEAT,644.5,0.005886,8.0,Gate,,1424596556,1
2026-06-12 02:27,A,SKYAI,350.0,0.001598,4.0,Gate,,13855874,1
2026-06-12 02:27,A,SKHYNIX,211.6,0.001933,8.0,OKX,,14531349,1
2026-06-12 02:27,A,LAB,145.6,0.000665,4.0,Bitget,,222201699,1
2026-06-12 02:27,A,COLLECT,128.3,0.000586,4.0,MEXC,,2530039,1
2026-06-12 02:27,A,RAVE,127.1,0.000580,4.0,OKX,,6558393,0
2026-06-12 02:27,A,AIO,96.6,0.000441,4.0,Gate,,48895647,0
2026-06-12 02:27,A,BTW,90.7,0.000414,4.0,Gate,,17004548,0
2026-06-12 02:27,B,HOME,-3325.3,-0.003796,1.0,Bitget,,26065336,0
2026-06-12 02:27,B,STG,-2190.0,-0.020000,8.0,Gate,,32765727,1
2026-06-12 02:27,B,ID,-1414.7,-0.006460,4.0,Bitget,,11899301,0
2026-06-12 02:27,B,ASTR,-1061.3,-0.009692,8.0,MEXC,,4117509,0
2026-06-12 02:27,B,FIDA,-387.8,-0.001771,4.0,Bitget,,4953466,0
2026-06-12 02:27,B,SAHARA,-383.5,-0.001751,4.0,MEXC,,19721806,1
2026-06-12 02:27,B,SIREN,-273.5,-0.001249,4.0,Gate,,6556973,1
2026-06-12 02:27,B,SXT,-232.4,-0.001061,4.0,MEXC,,2121158,1
2026-06-12 02:27,B,CL,-226.0,-0.001032,4.0,Bitget,,139494002,1
2026-06-12 02:27,B,TRX,-220.9,-0.002017,8.0,Bitget,,13767920,0
2026-06-12 02:27,C,STG,-1261.5,-0.011521,8.0,MEXC,928.5,32765727,1
2026-06-12 02:27,C,ASTR,-260.8,-0.002382,8.0,Bitget,800.4,4117509,1
2026-06-12 02:27,C,ESPORTS,779.2,0.003558,4.0,MEXC,768.3,9491771,1
2026-06-12 02:27,C,HOME,-2841.7,-0.003244,1.0,MEXC,483.6,26065336,0
2026-06-12 02:27,C,SKYAI,350.0,0.001598,4.0,Gate,270.0,13855874,1
2026-06-12 02:27,C,SKHYNIX,211.6,0.001933,8.0,OKX,211.6,14531349,1
2026-06-12 02:27,C,SAHARA,-173.3,-0.001583,8.0,Gate,210.1,19721806,0
2026-06-12 02:27,C,BEAT,644.5,0.005886,8.0,Gate,192.3,1424596556,0
2026-06-12 02:27,C,PLAY,10.5,0.000012,1.0,MEXC,177.0,13405721,0
2026-06-12 05:01,A,ESPORTS,975.9,0.004456,4.0,MEXC,,13534691,0
2026-06-12 05:01,A,BTW,754.2,0.003444,4.0,Gate,,16578881,1
2026-06-12 05:01,A,BEAT,717.6,0.006553,8.0,Gate,,1441853748,0
2026-06-12 05:01,A,SKHYNIX,680.8,0.006217,8.0,OKX,,17642189,1
2026-06-12 05:01,A,FOLKS,286.0,0.002612,8.0,Gate,,7500370,1
2026-06-12 05:01,A,VELVET,236.5,0.001080,4.0,Gate,,106638996,1
2026-06-12 05:01,A,HMSTR,228.2,0.001042,4.0,Gate,,91947770,1
2026-06-12 05:01,A,SKYAI,221.4,0.001011,4.0,Gate,,14218005,0
2026-06-12 05:01,A,SPACE,197.1,0.000900,4.0,Gate,,173773925,0
2026-06-12 05:01,A,RAVE,165.0,0.000754,4.0,OKX,,8629822,0
2026-06-12 05:01,A,BANK,156.4,0.000714,4.0,Bitget,,2246138,0
2026-06-12 05:01,A,BSB,93.7,0.000428,4.0,OKX,,47034133,0
2026-06-12 05:01,A,COLLECT,91.3,0.000417,4.0,MEXC,,2500915,0
2026-06-12 05:01,A,NG,90.6,0.000828,8.0,OKX,,4293382,0
2026-06-12 05:01,A,UB,85.3,0.000390,4.0,OKX,,25430378,0
2026-06-12 05:01,B,HOME,-4646.3,-0.005304,1.0,Gate,,25835360,1
2026-06-12 05:01,B,STG,-2190.0,-0.020000,8.0,Gate,,32905336,0
2026-06-12 05:01,B,ID,-871.6,-0.003980,4.0,MEXC,,12028045,0
2026-06-12 05:01,B,FIDA,-641.2,-0.002928,4.0,Bitget,,5141369,0
2026-06-12 05:01,B,ESPORTS,-549.5,-0.002509,4.0,Bitget,,13534691,1
2026-06-12 05:01,B,ASTR,-431.0,-0.003936,8.0,MEXC,,4234690,0
2026-06-12 05:01,B,SAHARA,-403.8,-0.001844,4.0,Bitget,,19312286,0
2026-06-12 05:01,B,SIREN,-394.2,-0.001800,4.0,Bitget,,6626738,0
2026-06-12 05:01,B,PLAY,-333.8,-0.000381,1.0,Gate,,9720276,1
2026-06-12 05:01,B,USELESS,-228.4,-0.001043,4.0,Gate,,5433653,1
2026-06-12 05:01,B,TRX,-228.4,-0.002086,8.0,Bitget,,21719639,1
2026-06-12 05:01,B,SXT,-225.6,-0.001030,4.0,MEXC,,2181263,0
2026-06-12 05:01,C,ESPORTS,975.9,0.004456,4.0,MEXC,1525.3,13534691,1
2026-06-12 05:01,C,HOME,-3573.2,-0.004079,1.0,MEXC,1073.1,25835360,1
2026-06-12 05:01,C,BTW,754.2,0.003444,4.0,Gate,754.2,16578881,1
2026-06-12 05:01,C,SKHYNIX,680.8,0.006217,8.0,OKX,680.8,17642189,1
2026-06-12 05:01,C,STG,-1642.5,-0.015000,8.0,Bitget,547.5,32905336,0
2026-06-12 05:01,C,ID,-415.0,-0.001895,4.0,Bitget,456.6,12028045,1
2026-06-12 05:01,C,BEAT,717.6,0.006553,8.0,Gate,363.9,1441853748,0
2026-06-12 05:01,C,PLAY,10.5,0.000012,1.0,MEXC,344.3,9720276,0
2026-06-12 05:01,C,ASTR,-97.0,-0.000886,8.0,Bitget,334.0,4234690,0
2026-06-12 05:01,C,FOLKS,286.0,0.002612,8.0,Gate,275.1,7500370,0
2026-06-12 05:01,C,HMSTR,228.2,0.001042,4.0,Gate,217.2,91947770,0
2026-06-12 05:01,C,SIREN,-198.0,-0.000904,4.0,Gate,196.2,6626738,0
2026-06-12 05:01,C,JUP,10.9,0.000050,4.0,OKX,195.8,2976825,0
2026-06-12 05:01,C,SPACE,197.1,0.000900,4.0,Gate,186.2,173773925,0
2026-06-12 05:01,C,SKYAI,221.4,0.001011,4.0,Gate,174.3,14218005,0
2026-06-12 07:14,A,ESPORTS,1080.3,0.004933,4.0,MEXC,,16807298,1
2026-06-12 07:14,A,BEAT,956.6,0.008736,8.0,Gate,,1386693558,0
2026-06-12 07:14,A,SKHYNIX,604.6,0.005521,8.0,OKX,,19146937,0
2026-06-12 07:14,A,FOLKS,300.0,0.002740,8.0,Gate,,7508925,0
2026-06-12 07:14,A,VELVET,192.7,0.000880,4.0,MEXC,,125697340,0
2026-06-12 07:14,A,BTW,175.4,0.000801,4.0,Gate,,15941530,0
2026-06-12 07:14,A,LAB,173.9,0.000794,4.0,Bitget,,215807211,0
2026-06-12 07:14,A,SKYAI,169.5,0.000774,4.0,Gate,,13673315,0
2026-06-12 07:14,A,HMSTR,165.6,0.000756,4.0,Gate,,84393978,0
2026-06-12 07:14,A,RAVE,142.4,0.000650,4.0,OKX,,8558127,1
2026-06-12 07:14,A,BSB,140.1,0.000640,4.0,OKX,,44945413,1
2026-06-12 07:14,A,RIVER,91.5,0.000418,4.0,MEXC,,4977579,1
2026-06-12 07:14,A,UB,85.7,0.000392,4.0,OKX,,29149803,1
2026-06-12 07:14,A,DEXE,81.0,0.000370,4.0,Bitget,,2269932,0
2026-06-12 07:14,B,HOME,-3269.2,-0.003732,1.0,MEXC,,26091176,0
2026-06-12 07:14,B,STG,-2190.0,-0.020000,8.0,Gate,,34955176,0
2026-06-12 07:14,B,ID,-1496.0,-0.006831,4.0,Bitget,,12150972,1
2026-06-12 07:14,B,SIREN,-678.2,-0.003097,4.0,Gate,,6602578,1
2026-06-12 07:14,B,SAHARA,-676.7,-0.003090,4.0,MEXC,,19206658,1
2026-06-12 07:14,B,ESPORTS,-395.7,-0.001807,4.0,Bitget,,16807298,0
2026-06-12 07:14,B,FIDA,-362.0,-0.001653,4.0,MEXC,,5203135,1
2026-06-12 07:14,B,PLAY,-304.8,-0.000348,1.0,Gate,,6291111,0
2026-06-12 07:14,B,TRX,-239.1,-0.002184,8.0,MEXC,,22428632,0
2026-06-12 07:14,C,ESPORTS,1080.3,0.004933,4.0,MEXC,1476.1,16807298,0
2026-06-12 07:14,C,SKHYNIX,604.6,0.005521,8.0,OKX,604.6,19146937,0
2026-06-12 07:14,C,STG,-1642.5,-0.015000,8.0,Bitget,547.5,34955176,0
2026-06-12 07:14,C,ID,-1090.4,-0.004979,4.0,MEXC,405.6,12150972,0
2026-06-12 07:14,C,BEAT,956.6,0.008736,8.0,Gate,404.1,1386693558,1
2026-06-12 07:14,C,PLAY,10.5,0.000012,1.0,MEXC,315.4,6291111,1
2026-06-12 07:14,C,HOME,-3071.7,-0.003507,1.0,OKX,197.5,26091176,0
2026-06-12 07:14,C,LAB,173.9,0.000794,4.0,Bitget,183.4,215807211,1
2026-06-12 07:14,C,VELVET,192.7,0.000880,4.0,MEXC,181.8,125697340,1
2026-06-12 07:14,C,BTW,175.4,0.000801,4.0,Gate,175.4,15941530,0
2026-06-12 07:14,C,SIREN,-509.0,-0.002324,4.0,Bitget,169.3,6602578,1
2026-06-12 07:14,C,HMSTR,165.6,0.000756,4.0,Gate,154.6,84393978,0
2026-06-12 07:50,A,ESPORTS,1329.1,0.006069,4.0,MEXC,,19147955,0
2026-06-12 07:50,A,BEAT,980.4,0.008953,8.0,Gate,,1334566341,1
2026-06-12 07:50,A,FOLKS,280.2,0.002559,8.0,Gate,,7529324,0
2026-06-12 07:50,A,BTW,199.1,0.000909,4.0,Gate,,14277086,0
2026-06-12 07:50,A,SKYAI,189.7,0.000866,4.0,Gate,,13933118,0
2026-06-12 07:50,A,VELVET,188.1,0.000859,4.0,MEXC,,129423349,0
2026-06-12 07:50,A,LAB,166.0,0.000758,4.0,Bitget,,215438304,0
2026-06-12 07:50,A,RAVE,157.3,0.000718,4.0,OKX,,8448457,0
2026-06-12 07:50,A,HMSTR,146.3,0.000668,4.0,Gate,,81035579,0
2026-06-12 07:50,A,DEXE,98.8,0.000451,4.0,Bitget,,2388115,1
2026-06-12 07:50,A,BSB,88.2,0.000403,4.0,OKX,,49637241,0
2026-06-12 07:50,A,RIVER,87.8,0.000401,4.0,MEXC,,4912522,0
2026-06-12 07:50,B,HOME,-3405.0,-0.003887,1.0,Bitget,,26489461,0
2026-06-12 07:50,B,STG,-2190.0,-0.020000,8.0,MEXC,,36048895,0
2026-06-12 07:50,B,ID,-1354.5,-0.006185,4.0,Bitget,,12247736,0
2026-06-12 07:50,B,SAHARA,-818.0,-0.003735,4.0,MEXC,,19522480,0
2026-06-12 07:50,B,SIREN,-593.9,-0.002712,4.0,Gate,,6618240,0
2026-06-12 07:50,B,ESPORTS,-496.0,-0.002265,4.0,Bitget,,19147955,0
2026-06-12 07:50,B,FIDA,-325.9,-0.001488,4.0,MEXC,,5224293,0
2026-06-12 07:50,B,TRX,-231.8,-0.002117,8.0,MEXC,,22899980,0
2026-06-12 07:50,B,PLAY,-226.0,-0.000258,1.0,Gate,,6363227,0
2026-06-12 07:50,C,ESPORTS,1329.1,0.006069,4.0,MEXC,1825.1,19147955,0
2026-06-12 07:50,C,STG,-1642.5,-0.015000,8.0,Bitget,547.5,36048895,0
2026-06-12 07:50,C,BEAT,980.4,0.008953,8.0,Gate,373.1,1334566341,0
2026-06-12 07:50,C,ID,-1107.5,-0.005057,4.0,MEXC,247.0,12247736,0
2026-06-12 07:50,C,HOME,-3160.0,-0.003607,1.0,OKX,245.0,26489461,0
2026-06-12 07:50,C,PLAY,10.5,0.000012,1.0,MEXC,236.5,6363227,0
2026-06-12 07:50,C,SAHARA,-610.7,-0.005577,8.0,Gate,207.3,19522480,1
2026-06-12 07:50,C,BTW,199.1,0.000909,4.0,Gate,199.1,14277086,0
2026-06-12 07:50,C,VELVET,188.1,0.000859,4.0,MEXC,177.2,129423349,0
2026-06-12 07:50,C,LAB,166.0,0.000758,4.0,Bitget,168.9,215438304,0
2026-06-12 09:08,A,ESPORTS,2005.8,0.009159,4.0,MEXC,,24281279,1
2026-06-12 09:08,A,BEAT,1007.8,0.009204,8.0,Gate,,1208410174,0
2026-06-12 09:08,A,LAB,230.8,0.001054,4.0,Bitget,,212460670,1
2026-06-12 09:08,A,SKYAI,220.3,0.001006,4.0,Gate,,14061552,0
2026-06-12 09:08,A,AIO,216.2,0.000987,4.0,Gate,,56622350,1
2026-06-12 09:08,A,RAVE,198.1,0.000905,4.0,OKX,,8424874,0
2026-06-12 09:08,A,CLO,196.3,0.001793,8.0,Gate,,2715223,1
2026-06-12 09:08,A,VELVET,178.3,0.000814,4.0,MEXC,,126791031,0
2026-06-12 09:08,A,FIGHT,127.9,0.000584,4.0,Bitget,,2293722,1
2026-06-12 09:08,A,UB,121.1,0.000553,4.0,Bitget,,33340274,0
2026-06-12 09:08,A,BTW,112.3,0.000513,4.0,Gate,,11933892,0
2026-06-12 09:08,A,LITE,109.5,0.001000,8.0,Bitget,,53237279,0
2026-06-12 09:08,A,RKLB,109.5,0.001000,8.0,Bitget,,57809731,0
2026-06-12 09:08,A,COHR,109.5,0.001000,8.0,Bitget,,12476741,0
2026-06-12 09:08,A,CRWV,109.5,0.001000,8.0,Bitget,,6653483,0
2026-06-12 09:08,B,SOL,-22.0,-0.000201,8.0,Gate,,1299718973,1
2026-06-12 09:08,B,HOME,-3652.9,-0.004170,1.0,MEXC,,26784572,0
2026-06-12 09:08,B,STG,-2013.7,-0.018390,8.0,MEXC,,38734688,0
2026-06-12 09:08,B,ID,-1705.8,-0.007789,4.0,Bitget,,12569747,0
2026-06-12 09:08,B,ESPORTS,-1100.5,-0.005025,4.0,Bitget,,24281279,1
2026-06-12 09:08,B,ASTR,-770.7,-0.007038,8.0,Gate,,4172216,1
2026-06-12 09:08,B,SAHARA,-706.7,-0.003227,4.0,MEXC,,18829783,0
2026-06-12 09:08,B,SIREN,-491.9,-0.002246,4.0,MEXC,,6672393,0
2026-06-12 09:08,B,FIDA,-433.0,-0.001977,4.0,Bitget,,5234354,0
2026-06-12 09:08,B,PLAY,-260.2,-0.000297,1.0,Gate,,5764488,0
2026-06-12 09:08,C,ESPORTS,2005.8,0.009159,4.0,MEXC,3106.3,24281279,1
2026-06-12 09:08,C,ID,-1022.3,-0.004668,4.0,MEXC,683.5,12569747,0
2026-06-12 09:08,C,STG,-1521.0,-0.013890,8.0,Gate,492.8,38734688,0
2026-06-12 09:08,C,BEAT,1007.8,0.009204,8.0,Gate,458.0,1208410174,0
2026-06-12 09:08,C,SAHARA,-347.3,-0.001586,4.0,Bitget,359.4,18829783,1
2026-06-12 09:08,C,HOME,-3324.4,-0.003795,1.0,Gate,328.5,26784572,0
2026-06-12 09:08,C,PLAY,10.5,0.000012,1.0,MEXC,270.7,5764488,0
2026-06-12 09:08,C,SIREN,-225.6,-0.001030,4.0,Bitget,266.3,6672393,1
2026-06-12 09:08,C,VELVET,178.3,0.000814,4.0,MEXC,238.5,126791031,0
2026-06-12 09:08,C,LAB,230.8,0.001054,4.0,Bitget,231.2,212460670,0
2026-06-12 09:08,C,AIO,216.2,0.000987,4.0,Gate,205.2,56622350,1
2026-06-12 09:08,C,RAVE,198.1,0.000905,4.0,OKX,187.2,8424874,1
2026-06-12 14:02,A,BEAT,450.7,0.002058,4.0,Bitget,,1070697283,0
2026-06-12 14:02,A,INX,332.7,0.001519,4.0,Bitget,,2278915,1
2026-06-12 14:02,A,SKYAI,166.0,0.000758,4.0,Bitget,,15355919,1
2026-06-12 14:02,A,VELVET,97.7,0.000446,4.0,Gate,,139099706,1
2026-06-12 14:02,A,CL,90.8,0.000414,4.0,OKX,,154188375,1
2026-06-12 14:02,A,JCT,88.5,0.000404,4.0,Bitget,,2303386,1
2026-06-12 14:02,A,ESPORTS,83.9,0.000383,4.0,Gate,,30600126,0
2026-06-12 14:02,A,FOLKS,83.0,0.000379,4.0,MEXC,,5248958,0
2026-06-12 14:02,A,BTW,82.1,0.000375,4.0,Gate,,9502073,0
2026-06-12 14:02,A,LAB,80.8,0.000369,4.0,Bitget,,252166119,0
2026-06-12 14:02,B,SOL,-13.0,-0.000118,8.0,OKX,,1232885195,0
2026-06-12 14:02,B,HOME,-3853.5,-0.004399,1.0,MEXC,,25674170,1
2026-06-12 14:02,B,ESPORTS,-2582.0,-0.011790,4.0,Bitget,,30600126,1
2026-06-12 14:02,B,SOPH,-1974.9,-0.009018,4.0,Bitget,,6299272,1
2026-06-12 14:02,B,STG,-1897.2,-0.017326,8.0,Gate,,47122371,1
2026-06-12 14:02,B,ID,-979.8,-0.004474,4.0,Gate,,12447053,0
2026-06-12 14:02,B,ASTR,-500.5,-0.004571,8.0,MEXC,,2811851,0
2026-06-12 14:02,B,SAHARA,-374.9,-0.001712,4.0,MEXC,,16073539,0
2026-06-12 14:02,B,FIDA,-343.0,-0.001566,4.0,MEXC,,5731876,0
2026-06-12 14:02,B,INFQ,-337.2,-0.003079,8.0,Gate,,7786362,1
2026-06-12 14:02,C,BEAT,450.7,0.002058,4.0,Bitget,432.0,1070697283,0
2026-06-12 14:02,C,HOME,-3571.5,-0.004077,1.0,Bitget,282.1,25674170,1
2026-06-12 14:02,C,STG,-1642.5,-0.015000,8.0,Bitget,254.7,47122371,1
2026-06-12 14:02,C,ASTR,-255.8,-0.002336,8.0,Bitget,244.7,2811851,1
2026-06-12 14:02,C,ID,-738.7,-0.003373,4.0,MEXC,241.1,12447053,1
2026-06-12 14:02,C,XMR,20.1,0.000184,8.0,Bitget,198.0,17425402,1
2026-06-12 14:02,C,OPG,11.0,0.000050,4.0,OKX,185.5,5868663,0
2026-06-12 18:10,A,PLAY,1674.0,0.001911,1.0,MEXC,,4801572,1
2026-06-12 18:10,A,BEAT,464.9,0.002123,4.0,OKX,,1090538697,1
2026-06-12 18:10,A,SKYAI,225.4,0.001029,4.0,Bitget,,16898749,0
2026-06-12 18:10,A,FOLKS,167.6,0.001531,8.0,Gate,,5007026,1
2026-06-12 18:10,A,AIO,123.3,0.000563,4.0,Gate,,32734210,1
2026-06-12 18:10,A,CL,115.4,0.000527,4.0,Bitget,,168073257,0
2026-06-12 18:10,A,LAB,112.3,0.000513,4.0,Bitget,,237313455,1
2026-06-12 18:10,A,RAVE,100.8,0.000460,4.0,OKX,,9481472,0
2026-06-12 18:10,B,SOL,-13.8,-0.000126,8.0,Gate,,1271705886,1
2026-06-12 18:10,B,ETH,-13.6,-0.000124,8.0,Gate,,6688824712,1
2026-06-12 18:10,B,HOME,-4607.8,-0.005260,1.0,MEXC,,20115527,0
2026-06-12 18:10,B,ESPORTS,-4380.0,-0.020000,4.0,Bitget,,38092463,1
2026-06-12 18:10,B,STG,-1769.3,-0.016158,8.0,Gate,,51382657,0
2026-06-12 18:10,B,HIGH,-1031.8,-0.009423,8.0,MEXC,,2082455,1
2026-06-12 18:10,B,SOPH,-904.2,-0.004129,4.0,OKX,,7979538,0
2026-06-12 18:10,B,SAHARA,-487.9,-0.002228,4.0,MEXC,,14089036,1
2026-06-12 18:10,B,ID,-413.3,-0.001887,4.0,Gate,,8437551,0
2026-06-12 18:10,B,FIDA,-289.7,-0.001323,4.0,Bitget,,5657861,0
2026-06-12 18:10,B,PROS,-245.9,-0.001123,4.0,Bitget,,3679030,0
2026-06-12 18:10,C,PLAY,1674.0,0.001911,1.0,MEXC,1639.0,4801572,1
2026-06-12 18:10,C,HIGH,-108.3,-0.000989,8.0,Gate,923.5,2082455,1
2026-06-12 18:10,C,HOME,-4049.7,-0.004623,1.0,Gate,558.0,20115527,1
2026-06-12 18:10,C,NAORIS,454.6,0.002076,4.0,Gate,443.7,3577535,1
2026-06-12 18:10,C,BEAT,464.9,0.002123,4.0,OKX,322.3,1090538697,1
2026-06-12 18:10,C,STG,-1546.9,-0.014127,8.0,MEXC,222.4,51382657,0
2026-06-12 18:10,C,SKYAI,225.4,0.001029,4.0,Bitget,172.4,16898749,0
2026-06-12 18:10,C,SAHARA,-320.6,-0.001464,4.0,OKX,167.4,14089036,0
2026-06-12 18:10,C,ID,-258.2,-0.001179,4.0,MEXC,155.1,8437551,0
2026-06-12 21:31,A,BEAT,800.4,0.003655,4.0,OKX,,1035920296,1
2026-06-12 21:31,A,PLAY,425.7,0.001944,4.0,MEXC,,5106821,0
2026-06-12 21:31,A,SKYAI,348.4,0.001591,4.0,Gate,,18533546,1
2026-06-12 21:31,A,GWEI,329.8,0.001506,4.0,Bitget,,2074001,1
2026-06-12 21:31,A,POWER,191.0,0.000872,4.0,Bitget,,2842806,1
2026-06-12 21:31,A,FOLKS,183.5,0.000838,4.0,MEXC,,5065537,0
2026-06-12 21:31,A,LAB,111.5,0.000509,4.0,Bitget,,240667714,0
2026-06-12 21:31,A,DEXE,110.8,0.000506,4.0,Bitget,,2003921,1
2026-06-12 21:31,A,SOON,106.2,0.000485,4.0,OKX,,2145647,0
2026-06-12 21:31,A,RAVE,97.8,0.000447,4.0,OKX,,9498745,0
2026-06-12 21:31,A,POET,88.5,0.000808,8.0,Bitget,,4688808,0
2026-06-12 21:31,B,HOME,-3394.5,-0.003875,1.0,MEXC,,18830362,0
2026-06-12 21:31,B,STG,-1068.8,-0.009761,8.0,MEXC,,55344116,0
2026-06-12 21:31,B,ESPORTS,-691.2,-0.003156,4.0,Bitget,,47865518,0
2026-06-12 21:31,B,SAHARA,-659.8,-0.003013,4.0,MEXC,,11943702,0
2026-06-12 21:31,B,SIREN,-403.0,-0.001840,4.0,Gate,,5600692,1
2026-06-12 21:31,B,TRUMPOFFICIAL,-382.4,-0.001746,4.0,MEXC,,14884704,1
2026-06-12 21:31,B,TRUMP,-368.0,-0.001681,4.0,OKX,,207013922,1
2026-06-12 21:31,B,ID,-261.0,-0.001192,4.0,Gate,,7367753,1
2026-06-12 21:31,B,SOPH,-251.1,-0.001147,4.0,OKX,,8198064,0
2026-06-12 21:31,C,BEAT,800.4,0.003655,4.0,OKX,807.6,1035920296,1
2026-06-12 21:31,C,SIREN,-113.7,-0.000519,4.0,MEXC,289.3,5600692,1
2026-06-12 21:31,C,TRUMP,-94.2,-0.000430,4.0,Gate,273.9,207013922,1
2026-06-12 21:31,C,SOPH,11.0,0.000050,4.0,Bitget,262.1,8198064,1
2026-06-12 21:31,C,SKYAI,348.4,0.001591,4.0,Gate,249.9,18533546,1
2026-06-12 21:31,C,NAORIS,236.7,0.001081,4.0,Gate,225.8,6532552,0
2026-06-12 21:31,C,SAHARA,-450.5,-0.002057,4.0,Bitget,209.4,11943702,0
2026-06-12 21:31,C,PLAY,425.7,0.001944,4.0,MEXC,188.3,5106821,0
2026-06-12 21:31,C,STG,-914.7,-0.008353,8.0,Bitget,154.2,55344116,0
2026-06-13 00:53,A,PLAY,566.8,0.000647,1.0,Gate,,5530439,0
2026-06-13 00:53,A,BEAT,262.4,0.001198,4.0,OKX,,1179681065,0
2026-06-13 00:53,A,GWEI,211.8,0.000967,4.0,Bitget,,2230874,0
2026-06-13 00:53,A,LAB,152.4,0.000696,4.0,Bitget,,173413939,0
2026-06-13 00:53,A,SKYAI,148.5,0.000678,4.0,Bitget,,19373444,0
2026-06-13 00:53,A,ESPORTS,132.1,0.000603,4.0,MEXC,,63451586,1
2026-06-13 00:53,A,NAORIS,131.6,0.000601,4.0,Gate,,9153707,1
2026-06-13 00:53,A,POET,109.5,0.001000,8.0,Bitget,,5132524,1
2026-06-13 00:53,A,OUST,109.5,0.001000,8.0,Bitget,,3463550,1
2026-06-13 00:53,A,SATL,109.5,0.001000,8.0,Bitget,,4046131,1
2026-06-13 00:53,A,KOPN,109.5,0.001000,8.0,Bitget,,4792040,0
2026-06-13 00:53,A,FOLKS,96.6,0.000441,4.0,MEXC,,4565708,0
2026-06-13 00:53,A,PL,87.3,0.000797,8.0,Bitget,,3399659,0
2026-06-13 00:53,A,SMR,83.0,0.000758,8.0,Bitget,,2658488,0
2026-06-13 00:53,B,HOME,-2269.7,-0.002591,1.0,MEXC,,19639535,1
2026-06-13 00:53,B,ESPORTS,-1614.2,-0.007371,4.0,Bitget,,63451586,0
2026-06-13 00:53,B,ENJ,-810.1,-0.003699,4.0,MEXC,,7196610,1
2026-06-13 00:53,B,STG,-736.2,-0.006723,8.0,Gate,,58237759,1
2026-06-13 00:53,B,SAHARA,-523.0,-0.002388,4.0,MEXC,,11674212,0
2026-06-13 00:53,B,ID,-470.6,-0.002149,4.0,MEXC,,5802821,1
2026-06-13 00:53,B,SIREN,-251.8,-0.001150,4.0,Gate,,5858841,0
2026-06-13 00:53,B,FIDA,-238.5,-0.001089,4.0,MEXC,,2871506,1
2026-06-13 00:53,B,SOPH,-208.9,-0.000954,4.0,MEXC,,8499128,0
2026-06-13 00:53,C,BEAT,262.4,0.001198,4.0,OKX,294.8,1179681065,0
2026-06-13 00:53,C,SAHARA,-347.0,-0.001585,4.0,OKX,176.0,11674212,1
2026-06-13 03:19,A,PLAY,874.2,0.000998,1.0,Gate,,9287843,1
2026-06-13 03:19,A,BEAT,253.1,0.001156,4.0,OKX,,1170171430,0
2026-06-13 03:19,A,VELVET,243.5,0.001112,4.0,Gate,,198526367,1
2026-06-13 03:19,A,GWEI,221.0,0.001009,4.0,Bitget,,2211138,0
2026-06-13 03:19,A,DEXE,152.4,0.000696,4.0,Bitget,,2012220,0
2026-06-13 03:19,A,NAORIS,150.9,0.000689,4.0,Gate,,11444879,0
2026-06-13 03:19,A,SKYAI,126.8,0.000579,4.0,MEXC,,18793068,0
2026-06-13 03:19,A,LAB,113.0,0.000516,4.0,Bitget,,147710648,1
2026-06-13 03:19,A,FOLKS,94.8,0.000866,8.0,Gate,,4335457,1
2026-06-13 03:19,B,STG,-2299.5,-0.021000,8.0,Bitget,,59847908,1
2026-06-13 03:19,B,HOME,-2161.1,-0.002467,1.0,MEXC,,22388914,0
2026-06-13 03:19,B,ESPORTS,-1544.2,-0.007051,4.0,Bitget,,65769973,1
2026-06-13 03:19,B,ENJ,-633.3,-0.002892,4.0,MEXC,,10367753,0
2026-06-13 03:19,B,SAHARA,-414.8,-0.001894,4.0,MEXC,,10952212,1
2026-06-13 03:19,B,ID,-355.7,-0.001624,4.0,Gate,,4699451,0
2026-06-13 03:19,B,SOPH,-255.0,-0.001164,4.0,OKX,,8542837,1
2026-06-13 03:19,B,FIDA,-238.3,-0.001088,4.0,MEXC,,2674753,0
2026-06-13 03:19,C,STG,-1449.6,-0.013238,8.0,MEXC,849.9,59847908,1
2026-06-13 03:19,C,HOME,-1867.8,-0.002132,1.0,OKX,293.3,22388914,1
2026-06-13 03:19,C,SOPH,11.0,0.000050,4.0,Bitget,265.9,8542837,0
2026-06-13 03:19,C,VELVET,243.5,0.001112,4.0,Gate,263.0,198526367,1
2026-06-13 03:19,C,BEAT,253.1,0.001156,4.0,OKX,242.1,1170171430,0
2026-06-13 03:19,C,PLAY,874.2,0.000998,1.0,Gate,176.1,9287843,1
2026-06-13 05:55,A,PLAY,296.1,0.000338,1.0,Gate,,10275019,0
2026-06-13 05:55,A,VELVET,214.4,0.000979,4.0,MEXC,,184735897,0
2026-06-13 05:55,A,ESPORTS,164.3,0.000750,4.0,MEXC,,70010827,0
2026-06-13 05:55,A,NAORIS,122.9,0.000561,4.0,Gate,,11379362,0
2026-06-13 05:55,A,SKYAI,122.6,0.000560,4.0,MEXC,,18494262,1
2026-06-13 05:55,A,CL,121.8,0.000556,4.0,Bitget,,149717941,1
2026-06-13 05:55,A,FOLKS,119.4,0.000545,4.0,Bitget,,3929676,0
2026-06-13 05:55,A,EPIC,105.8,0.000483,4.0,Gate,,28195984,1
2026-06-13 05:55,A,POWER,99.9,0.000456,4.0,Bitget,,2228044,1
2026-06-13 05:55,B,ORCA,-2285.3,-0.010435,4.0,Bitget,,4851914,1
2026-06-13 05:55,B,ESPORTS,-2115.1,-0.009658,4.0,Bitget,,70010827,0
2026-06-13 05:55,B,HOME,-1914.9,-0.002186,1.0,Bitget,,21088158,0
2026-06-13 05:55,B,STG,-1672.0,-0.015269,8.0,MEXC,,60113918,0
2026-06-13 05:55,B,SAHARA,-427.7,-0.001953,4.0,MEXC,,11037930,0
2026-06-13 05:55,B,ID,-387.0,-0.001767,4.0,Gate,,4254738,0
2026-06-13 05:55,B,ENJ,-316.0,-0.001443,4.0,Bitget,,11489014,0
2026-06-13 05:55,B,SOPH,-226.9,-0.001036,4.0,MEXC,,8591131,0
2026-06-13 05:55,C,ORCA,-1805.0,-0.008242,4.0,MEXC,480.3,4851914,1
2026-06-13 05:55,C,HOME,-1702.1,-0.001943,1.0,OKX,212.8,21088158,0
2026-06-13 05:55,C,VELVET,214.4,0.000979,4.0,MEXC,203.5,184735897,0
2026-06-13 05:55,C,STG,-1498.6,-0.013686,8.0,Gate,173.3,60113918,0
2026-06-13 05:55,C,AIN,165.1,0.000754,4.0,MEXC,154.2,2505833,1
2026-06-13 07:45,A,PLAY,203.9,0.000931,4.0,MEXC,,10773314,0
2026-06-13 07:45,A,POWER,150.0,0.000685,4.0,Bitget,,2236048,1
2026-06-13 07:45,A,LAB,119.1,0.000544,4.0,Bitget,,135271711,0
2026-06-13 07:45,A,GWEI,117.4,0.000536,4.0,Bitget,,2210993,1
2026-06-13 07:45,A,SKYAI,108.6,0.000496,4.0,MEXC,,18410653,0
2026-06-13 07:45,A,NAORIS,90.0,0.000411,4.0,Gate,,11524166,0
2026-06-13 07:45,A,ESPORTS,84.5,0.000386,4.0,MEXC,,70247129,0
2026-06-13 07:45,B,ESPORTS,-4380.0,-0.020000,4.0,Bitget,,70247129,1
2026-06-13 07:45,B,HOME,-1722.2,-0.001966,1.0,Bitget,,21459799,0
2026-06-13 07:45,B,STG,-1520.6,-0.013887,8.0,MEXC,,56229441,0
2026-06-13 07:45,B,ORCA,-979.6,-0.004473,4.0,MEXC,,5654181,0
2026-06-13 07:45,B,SAHARA,-607.7,-0.002775,4.0,MEXC,,10324265,0
2026-06-13 07:45,B,BEAT,-266.5,-0.001217,4.0,OKX,,835032008,1
2026-06-13 07:45,B,SOPH,-262.0,-0.001196,4.0,OKX,,8737889,0
2026-06-13 07:45,B,ID,-256.4,-0.001171,4.0,MEXC,,3971213,0
2026-06-13 07:45,B,FIDA,-201.7,-0.000921,4.0,Gate,,2368214,0
2026-06-13 07:45,C,ORCA,-586.9,-0.002680,4.0,Gate,392.7,5654181,0
2026-06-13 07:45,C,HOME,-1427.0,-0.001629,1.0,MEXC,295.2,21459799,0
2026-06-13 07:45,C,BEAT,11.0,0.000050,4.0,MEXC,277.5,835032008,1
2026-06-13 07:45,C,SAHARA,-445.6,-0.004069,8.0,Gate,162.2,10324265,0
2026-06-13 10:33,A,PLAY,228.6,0.000261,1.0,Gate,,11018795,0
2026-06-13 10:33,A,LAB,118.3,0.000540,4.0,Bitget,,132038524,0
2026-06-13 10:33,A,EPIC,116.5,0.000532,4.0,Bitget,,28020095,0
2026-06-13 10:33,A,BEAT,94.6,0.000432,4.0,MEXC,,854656737,1
2026-06-13 10:33,A,VELVET,87.6,0.000400,4.0,Bitget,,179526697,0
2026-06-13 10:33,B,ESPORTS,-4380.0,-0.020000,4.0,Bitget,,65379547,0
2026-06-13 10:33,B,SOPH,-2547.6,-0.011633,4.0,Bitget,,8769865,1
2026-06-13 10:33,B,STG,-1992.5,-0.018196,8.0,Gate,,52996151,0
2026-06-13 10:33,B,HOME,-1677.5,-0.001915,1.0,Bitget,,20561477,1
2026-06-13 10:33,B,SIREN,-1369.6,-0.006254,4.0,Gate,,5255239,1
2026-06-13 10:33,B,ICX,-569.0,-0.005196,8.0,Gate,,2048089,1
2026-06-13 10:33,B,SAHARA,-550.8,-0.002515,4.0,MEXC,,9500916,0
2026-06-13 10:33,B,ID,-413.0,-0.001886,4.0,MEXC,,3473496,1
2026-06-13 10:33,B,ENSO,-361.1,-0.001649,4.0,Bitget,,16734194,0
2026-06-13 10:33,B,ORCA,-284.7,-0.001300,4.0,MEXC,,7233648,0
2026-06-13 10:33,B,SPCX,-251.0,-0.002292,8.0,Gate,,1420937639,0
2026-06-13 10:33,C,SIREN,-659.6,-0.003012,4.0,MEXC,710.0,5255239,1
2026-06-13 10:33,C,STG,-1467.8,-0.013405,8.0,MEXC,524.6,52996151,0
2026-06-13 10:33,C,SAHARA,-235.2,-0.002148,8.0,Gate,315.6,9500916,1
2026-06-13 10:33,C,HOME,-1404.2,-0.001603,1.0,MEXC,273.3,20561477,0
2026-06-13 10:33,C,SPCX,0.0,0.000000,8.0,Bitget,251.0,1420937639,1
2026-06-13 10:33,C,BEAT,94.6,0.000432,4.0,MEXC,170.4,854656737,0
2026-06-13 10:33,C,ENSO,-194.2,-0.000887,4.0,OKX,166.9,16734194,1
2026-06-13 15:01,A,SIREN,420.3,0.001919,4.0,Gate,,25039398,1
2026-06-13 15:01,A,SKYAI,204.5,0.000934,4.0,Gate,,17941771,1
2026-06-13 15:01,A,PLAY,178.7,0.000816,4.0,MEXC,,10800365,1
2026-06-13 15:01,A,LAB,85.6,0.000391,4.0,Bitget,,94548172,1
2026-06-13 15:01,B,STG,-2233.4,-0.020396,8.0,Bitget,,51620810,1
2026-06-13 15:01,B,HOME,-1284.2,-0.001466,1.0,MEXC,,18086579,0
2026-06-13 15:01,B,SOPH,-701.0,-0.003201,4.0,OKX,,6929132,0
2026-06-13 15:01,B,ENJ,-692.0,-0.003160,4.0,Bitget,,13904610,1
2026-06-13 15:01,B,ESPORTS,-659.0,-0.003009,4.0,MEXC,,77180418,0
2026-06-13 15:01,B,SAHARA,-284.7,-0.001300,4.0,MEXC,,8867276,1
2026-06-13 15:01,B,SPCX,-277.4,-0.002533,8.0,Gate,,1389136126,1
2026-06-13 15:01,C,ESPORTS,-16.2,-0.000074,4.0,Bitget,642.8,77180418,1
2026-06-13 15:01,C,SIREN,420.3,0.001919,4.0,Gate,297.6,25039398,0
2026-06-13 15:01,C,SPCX,0.0,0.000000,8.0,OKX,277.4,1389136126,0
2026-06-13 15:01,C,SOPH,-469.3,-0.002143,4.0,Bitget,231.7,6929132,1
2026-06-13 15:01,C,JCT,232.8,0.001063,4.0,Gate,221.8,4310326,1
2026-06-13 15:01,C,PLAY,178.7,0.000816,4.0,MEXC,168.2,10800365,1
2026-06-13 18:32,A,SIREN,394.4,0.001801,4.0,Gate,,38942342,0
2026-06-13 18:32,A,JCT,250.1,0.001142,4.0,MEXC,,8595615,1
2026-06-13 18:32,A,PLAY,246.8,0.001127,4.0,MEXC,,11246263,0
2026-06-13 18:32,A,SKYAI,124.8,0.000570,4.0,Gate,,19958569,0
2026-06-13 18:32,A,FOLKS,122.6,0.000560,4.0,Bitget,,2655398,1
2026-06-13 18:32,A,LAB,118.5,0.000541,4.0,Bitget,,75880580,0
2026-06-13 18:32,B,SOL,-11.2,-0.000102,8.0,Gate,,1047369943,1
2026-06-13 18:32,B,STG,-18396.0,-0.021000,1.0,Bitget,,51584441,1
2026-06-13 18:32,B,ESPORTS,-2394.3,-0.010933,4.0,Gate,,77610474,1
2026-06-13 18:32,B,HOME,-1344.7,-0.001535,1.0,Gate,,16220353,0
2026-06-13 18:32,B,AXL,-872.9,-0.003986,4.0,Bitget,,2291133,1
2026-06-13 18:32,B,ENJ,-491.4,-0.002244,4.0,Bitget,,14063812,0
2026-06-13 18:32,B,RIF,-373.2,-0.001704,4.0,Gate,,2398529,1
2026-06-13 18:32,B,SAHARA,-319.5,-0.001459,4.0,MEXC,,7823946,0
2026-06-13 18:32,B,ORCA,-261.9,-0.001196,4.0,MEXC,,8474071,0
2026-06-13 18:32,B,SOPH,-219.9,-0.001004,4.0,MEXC,,5862728,0
2026-06-13 18:32,C,STG,-17520.0,-0.020000,1.0,Gate,876.0,51584441,1
2026-06-13 18:32,C,ESPORTS,-1594.8,-0.007282,4.0,Bitget,799.6,77610474,0
2026-06-13 18:32,C,HOME,-1022.3,-0.004668,4.0,OKX,322.3,16220353,1
2026-06-13 18:32,C,JCT,250.1,0.001142,4.0,MEXC,239.1,8595615,0
2026-06-13 18:32,C,SIREN,394.4,0.001801,4.0,Gate,212.4,38942342,0
2026-06-13 18:32,C,RIF,-192.9,-0.000881,4.0,MEXC,180.2,2398529,1
2026-06-13 18:32,C,BEAT,11.0,0.000050,4.0,MEXC,151.4,851297618,1
2026-06-13 20:31,A,SIREN,605.5,0.002765,4.0,Gate,,43120165,0
2026-06-13 20:31,A,PLAY,497.6,0.000568,1.0,Gate,,11118565,1
2026-06-13 20:31,A,JCT,263.2,0.001202,4.0,MEXC,,11102439,0
2026-06-13 20:31,A,SKYAI,123.7,0.000565,4.0,Gate,,19150892,0
2026-06-13 20:31,A,DEXE,109.7,0.000501,4.0,Gate,,5550241,1
2026-06-13 20:31,A,LAB,101.4,0.000463,4.0,Bitget,,79564614,0
2026-06-13 20:31,A,EPIC,101.0,0.000461,4.0,Gate,,20914030,1
2026-06-13 20:31,B,STG,-16354.0,-0.018669,1.0,MEXC,,53307698,0
2026-06-13 20:31,B,HOME,-5208.7,-0.005946,1.0,MEXC,,19266456,1
2026-06-13 20:31,B,ESPORTS,-3697.8,-0.016885,4.0,MEXC,,81980364,1
2026-06-13 20:31,B,AXL,-563.3,-0.002572,4.0,MEXC,,2445256,0
2026-06-13 20:31,B,ENJ,-328.9,-0.001502,4.0,MEXC,,14236905,0
2026-06-13 20:31,B,SAHARA,-289.7,-0.001323,4.0,MEXC,,7545811,0
2026-06-13 20:31,B,ID,-205.4,-0.000938,4.0,MEXC,,2367359,1
2026-06-13 20:31,C,HOME,-2190.0,-0.010000,4.0,OKX,3018.7,19266456,1
2026-06-13 20:31,C,ESPORTS,-2134.6,-0.009747,4.0,Bitget,1563.2,81980364,1
2026-06-13 20:31,C,STG,-15308.1,-0.017475,1.0,Bitget,1045.9,53307698,0
2026-06-13 20:31,C,JCT,263.2,0.001202,4.0,MEXC,252.3,11102439,0
2026-06-13 20:31,C,PLAY,497.6,0.000568,1.0,Gate,228.0,11118565,0
2026-06-13 20:31,C,SIREN,605.5,0.002765,4.0,Gate,222.9,43120165,1
2026-06-13 20:31,C,BEAT,11.0,0.000100,8.0,Gate,194.3,765778564,0
2026-06-13 22:12,A,PLAY,527.4,0.002408,4.0,MEXC,,11187243,0
2026-06-13 22:12,A,SIREN,298.9,0.001365,4.0,Gate,,44298802,0
2026-06-13 22:12,A,JCT,224.0,0.001023,4.0,Gate,,20589263,0
2026-06-13 22:12,A,EPIC,81.2,0.000371,4.0,Gate,,18687106,0
2026-06-13 22:12,B,STG,-16070.2,-0.018345,1.0,Gate,,54180246,0
2026-06-13 22:12,B,ESPORTS,-4380.0,-0.020000,4.0,MEXC,,84374548,0
2026-06-13 22:12,B,HOME,-1512.0,-0.001726,1.0,Bitget,,19460178,0
2026-06-13 22:12,B,ID,-411.9,-0.001881,4.0,Bitget,,2325605,1
2026-06-13 22:12,B,AXL,-404.7,-0.001848,4.0,MEXC,,2568418,0
2026-06-13 22:12,B,SAHARA,-342.5,-0.001564,4.0,MEXC,,7440442,0
2026-06-13 22:12,B,MOVE,-281.4,-0.001285,4.0,MEXC,,2116703,1
2026-06-13 22:12,B,ENJ,-217.0,-0.000991,4.0,MEXC,,12759375,0
2026-06-13 22:12,B,RIF,-211.3,-0.000965,4.0,Gate,,4205790,0
2026-06-13 22:12,C,STG,-14031.8,-0.016018,1.0,MEXC,2038.5,54180246,1
2026-06-13 22:12,C,ESPORTS,-2772.8,-0.012661,4.0,Bitget,1607.2,84374548,0
2026-06-13 22:12,C,HOME,-1154.6,-0.002636,2.0,OKX,357.4,19460178,0
2026-06-13 22:12,C,JCT,224.0,0.001023,4.0,Gate,213.1,20589263,0
2026-06-13 22:12,C,PLAY,527.4,0.002408,4.0,MEXC,195.3,11187243,0
2026-06-13 22:12,C,BEAT,11.0,0.000050,4.0,MEXC,191.8,831773902,0
2026-06-13 22:12,C,RIF,-36.8,-0.000168,4.0,MEXC,174.5,4205790,0
2026-06-14 00:21,A,SIREN,340.3,0.001554,4.0,Gate,,46182161,1
2026-06-14 00:21,A,PLAY,325.7,0.001487,4.0,MEXC,,10784128,0
2026-06-14 00:21,A,JCT,259.5,0.001185,4.0,Gate,,24564345,0
2026-06-14 00:21,A,EPIC,148.9,0.000680,4.0,Gate,,15184405,0
2026-06-14 00:21,A,SKYAI,90.0,0.000411,4.0,Gate,,18082910,1
2026-06-14 00:21,A,COAI,89.7,0.000819,8.0,Gate,,73532902,1
2026-06-14 00:21,A,LAB,81.7,0.000373,4.0,Gate,,73823143,1
2026-06-14 00:21,B,STG,-6146.9,-0.007017,1.0,MEXC,,53518380,0
2026-06-14 00:21,B,HOME,-2267.1,-0.002588,1.0,MEXC,,19812225,0
2026-06-14 00:21,B,ESPORTS,-2053.6,-0.009377,4.0,MEXC,,77576385,0
2026-06-14 00:21,B,SAHARA,-469.8,-0.002145,4.0,MEXC,,7042957,1
2026-06-14 00:21,B,RIF,-376.9,-0.001721,4.0,Gate,,5443925,0
2026-06-14 00:21,B,BEAT,-268.5,-0.001226,4.0,OKX,,728130649,1
2026-06-14 00:21,B,AXL,-267.8,-0.001223,4.0,Bitget,,2599160,0
2026-06-14 00:21,B,ENJ,-252.3,-0.001152,4.0,MEXC,,9162459,1
2026-06-14 00:21,C,STG,-4731.3,-0.005401,1.0,Bitget,1415.6,53518380,0
2026-06-14 00:21,C,ESPORTS,-1361.5,-0.006217,4.0,Bitget,692.0,77576385,0
2026-06-14 00:21,C,HOME,-1791.4,-0.002045,1.0,Bitget,475.7,19812225,0
2026-06-14 00:21,C,RIF,-69.2,-0.000316,4.0,MEXC,307.7,5443925,1
2026-06-14 00:21,C,BEAT,11.0,0.000050,4.0,MEXC,279.4,728130649,1
2026-06-14 00:21,C,JCT,259.5,0.001185,4.0,Gate,248.6,24564345,1
2026-06-14 00:21,C,SIREN,340.3,0.001554,4.0,Gate,185.9,46182161,0
2026-06-14 00:21,C,PLAY,325.7,0.001487,4.0,MEXC,167.1,10784128,1
2026-06-14 02:01,A,SIREN,472.2,0.002156,4.0,Gate,,47173505,0
2026-06-14 02:01,A,PLAY,174.3,0.000796,4.0,MEXC,,9198893,0
2026-06-14 02:01,A,BTW,140.8,0.000643,4.0,Bitget,,2436471,1
2026-06-14 02:01,A,JCT,132.1,0.000603,4.0,Gate,,26105331,0
2026-06-14 02:01,A,COAI,115.9,0.000529,4.0,OKX,,121725264,0
2026-06-14 02:01,A,DEXE,86.5,0.000395,4.0,Bitget,,5896759,0
2026-06-14 02:01,A,GWEI,86.1,0.000393,4.0,Bitget,,6259444,1
2026-06-14 02:01,A,BILL,83.8,0.000383,4.0,OKX,,9566175,1
2026-06-14 02:01,B,BTC,-11.9,-0.000109,8.0,Bitget,,3206595883,1
2026-06-14 02:01,B,STG,-3400.6,-0.003882,1.0,MEXC,,52366772,0
2026-06-14 02:01,B,HOME,-1879.0,-0.002145,1.0,MEXC,,18553940,0
2026-06-14 02:01,B,ESPORTS,-1235.6,-0.005642,4.0,Gate,,73247905,0
2026-06-14 02:01,B,AXL,-392.9,-0.001794,4.0,Bitget,,2655503,0
2026-06-14 02:01,B,SAHARA,-383.7,-0.001752,4.0,MEXC,,6824305,0
2026-06-14 02:01,B,ENJ,-369.7,-0.001688,4.0,Bitget,,7580153,0
2026-06-14 02:01,B,RIF,-345.1,-0.001576,4.0,Gate,,5926657,0
2026-06-14 02:01,C,STG,-2416.9,-0.002759,1.0,Bitget,983.7,52366772,0
2026-06-14 02:01,C,HOME,-1364.8,-0.001558,1.0,Bitget,514.2,18553940,0
2026-06-14 02:01,C,ESPORTS,-836.8,-0.003821,4.0,Bitget,398.8,73247905,0
2026-06-14 02:01,C,RIF,-91.1,-0.000416,4.0,MEXC,254.0,5926657,0
2026-06-14 02:01,C,SIREN,472.2,0.002156,4.0,Gate,228.2,47173505,0
2026-06-14 02:01,C,SAHARA,-175.5,-0.001603,8.0,Gate,208.2,6824305,1
2026-06-14 02:01,C,PLAY,174.3,0.000796,4.0,MEXC,157.7,9198893,0
2026-06-14 03:22,A,SIREN,392.7,0.001793,4.0,Gate,,47455661,0
2026-06-14 03:22,A,EPIC,190.3,0.000869,4.0,Gate,,14928047,1
2026-06-14 03:22,A,JCT,174.8,0.000798,4.0,Gate,,27404363,1
2026-06-14 03:22,A,PLAY,168.2,0.000768,4.0,MEXC,,6283705,0
2026-06-14 03:22,A,COAI,117.0,0.000534,4.0,OKX,,134630990,0
2026-06-14 03:22,A,SKYAI,84.1,0.000384,4.0,Gate,,18646898,0
2026-06-14 03:22,B,HOME,-1948.2,-0.002224,1.0,Gate,,17736896,0
2026-06-14 03:22,B,STG,-1640.7,-0.001873,1.0,Gate,,52476676,1
2026-06-14 03:22,B,ESPORTS,-1563.7,-0.007140,4.0,MEXC,,73621928,0
2026-06-14 03:22,B,AXL,-928.6,-0.004240,4.0,Bitget,,2762867,1
2026-06-14 03:22,B,SAHARA,-406.9,-0.001858,4.0,MEXC,,6745462,0
2026-06-14 03:22,B,RIF,-245.1,-0.001119,4.0,Gate,,6247882,1
2026-06-14 03:22,C,ESPORTS,-722.3,-0.003298,4.0,Bitget,841.4,73621928,0
2026-06-14 03:22,C,HOME,-1515.6,-0.003460,2.0,OKX,432.6,17736896,0
2026-06-14 03:22,C,SIREN,392.7,0.001793,4.0,Gate,256.2,47455661,0
2026-06-14 03:22,C,STG,-1423.5,-0.001625,1.0,Bitget,217.2,52476676,0
2026-06-14 03:22,C,RIF,-69.6,-0.000318,4.0,MEXC,175.4,6247882,0
2026-06-14 03:22,C,SAHARA,-251.5,-0.001148,4.0,OKX,155.4,6745462,0
2026-06-14 05:06,A,SIREN,426.0,0.001945,4.0,Gate,,48042906,0
2026-06-14 05:06,A,FOLKS,333.5,0.001523,4.0,Bitget,,3365687,1
2026-06-14 05:06,A,PLAY,240.0,0.000274,1.0,Gate,,5127610,1
2026-06-14 05:06,A,EPIC,161.2,0.000736,4.0,Gate,,14995928,0
2026-06-14 05:06,A,SKYAI,156.1,0.000713,4.0,Gate,,18971807,1
2026-06-14 05:06,A,JCT,149.1,0.000681,4.0,MEXC,,28150641,0
2026-06-14 05:06,A,COAI,143.0,0.000653,4.0,OKX,,169106873,1
2026-06-14 05:06,A,LAB,135.1,0.000617,4.0,Gate,,69565215,1
2026-06-14 05:06,A,AT,89.7,0.000410,4.0,OKX,,24182706,0
2026-06-14 05:06,B,SOL,-11.2,-0.000102,8.0,MEXC,,718589625,1
2026-06-14 05:06,B,ESPORTS,-4800.5,-0.005480,1.0,Gate,,75620784,1
2026-06-14 05:06,B,STG,-3341.9,-0.003815,1.0,MEXC,,52578660,1
2026-06-14 05:06,B,HOME,-1606.6,-0.001834,1.0,Gate,,16755136,1
2026-06-14 05:06,B,AXL,-580.1,-0.002649,4.0,MEXC,,2837602,0
2026-06-14 05:06,B,SAHARA,-464.1,-0.002119,4.0,MEXC,,6202685,0
2026-06-14 05:06,C,ESPORTS,-3814.3,-0.017417,4.0,Bitget,986.2,75620784,1
2026-06-14 05:06,C,FOLKS,333.5,0.001523,4.0,Bitget,300.4,3365687,1
2026-06-14 05:06,C,STG,-3046.7,-0.003478,1.0,Bitget,295.2,52578660,0
2026-06-14 05:06,C,SIREN,426.0,0.001945,4.0,Gate,240.5,48042906,1
2026-06-14 05:06,C,HOME,-1366.4,-0.003120,2.0,OKX,240.2,16755136,1
2026-06-14 05:06,C,SAHARA,-313.5,-0.001432,4.0,OKX,150.5,6202685,0
2026-06-14 06:37,A,PLAY,207.2,0.000946,4.0,MEXC,,4744662,0
2026-06-14 06:37,A,SIREN,204.3,0.000933,4.0,Gate,,49237883,0
2026-06-14 06:37,A,JCT,179.8,0.000821,4.0,Gate,,28339222,0
2026-06-14 06:37,A,FOLKS,174.5,0.000797,4.0,Bitget,,3349373,0
2026-06-14 06:37,A,EPIC,165.1,0.000754,4.0,Gate,,15179202,0
2026-06-14 06:37,A,COAI,144.8,0.000661,4.0,OKX,,173386712,0
2026-06-14 06:37,A,SKYAI,106.7,0.000487,4.0,Gate,,19128363,0
2026-06-14 06:37,A,LAB,85.2,0.000389,4.0,Gate,,69259456,0
2026-06-14 06:37,A,BTW,81.5,0.000372,4.0,Bitget,,2664572,0
2026-06-14 06:37,B,SOL,-14.9,-0.000136,8.0,Gate,,727584759,0
2026-06-14 06:37,B,ESPORTS,-17520.0,-0.020000,1.0,Gate,,76575038,1
2026-06-14 06:37,B,STG,-4994.1,-0.005701,1.0,Gate,,52711634,0
2026-06-14 06:37,B,HOME,-1487.4,-0.001698,1.0,MEXC,,16312289,0
2026-06-14 06:37,B,SAHARA,-724.9,-0.003310,4.0,MEXC,,6534654,1
2026-06-14 06:37,B,AXL,-442.8,-0.002022,4.0,Bitget,,2920925,0
2026-06-14 06:37,B,RIF,-242.9,-0.001109,4.0,Gate,,9710868,0
2026-06-14 06:37,C,ESPORTS,-15230.1,-0.017386,1.0,Bitget,2289.9,76575038,1
2026-06-14 06:37,C,STG,-3915.7,-0.004470,1.0,MEXC,1078.4,52711634,1
2026-06-14 06:37,C,SAHARA,-416.1,-0.003800,8.0,Gate,308.8,6534654,0
2026-06-14 06:37,C,HOME,-1252.7,-0.001430,1.0,Bitget,234.8,16312289,0
2026-06-14 06:37,C,RIF,-23.7,-0.000108,4.0,MEXC,219.2,9710868,0
2026-06-14 06:37,C,BEAT,67.5,0.000308,4.0,MEXC,215.8,624623439,0
2026-06-14 06:37,C,FOLKS,174.5,0.000797,4.0,Bitget,163.6,3349373,0
2026-06-14 07:45,A,JCT,205.4,0.000938,4.0,Gate,,28663903,0
2026-06-14 07:45,A,EPIC,196.7,0.000898,4.0,Gate,,14889652,0
2026-06-14 07:45,A,PLAY,177.6,0.000811,4.0,MEXC,,4403442,0
2026-06-14 07:45,A,SIREN,137.5,0.000628,4.0,Gate,,50041920,0
2026-06-14 07:45,A,GWEI,137.5,0.000628,4.0,Bitget,,6533593,1
2026-06-14 07:45,A,CLO,99.1,0.000905,8.0,Gate,,2565020,1
2026-06-14 07:45,A,LAB,91.3,0.000417,4.0,Gate,,66644279,0
2026-06-14 07:45,A,DEXE,82.8,0.000378,4.0,Bitget,,6085291,1
2026-06-14 07:45,B,SOL,-12.6,-0.000115,8.0,Gate,,758772643,0
2026-06-14 07:45,B,STG,-5171.0,-0.005903,1.0,MEXC,,52774289,1
2026-06-14 07:45,B,ESPORTS,-2190.0,-0.002500,1.0,MEXC,,77070641,0
2026-06-14 07:45,B,HOME,-1973.6,-0.002253,1.0,Gate,,15940886,0
2026-06-14 07:45,B,SAHARA,-764.7,-0.003492,4.0,MEXC,,6739744,0
2026-06-14 07:45,B,AXL,-445.2,-0.002033,4.0,Bitget,,2978902,0
2026-06-14 07:45,B,RIF,-254.7,-0.001163,4.0,Gate,,11607100,0
2026-06-14 07:45,C,ESPORTS,-292.6,-0.000334,1.0,Gate,1897.4,77070641,0
2026-06-14 07:45,C,STG,-4036.6,-0.004608,1.0,Bitget,1134.4,52774289,0
2026-06-14 07:45,C,SAHARA,-441.4,-0.004031,8.0,Gate,323.4,6739744,1
2026-06-14 07:45,C,RIF,-14.0,-0.000064,4.0,MEXC,240.7,11607100,0
2026-06-14 07:45,C,BEAT,59.8,0.000273,4.0,MEXC,240.6,583872694,0
2026-06-14 07:45,C,HOME,-1771.4,-0.004044,2.0,OKX,202.3,15940886,0
2026-06-14 09:19,A,SIREN,403.4,0.001842,4.0,Gate,,50866825,1
2026-06-14 09:19,A,FOLKS,262.1,0.001197,4.0,Bitget,,3425756,0
2026-06-14 09:19,A,CLO,133.5,0.001219,8.0,Gate,,2267091,0
2026-06-14 09:19,A,BTW,112.6,0.000514,4.0,Bitget,,2634098,0
2026-06-14 09:19,A,BILL,112.0,0.000511,4.0,OKX,,10880330,0
2026-06-14 09:19,A,EPIC,111.7,0.000510,4.0,Gate,,14769310,0
2026-06-14 09:19,A,SKYAI,105.1,0.000480,4.0,Gate,,17089705,0
2026-06-14 09:19,A,JCT,100.7,0.000460,4.0,MEXC,,29806476,0
2026-06-14 09:19,B,SOL,-13.8,-0.000126,8.0,MEXC,,747687238,0
2026-06-14 09:19,B,STG,-5429.4,-0.006198,1.0,MEXC,,52050373,0
2026-06-14 09:19,B,HOME,-2403.7,-0.002744,1.0,MEXC,,16704508,0
2026-06-14 09:19,B,AXL,-1144.1,-0.005224,4.0,Bitget,,3475462,0
2026-06-14 09:19,B,SAHARA,-1121.2,-0.010239,8.0,Gate,,7187909,1
2026-06-14 09:19,B,RIF,-433.6,-0.001980,4.0,Gate,,12966783,1
2026-06-14 09:19,B,ESPORTS,-230.4,-0.000263,1.0,MEXC,,76445643,0
2026-06-14 09:19,B,VELVET,-201.5,-0.000920,4.0,Gate,,65796497,1
2026-06-14 09:19,C,STG,-4528.0,-0.005169,1.0,Bitget,901.4,52050373,0
2026-06-14 09:19,C,RIF,-15.8,-0.000072,4.0,MEXC,417.9,12966783,1
2026-06-14 09:19,C,HOME,-2029.7,-0.002317,1.0,Gate,374.1,16704508,1
2026-06-14 09:19,C,SIREN,403.4,0.001842,4.0,Gate,344.3,50866825,0
2026-06-14 09:19,C,ESPORTS,11.4,0.000013,1.0,Bitget,241.8,76445643,0
2026-06-14 09:19,C,FOLKS,262.1,0.001197,4.0,Bitget,238.1,3425756,0
2026-06-14 09:19,C,VELVET,11.0,0.000050,4.0,MEXC,212.4,65796497,1
2026-06-14 09:19,C,BEAT,46.0,0.000210,4.0,MEXC,181.6,616110916,1
2026-06-14 09:19,C,PLAY,405.6,0.000463,1.0,Gate,177.6,3948112,1
2026-06-14 14:19,A,JCT,246.4,0.001125,4.0,Gate,,31885048,1
2026-06-14 14:19,A,EPIC,170.8,0.000780,4.0,Gate,,12446610,1
2026-06-14 14:19,A,TRUTH,160.4,0.000733,4.0,OKX,,2009138,1
2026-06-14 14:19,A,PLAY,144.8,0.000661,4.0,MEXC,,3619266,1
2026-06-14 14:19,A,RAVE,118.4,0.000541,4.0,OKX,,7734233,1
2026-06-14 14:19,A,FOLKS,114.3,0.000522,4.0,Bitget,,3497881,0
2026-06-14 14:19,A,MYX,106.0,0.000484,4.0,Bitget,,2260437,0
2026-06-14 14:19,A,LAB,97.2,0.000444,4.0,Gate,,61027804,0
2026-06-14 14:19,A,SKYAI,81.5,0.000372,4.0,Bitget,,16439514,0
2026-06-14 14:19,B,SOL,-20.4,-0.000186,8.0,MEXC,,712496758,1
2026-06-14 14:19,B,ESPORTS,-5538.1,-0.006322,1.0,MEXC,,61847243,0
2026-06-14 14:19,B,STG,-3819.4,-0.004360,1.0,MEXC,,47511527,0
2026-06-14 14:19,B,HOME,-1837.8,-0.002098,1.0,MEXC,,17166352,1
2026-06-14 14:19,B,ZKP,-359.6,-0.001642,4.0,Bitget,,6832840,1
2026-06-14 14:19,B,BEAT,-305.6,-0.001395,4.0,OKX,,495160334,1
2026-06-14 14:19,B,IRYS,-276.8,-0.001264,4.0,MEXC,,8263859,1
2026-06-14 14:19,B,SAHARA,-263.0,-0.001201,4.0,MEXC,,7081985,0
2026-06-14 14:19,C,ESPORTS,-2451.9,-0.002799,1.0,Bitget,3086.1,61847243,0
2026-06-14 14:19,C,STG,-3080.0,-0.003516,1.0,Bitget,739.3,47511527,0
2026-06-14 14:19,C,BEAT,11.0,0.000050,4.0,MEXC,316.6,495160334,1
2026-06-14 14:19,C,HOME,-1522.5,-0.001738,1.0,Gate,315.4,17166352,0
2026-06-14 14:19,C,JCT,246.4,0.001125,4.0,Gate,176.5,31885048,1
2026-06-14 17:54,A,SIREN,444.6,0.002030,4.0,MEXC,,33164887,1
2026-06-14 17:54,A,MYX,323.5,0.002954,8.0,Gate,,2571630,1
2026-06-14 17:54,A,EPIC,265.9,0.001214,4.0,Bitget,,14143282,1
2026-06-14 17:54,A,VELVET,222.9,0.001018,4.0,Gate,,65959052,1
2026-06-14 17:54,A,JCT,187.9,0.000858,4.0,Gate,,33309893,0
2026-06-14 17:54,A,SPCX,174.9,0.001597,8.0,Gate,,250707239,1
2026-06-14 17:54,A,JELLYJELLY,164.7,0.000752,4.0,OKX,,5376647,0
2026-06-14 17:54,A,TRUTH,127.7,0.000583,4.0,OKX,,6117564,0
2026-06-14 17:54,A,FOLKS,117.4,0.000536,4.0,Bitget,,3269462,0
2026-06-14 17:54,A,LAB,115.6,0.000528,4.0,Gate,,74542219,0
2026-06-14 17:54,A,SKYAI,88.3,0.000403,4.0,Gate,,13870001,0
2026-06-14 17:54,B,SOL,-11.3,-0.000103,8.0,MEXC,,694709435,0
2026-06-14 17:54,B,SIREN,-4380.0,-0.020000,4.0,Gate,,33164887,1
2026-06-14 17:54,B,HOME,-1337.0,-0.003053,2.0,OKX,,17915242,0
2026-06-14 17:54,B,ZKP,-433.7,-0.001980,4.0,OKX,,8320852,0
2026-06-14 17:54,B,STG,-354.8,-0.000405,1.0,Bitget,,43987403,1
2026-06-14 17:54,B,SAHARA,-346.2,-0.001581,4.0,MEXC,,7059537,1
2026-06-14 17:54,B,BEAT,-343.0,-0.001566,4.0,OKX,,472959194,0
2026-06-14 17:54,C,BEAT,11.0,0.000050,4.0,MEXC,354.0,472959194,0
2026-06-14 17:54,C,ZKP,-96.8,-0.000442,4.0,Bitget,336.9,8320852,1
2026-06-14 17:54,C,MYX,323.5,0.002954,8.0,Gate,292.1,2571630,1
2026-06-14 17:54,C,STG,-93.7,-0.000107,1.0,Gate,261.0,43987403,1
2026-06-14 17:54,C,HOME,-1080.1,-0.001233,1.0,Gate,256.9,17915242,1
2026-06-14 17:54,C,VELVET,222.9,0.001018,4.0,Gate,184.6,65959052,1
2026-06-14 17:54,C,JCT,187.9,0.000858,4.0,Gate,177.0,33309893,0
2026-06-14 17:54,C,SPCX,174.9,0.001597,8.0,Gate,174.9,250707239,0
2026-06-14 20:36,A,SIREN,1267.1,0.005786,4.0,MEXC,,32547741,1
2026-06-14 20:36,A,EPIC,186.6,0.000852,4.0,Bitget,,15095068,0
2026-06-14 20:36,A,JELLYJELLY,171.2,0.000782,4.0,OKX,,12468540,1
2026-06-14 20:36,A,JCT,166.4,0.000760,4.0,Gate,,30728331,0
2026-06-14 20:36,A,GWEI,165.1,0.000754,4.0,Bitget,,4754364,1
2026-06-14 20:36,A,PLAY,144.5,0.000660,4.0,MEXC,,2412354,0
2026-06-14 20:36,A,SPCX,139.2,0.001271,8.0,Gate,,184016835,0
2026-06-14 20:36,A,LAB,133.4,0.000609,4.0,Gate,,70892769,1
2026-06-14 20:36,A,MYX,95.5,0.000436,4.0,Bitget,,2375981,0
2026-06-14 20:36,B,SIREN,-4380.0,-0.020000,4.0,Gate,,32547741,0
2026-06-14 20:36,B,HOME,-2375.7,-0.002712,1.0,MEXC,,12821526,0
2026-06-14 20:36,B,SAHARA,-454.4,-0.002075,4.0,MEXC,,7366383,0
2026-06-14 20:36,B,TON,-296.3,-0.002706,8.0,OKX,,24235095,1
2026-06-14 20:36,B,ZKP,-219.7,-0.001003,4.0,OKX,,8921949,0
2026-06-14 20:36,C,HOME,-1811.6,-0.002068,1.0,Gate,564.1,12821526,1
2026-06-14 20:36,C,JCT,166.4,0.000760,4.0,Gate,151.3,30728331,0
2026-06-14 22:18,A,SIREN,3123.8,0.003566,1.0,Gate,,35105302,1
2026-06-14 22:18,A,MYX,241.6,0.001103,4.0,Bitget,,2744129,0
2026-06-14 22:18,A,EPIC,159.9,0.000730,4.0,Bitget,,15802964,0
2026-06-14 22:18,A,JELLYJELLY,149.6,0.000683,4.0,OKX,,19941457,0
2026-06-14 22:18,A,JCT,133.2,0.000608,4.0,Gate,,21678177,0
2026-06-14 22:18,A,LAB,132.7,0.000606,4.0,Gate,,62268088,0
2026-06-14 22:18,A,ESPORTS,122.6,0.000140,1.0,Bitget,,36955564,1
2026-06-14 22:18,A,SPCX,107.0,0.000977,8.0,Gate,,161521012,0
2026-06-14 22:18,A,UKOIL,103.1,0.000471,4.0,MEXC,,9349455,1
2026-06-14 22:18,A,AIOT,97.7,0.000446,4.0,MEXC,,2848311,1
2026-06-14 22:18,B,SOL,-11.2,-0.000102,8.0,MEXC,,701477602,0
2026-06-14 22:18,B,ZKC,-4380.0,-0.020000,4.0,Gate,,4541024,1
2026-06-14 22:18,B,HOME,-1753.0,-0.004002,2.0,OKX,,9669123,0
2026-06-14 22:18,B,SAHARA,-471.3,-0.002152,4.0,MEXC,,8536053,0
2026-06-14 22:18,B,TON,-336.2,-0.003070,8.0,OKX,,25296633,0
2026-06-14 22:18,B,ZKP,-293.7,-0.001341,4.0,Bitget,,9251037,0
2026-06-14 22:18,B,TONCOIN,-257.1,-0.001174,4.0,MEXC,,24402702,1
2026-06-14 22:18,C,SIREN,3123.8,0.003566,1.0,Gate,3129.5,35105302,1
2026-06-14 22:18,C,MYX,241.6,0.001103,4.0,Bitget,222.7,2744129,0
2026-06-15 00:28,A,SIREN,2748.0,0.003137,1.0,Gate,,35608467,0
2026-06-15 00:28,A,EPIC,271.1,0.001238,4.0,Bitget,,17803268,0
2026-06-15 00:28,A,ESPORTS,247.9,0.000283,1.0,Bitget,,33356965,1
2026-06-15 00:28,A,MYX,150.6,0.001375,8.0,Gate,,2885868,0
2026-06-15 00:28,A,LAB,148.0,0.000676,4.0,Bitget,,56446120,0
2026-06-15 00:28,A,JELLYJELLY,142.8,0.000652,4.0,OKX,,28812950,0
2026-06-15 00:28,A,JCT,136.7,0.000624,4.0,MEXC,,18398026,1
2026-06-15 00:28,A,SKYAI,97.7,0.000446,4.0,Bitget,,14371533,1
2026-06-15 00:28,B,ZKC,-3780.6,-0.017263,4.0,MEXC,,8091565,0
2026-06-15 00:28,B,HOME,-1964.0,-0.002242,1.0,MEXC,,8690858,1
2026-06-15 00:28,B,SAHARA,-606.2,-0.002768,4.0,MEXC,,9158943,1
2026-06-15 00:28,B,BREV,-334.9,-0.001529,4.0,MEXC,,3784917,1
2026-06-15 00:28,B,TON,-296.1,-0.001352,4.0,Gate,,27096128,0
2026-06-15 00:28,B,TONCOIN,-293.5,-0.001340,4.0,MEXC,,25154687,0
2026-06-15 00:28,B,ZKP,-277.7,-0.001268,4.0,Bitget,,9393991,1
2026-06-15 00:28,B,STG,-237.4,-0.000271,1.0,Gate,,37020794,0
2026-06-15 00:28,C,SIREN,2748.0,0.003137,1.0,Gate,2740.6,35608467,0
2026-06-15 00:28,C,STG,-30.7,-0.000035,1.0,MEXC,206.7,37020794,0
2026-06-15 00:28,C,VELVET,-2.6,-0.000012,4.0,MEXC,171.0,68453219,0
2026-06-15 02:01,A,SIREN,2538.6,0.002898,1.0,Gate,,37413944,0
2026-06-15 02:01,A,ESPORTS,364.4,0.000416,1.0,MEXC,,32369139,0
2026-06-15 02:01,A,EPIC,344.7,0.001574,4.0,Bitget,,16854282,1
2026-06-15 02:01,A,SKYAI,183.3,0.000837,4.0,Bitget,,14263268,1
2026-06-15 02:01,A,JELLYJELLY,154.7,0.000706,4.0,OKX,,31382110,0
2026-06-15 02:01,A,JCT,143.0,0.000653,4.0,Gate,,16971762,0
2026-06-15 02:01,A,LAB,104.9,0.000479,4.0,Gate,,53819934,0
2026-06-15 02:01,B,SOL,-18.8,-0.000172,8.0,Gate,,688343547,1
2026-06-15 02:01,B,ZKC,-3032.9,-0.013849,4.0,Bitget,,9991385,0
2026-06-15 02:01,B,HOME,-2330.2,-0.002660,1.0,MEXC,,8744073,0
2026-06-15 02:01,B,SAHARA,-529.3,-0.002417,4.0,MEXC,,9197972,0
2026-06-15 02:01,B,TON,-267.2,-0.001220,4.0,Gate,,24966863,0
2026-06-15 02:01,B,TONCOIN,-267.0,-0.001219,4.0,MEXC,,22003502,0
2026-06-15 02:01,B,ZKP,-242.7,-0.001108,4.0,Bitget,,9402245,0
2026-06-15 02:01,B,VELVET,-234.1,-0.001069,4.0,Gate,,68163013,1
2026-06-15 02:01,B,STG,-203.2,-0.000232,1.0,Bitget,,35357114,1
2026-06-15 02:01,C,ZKC,-2672.9,-0.012205,4.0,MEXC,360.0,9991385,1
2026-06-15 02:01,C,ESPORTS,364.4,0.000416,1.0,MEXC,353.9,32369139,1
2026-06-15 02:01,C,STG,10.5,0.000012,1.0,Gate,213.7,35357114,1
2026-06-15 02:01,C,VELVET,-35.5,-0.000162,4.0,MEXC,198.6,68163013,1
2026-06-15 02:01,C,SKYAI,183.3,0.000837,4.0,Bitget,151.3,14263268,1
2026-06-15 03:22,A,SIREN,2098.0,0.002395,1.0,Gate,,39677683,0
2026-06-15 03:22,A,EPIC,386.1,0.001763,4.0,Bitget,,15540507,0
2026-06-15 03:22,A,SKYAI,176.5,0.000806,4.0,Bitget,,14100147,0
2026-06-15 03:22,A,ESPORTS,175.2,0.000200,1.0,MEXC,,30004936,0
2026-06-15 03:22,A,JCT,163.4,0.000746,4.0,Gate,,15670579,0
2026-06-15 03:22,A,JELLYJELLY,158.8,0.000725,4.0,OKX,,33079477,0
2026-06-15 03:22,A,EVAA,154.6,0.000706,4.0,MEXC,,4526870,1
2026-06-15 03:22,A,LAB,101.0,0.000461,4.0,Gate,,51081476,0
2026-06-15 03:22,A,MYX,97.8,0.000893,8.0,Gate,,2892986,1
2026-06-15 03:22,B,SOL,-18.9,-0.000173,8.0,Gate,,695667751,0
2026-06-15 03:22,B,HOME,-2883.8,-0.003292,1.0,Gate,,9242719,0
2026-06-15 03:22,B,ZKC,-2776.9,-0.012680,4.0,Bitget,,10477393,0
2026-06-15 03:22,B,SAHARA,-536.5,-0.004900,8.0,Gate,,9611788,0
2026-06-15 03:22,B,VELVET,-391.6,-0.001788,4.0,Bitget,,70763664,1
2026-06-15 03:22,B,TONCOIN,-229.5,-0.001048,4.0,MEXC,,23383145,0
2026-06-15 03:22,B,TON,-215.7,-0.000985,4.0,Gate,,24611205,0
2026-06-15 03:22,C,HOME,-2456.1,-0.005607,2.0,OKX,427.7,9242719,0
2026-06-15 03:22,C,VELVET,-117.8,-0.000538,4.0,MEXC,273.8,70763664,0
2026-06-15 03:22,C,SAHARA,-357.6,-0.001633,4.0,Bitget,178.9,9611788,1
2026-06-15 03:22,C,SKYAI,176.5,0.000806,4.0,Bitget,152.4,14100147,0
2026-06-15 05:09,A,SIREN,2329.3,0.002659,1.0,Gate,,41681509,0
2026-06-15 05:09,A,EPIC,297.4,0.001358,4.0,Bitget,,14511122,0
2026-06-15 05:09,A,JELLYJELLY,166.3,0.000759,4.0,OKX,,36878245,1
2026-06-15 05:09,A,LAB,164.5,0.000751,4.0,Bitget,,52306208,1
2026-06-15 05:09,A,EVAA,136.2,0.000622,4.0,MEXC,,8205110,0
2026-06-15 05:09,A,MYX,114.1,0.001042,8.0,Gate,,2853547,0
2026-06-15 05:09,A,SLX,110.2,0.000503,4.0,Bitget,,16861263,1
2026-06-15 05:09,A,JCT,94.0,0.000429,4.0,Gate,,15067362,0
2026-06-15 05:09,B,SOL,-12.6,-0.000115,8.0,Gate,,682781811,0
2026-06-15 05:09,B,ZKC,-2150.1,-0.009818,4.0,MEXC,,11056200,0
2026-06-15 05:09,B,HOME,-2115.5,-0.002415,1.0,MEXC,,10560084,0
2026-06-15 05:09,B,SAHARA,-540.2,-0.004933,8.0,Gate,,9736765,0
2026-06-15 05:09,B,UB,-468.7,-0.002140,4.0,Gate,,6312264,1
2026-06-15 05:09,B,BTW,-246.8,-0.001127,4.0,Bitget,,4594935,1
2026-06-15 05:09,B,TON,-223.6,-0.001021,4.0,Gate,,22417380,1
2026-06-15 05:09,B,GIGGLE,-220.5,-0.001007,4.0,Gate,,4502706,1
2026-06-15 05:09,C,UB,11.0,0.000050,4.0,OKX,479.6,6312264,1
2026-06-15 05:09,C,ZKC,-1748.3,-0.007983,4.0,Gate,401.9,11056200,0
2026-06-15 05:09,C,BTW,11.0,0.000050,4.0,Gate,257.8,4594935,1
2026-06-15 05:09,C,SAHARA,-380.3,-0.001737,4.0,OKX,159.8,9736765,0
2026-06-15 06:39,A,SIREN,2332.8,0.002663,1.0,Gate,,42431734,1
2026-06-15 06:39,A,EPIC,431.0,0.001968,4.0,Bitget,,14045946,0
2026-06-15 06:39,A,LAB,192.1,0.000877,4.0,Bitget,,54076035,0
2026-06-15 06:39,A,JELLYJELLY,177.8,0.000812,4.0,OKX,,38157295,0
2026-06-15 06:39,A,EVAA,156.4,0.000714,4.0,MEXC,,11141460,0
2026-06-15 06:39,A,MYX,149.8,0.001368,8.0,Gate,,2846066,1
2026-06-15 06:39,A,JCT,125.5,0.000573,4.0,Gate,,14777578,0
2026-06-15 06:39,A,SKYAI,81.7,0.000373,4.0,Gate,,14265019,0
2026-06-15 06:39,B,SOL,-11.9,-0.000109,8.0,OKX,,790823296,0
2026-06-15 06:39,B,ZKC,-2079.8,-0.009497,4.0,Bitget,,11441494,1
2026-06-15 06:39,B,HOME,-1502.3,-0.001715,1.0,Gate,,10678125,0
2026-06-15 06:39,B,SAHARA,-679.3,-0.003102,4.0,MEXC,,9779152,0
2026-06-15 06:39,B,USOIL,-398.1,-0.001818,4.0,MEXC,,35244254,1
2026-06-15 06:39,B,UKOIL,-340.8,-0.001556,4.0,MEXC,,14693183,1
2026-06-15 06:39,B,CL,-256.7,-0.001172,4.0,Bitget,,58982591,1
2026-06-15 06:39,B,STG,-241.8,-0.000276,1.0,MEXC,,31479566,0
2026-06-15 06:39,B,BZ,-233.5,-0.001066,4.0,Bitget,,15542394,1
2026-06-15 06:39,B,TONCOIN,-201.3,-0.000919,4.0,MEXC,,22027120,0
2026-06-15 06:39,C,CL,11.0,0.000100,8.0,Gate,267.6,58982591,1
2026-06-15 06:39,C,BZ,11.0,0.000100,8.0,Gate,244.4,15542394,1
2026-06-15 06:39,C,LAB,192.1,0.000877,4.0,Bitget,159.4,54076035,1
2026-06-15 07:50,A,SIREN,2130.4,0.002432,1.0,Gate,,43774827,0
2026-06-15 07:50,A,EPIC,468.7,0.002140,4.0,Bitget,,14273437,0
2026-06-15 07:50,A,JELLYJELLY,170.6,0.000779,4.0,OKX,,40997512,0
2026-06-15 07:50,A,LAB,167.3,0.000764,4.0,Bitget,,67571067,0
2026-06-15 07:50,A,EVAA,165.1,0.000754,4.0,MEXC,,14208012,0
2026-06-15 07:50,A,ESPORTS,164.7,0.000188,1.0,MEXC,,19845118,0
2026-06-15 07:50,A,MYX,151.4,0.001383,8.0,Gate,,2694311,0
2026-06-15 07:50,A,EWY,147.8,0.001350,8.0,OKX,,3062291,1
2026-06-15 07:50,A,SPCX,134.8,0.001231,8.0,Gate,,133257286,1
2026-06-15 07:50,A,XAU,127.5,0.000582,4.0,MEXC,,90272090,1
2026-06-15 07:50,A,SKYAI,108.6,0.000496,4.0,Gate,,14192849,0
2026-06-15 07:50,A,SILVER,106.9,0.000488,4.0,MEXC,,59502720,1
2026-06-15 07:50,B,HOME,-1808.9,-0.002065,1.0,MEXC,,10804085,0
2026-06-15 07:50,B,ZKC,-1710.0,-0.007808,4.0,MEXC,,11765284,0
2026-06-15 07:50,B,SAHARA,-552.3,-0.002522,4.0,MEXC,,10032439,0
2026-06-15 07:50,B,USOIL,-517.9,-0.002365,4.0,MEXC,,51606522,0
2026-06-15 07:50,B,UKOIL,-503.7,-0.002300,4.0,MEXC,,22754918,0
2026-06-15 07:50,B,STG,-441.5,-0.000504,1.0,MEXC,,30958137,1
2026-06-15 07:50,B,CL,-263.0,-0.001201,4.0,OKX,,81498681,0
2026-06-15 07:50,B,BZ,-231.1,-0.001055,4.0,OKX,,24772585,0
2026-06-15 07:50,C,CL,9.7,0.000089,8.0,Gate,272.7,81498681,0
2026-06-15 07:50,C,BZ,0.0,0.000000,4.0,Bitget,231.1,24772585,0
2026-06-15 07:50,C,EVAA,165.1,0.000754,4.0,MEXC,154.2,14208012,1
2026-06-15 07:50,C,LAB,167.3,0.000764,4.0,Bitget,150.8,67571067,0
2026-06-15 09:21,A,SIREN,1943.0,0.002218,1.0,Gate,,44799872,0
2026-06-15 09:21,A,ESPORTS,393.3,0.000449,1.0,Bitget,,19318976,1
2026-06-15 09:21,A,EVAA,184.6,0.000843,4.0,MEXC,,15999967,0
2026-06-15 09:21,A,LITE,163.4,0.001492,8.0,OKX,,4515760,1
2026-06-15 09:21,A,SPCX,156.9,0.001433,8.0,Gate,,145896003,0
2026-06-15 09:21,A,JELLYJELLY,138.9,0.000634,4.0,OKX,,45013093,0
2026-06-15 09:21,A,LAB,129.4,0.000591,4.0,Bitget,,83372753,0
2026-06-15 09:21,A,RAVE,126.3,0.000577,4.0,OKX,,11866041,1
2026-06-15 09:21,A,EWY,113.3,0.001034,8.0,OKX,,4401733,0
2026-06-15 09:21,A,EPIC,112.3,0.000513,4.0,Bitget,,14073163,0
2026-06-15 09:21,A,OPENAI,109.5,0.001000,8.0,Bitget,,2312652,1
2026-06-15 09:21,A,MYX,94.9,0.000867,8.0,Gate,,2655303,0
2026-06-15 09:21,A,BSB,87.6,0.000400,4.0,MEXC,,62875381,1
2026-06-15 09:21,B,BTC,-22.1,-0.000202,8.0,Gate,,4302230604,1
2026-06-15 09:21,B,HOME,-2033.2,-0.002321,1.0,Gate,,10853322,1
2026-06-15 09:21,B,ZKC,-1057.1,-0.004827,4.0,MEXC,,12199899,0
2026-06-15 09:21,B,STG,-834.0,-0.000952,1.0,MEXC,,30160761,1
2026-06-15 09:21,B,SAHARA,-560.0,-0.002557,4.0,MEXC,,9790672,1
2026-06-15 09:21,C,SOXL,459.5,0.004196,8.0,MEXC,437.9,35521507,1
2026-06-15 09:21,C,ZKC,-630.5,-0.002879,4.0,Gate,426.6,12199899,0
2026-06-15 09:21,C,HOME,-1706.7,-0.003897,2.0,OKX,326.5,10853322,1
2026-06-15 09:21,C,LITE,163.4,0.001492,8.0,OKX,203.3,4515760,1
2026-06-15 09:21,C,EVAA,184.6,0.000843,4.0,MEXC,176.0,15999967,0
2026-06-15 09:21,C,BEAT,11.0,0.000100,8.0,Gate,168.6,335409486,1
2026-06-15 09:21,C,IP,-26.7,-0.000122,4.0,MEXC,162.9,17201142,1
2026-06-15 09:21,C,ESPORTS,393.3,0.000449,1.0,Bitget,153.3,19318976,0
2026-06-15 15:06,A,SIREN,952.6,0.004350,4.0,Bitget,,46326953,1
2026-06-15 15:06,A,ESPORTS,527.4,0.000602,1.0,Bitget,,14615132,0
2026-06-15 15:06,A,CLO,250.3,0.001143,4.0,MEXC,,5557955,1
2026-06-15 15:06,A,EPIC,184.0,0.000840,4.0,Bitget,,13259741,1
2026-06-15 15:06,A,SPCX,180.9,0.001652,8.0,Gate,,156159901,0
2026-06-15 15:06,A,EVAA,163.6,0.000747,4.0,MEXC,,32610886,1
2026-06-15 15:06,A,PLAY,148.9,0.000680,4.0,MEXC,,2280056,1
2026-06-15 15:06,A,TRADOOR,91.5,0.000836,8.0,Gate,,8331413,0
2026-06-15 15:06,A,SKYAI,90.2,0.000412,4.0,Bitget,,15884768,0
2026-06-15 15:06,A,LAB,88.7,0.000405,4.0,Bitget,,88011207,0
2026-06-15 15:06,B,BTC,-12.0,-0.000110,8.0,OKX,,4897300445,0
2026-06-15 15:06,B,HOME,-1578.6,-0.001802,1.0,Gate,,10468732,0
2026-06-15 15:06,B,STG,-1150.2,-0.001313,1.0,Bitget,,22986680,0
2026-06-15 15:06,B,ZKC,-818.0,-0.003735,4.0,Bitget,,13709096,1
2026-06-15 15:06,B,SAHARA,-381.5,-0.001742,4.0,MEXC,,10200011,0
2026-06-15 15:06,B,HMSTR,-209.8,-0.000958,4.0,MEXC,,8897434,1
2026-06-15 15:06,C,ESPORTS,527.4,0.000602,1.0,Bitget,516.4,14615132,1
2026-06-15 15:06,C,SPCX,180.9,0.001652,8.0,Gate,180.9,156159901,1
2026-06-15 15:06,C,BEAT,11.0,0.000050,4.0,MEXC,151.4,303030345,0
2026-06-15 15:06,C,EVAA,163.6,0.000747,4.0,MEXC,151.2,32610886,0
2026-06-15 21:41,A,SIREN,668.4,0.000763,1.0,Gate,,37030131,0
2026-06-15 21:41,A,ESPORTS,509.8,0.000582,1.0,Bitget,,9803035,1
2026-06-15 21:41,A,SKYAI,309.9,0.001415,4.0,Gate,,16817764,1
2026-06-15 21:41,A,CLO,195.6,0.000893,4.0,MEXC,,5756434,0
2026-06-15 21:41,A,RAVE,134.2,0.000613,4.0,OKX,,8753499,1
2026-06-15 21:41,A,SLX,114.3,0.000522,4.0,Bitget,,15465947,1
2026-06-15 21:41,A,BSB,113.9,0.000520,4.0,Gate,,85875918,1
2026-06-15 21:41,A,NOK,83.2,0.000759,8.0,OKX,,3290623,0
2026-06-15 21:41,B,SOL,-13.4,-0.000122,8.0,MEXC,,1195098723,1
2026-06-15 21:41,B,ETH,-11.3,-0.000103,8.0,Gate,,6575520461,1
2026-06-15 21:41,B,STG,-2133.1,-0.002435,1.0,Bitget,,14622716,1
2026-06-15 21:41,B,HOME,-2119.0,-0.002419,1.0,Gate,,10605869,1
2026-06-15 21:41,B,SAHARA,-1279.4,-0.005842,4.0,Bitget,,10634086,1
2026-06-15 21:41,B,OPG,-921.3,-0.004207,4.0,MEXC,,126261864,0
2026-06-15 21:41,B,ZKC,-419.2,-0.001914,4.0,MEXC,,11673901,0
2026-06-15 21:41,C,SIREN,668.4,0.000763,1.0,Gate,523.2,37030131,1
2026-06-15 21:41,C,STG,-1629.4,-0.001860,1.0,MEXC,503.7,14622716,1
2026-06-15 21:41,C,SAHARA,-829.4,-0.003787,4.0,OKX,450.0,10634086,1
2026-06-15 21:41,C,ESPORTS,509.8,0.000582,1.0,Bitget,371.0,9803035,0
2026-06-15 21:41,C,SKYAI,309.9,0.001415,4.0,Gate,298.9,16817764,1
2026-06-15 21:41,C,HOME,-1826.2,-0.004169,2.0,OKX,292.8,10605869,1
2026-06-15 21:41,C,ZKC,-154.4,-0.000705,4.0,Gate,264.8,11673901,0
2026-06-15 21:41,C,CLO,195.6,0.000893,4.0,MEXC,169.5,5756434,0
2026-06-16 03:01,A,SIREN,582.1,0.002658,4.0,Bitget,,31957401,1
2026-06-16 03:01,A,BSB,194.7,0.000889,4.0,MEXC,,170634562,1
2026-06-16 03:01,A,EPIC,163.2,0.000745,4.0,Bitget,,9339703,1
2026-06-16 03:01,A,ESPORTS,152.4,0.000174,1.0,MEXC,,7538854,0
2026-06-16 03:01,A,XMR,138.4,0.001264,8.0,Bitget,,7024739,1
2026-06-16 03:01,A,PLAY,129.2,0.000590,4.0,MEXC,,2573563,1
2026-06-16 03:01,A,SKYAI,118.9,0.000543,4.0,Gate,,17486020,0
2026-06-16 03:01,A,RAVE,90.1,0.000411,4.0,OKX,,13060043,0
2026-06-16 03:01,A,CL,86.3,0.000394,4.0,Bitget,,104482922,0
2026-06-16 03:01,B,BTC,-11.6,-0.000106,8.0,Bitget,,7875862169,1
2026-06-16 03:01,B,STG,-1914.9,-0.002186,1.0,Gate,,11116962,0
2026-06-16 03:01,B,HOME,-1376.2,-0.001571,1.0,Gate,,11103495,0
2026-06-16 03:01,B,SAHARA,-705.1,-0.006439,8.0,Gate,,13189200,0
2026-06-16 03:01,B,ZKC,-385.7,-0.001761,4.0,MEXC,,4530485,1
2026-06-16 03:01,B,OPG,-366.8,-0.001675,4.0,Bitget,,121177120,1
2026-06-16 03:01,C,STG,-1537.4,-0.001755,1.0,MEXC,377.6,11116962,0
2026-06-16 03:01,C,SIREN,582.1,0.002658,4.0,Bitget,355.9,31957401,0
2026-06-16 03:01,C,HOME,-1060.1,-0.002420,2.0,OKX,316.1,11103495,0
2026-06-16 03:01,C,BSB,194.7,0.000889,4.0,MEXC,180.5,170634562,1
2026-06-16 06:19,A,SIREN,614.1,0.002804,4.0,Bitget,,28267521,0
2026-06-16 06:19,A,ESPORTS,330.3,0.000377,1.0,Bitget,,4541084,1
2026-06-16 06:19,A,BSB,153.3,0.000700,4.0,MEXC,,176828753,0
2026-06-16 06:19,A,LAB,128.8,0.000588,4.0,Bitget,,80374560,1
2026-06-16 06:19,A,EVAA,117.4,0.000536,4.0,MEXC,,83342786,1
2026-06-16 06:19,A,SKYAI,104.5,0.000477,4.0,Bitget,,17873439,1
2026-06-16 06:19,B,FIDA,-2356.0,-0.010758,4.0,MEXC,,2284416,1
2026-06-16 06:19,B,STG,-2198.8,-0.002510,1.0,Bitget,,10956912,1
2026-06-16 06:19,B,HOME,-1717.0,-0.001960,1.0,Bitget,,13442533,1
2026-06-16 06:19,B,SYN,-615.2,-0.002809,4.0,Bitget,,2313297,1
2026-06-16 06:19,B,ZKC,-514.4,-0.002349,4.0,Bitget,,3698687,0
2026-06-16 06:19,B,SAHARA,-500.3,-0.004569,8.0,Gate,,13364877,1
2026-06-16 06:19,B,OPG,-251.6,-0.001149,4.0,MEXC,,120234655,0
2026-06-16 06:19,C,STG,-1765.1,-0.002015,1.0,MEXC,433.6,10956912,1
2026-06-16 06:19,C,SIREN,614.1,0.002804,4.0,Bitget,408.7,28267521,1
2026-06-16 06:19,C,HOME,-1395.5,-0.001593,1.0,MEXC,321.5,13442533,1
2026-06-16 06:19,C,ESPORTS,330.3,0.000377,1.0,Bitget,313.0,4541084,1
2026-06-16 06:19,C,OPG,-80.1,-0.000366,4.0,OKX,171.5,120234655,1
