timestamp_jst,epoch,ticker,open,high,low,close,volume
2026-07-13 09:00:00,1783900800,6194.T,809.0,809.0,801.0,807.0,0
2026-07-13 09:00:42,1783900842,6194.T,801.0,801.0,801.0,801.0,0
2026-07-13 09:01:00,1783900860,6194.T,805.0,811.0,804.0,811.0,15000
2026-07-13 09:02:00,1783900920,6194.T,811.0,813.0,808.0,810.0,18600
2026-07-13 09:03:00,1783900980,6194.T,812.0,813.0,807.0,811.0,16200
2026-07-13 09:04:00,1783901040,6194.T,811.0,813.0,810.0,811.0,3400
2026-07-13 09:05:00,1783901100,6194.T,811.0,813.0,808.0,809.0,0
2026-07-13 09:06:00,1783901160,6194.T,810.0,810.0,806.0,806.0,2400
2026-07-13 09:07:00,1783901220,6194.T,806.0,807.0,806.0,807.0,700
2026-07-13 09:08:00,1783901280,6194.T,806.0,806.0,800.0,804.0,31300
2026-07-13 09:09:00,1783901340,6194.T,805.0,806.0,805.0,805.0,700
2026-07-13 09:10:00,1783901400,6194.T,804.0,804.0,803.0,803.0,800
2026-07-13 09:11:00,1783901460,6194.T,803.0,803.0,803.0,803.0,900
2026-07-13 09:12:00,1783901520,6194.T,803.0,803.0,798.0,800.0,23900
2026-07-13 09:12:30,1783901550,6194.T,798.0,798.0,798.0,798.0,0
2026-07-13 09:13:00,1783901580,6194.T,798.0,799.0,795.0,798.0,21800
2026-07-13 09:14:00,1783901640,6194.T,799.0,799.0,794.0,799.0,23200
2026-07-13 09:16:00,1783901760,6194.T,799.0,799.0,798.0,798.0,300
2026-07-13 09:17:00,1783901820,6194.T,800.0,802.0,799.0,801.0,2800
2026-07-13 09:18:00,1783901880,6194.T,800.0,802.0,800.0,801.0,2100
2026-07-13 09:19:00,1783901940,6194.T,802.0,804.0,800.0,800.0,3400
2026-07-13 09:20:00,1783902000,6194.T,802.0,803.0,802.0,803.0,1000
2026-07-13 09:21:00,1783902060,6194.T,803.0,806.0,803.0,806.0,2700
2026-07-13 09:22:00,1783902120,6194.T,807.0,808.0,806.0,806.0,3600
2026-07-13 09:23:00,1783902180,6194.T,807.0,809.0,805.0,805.0,2700
2026-07-13 09:24:00,1783902240,6194.T,806.0,809.0,806.0,809.0,2300
2026-07-13 09:25:00,1783902300,6194.T,809.0,814.0,809.0,814.0,7000
2026-07-13 09:26:00,1783902360,6194.T,814.0,817.0,814.0,817.0,27200
2026-07-13 09:27:00,1783902420,6194.T,818.0,819.0,815.0,817.0,8800
2026-07-13 09:28:00,1783902480,6194.T,816.0,818.0,815.0,817.0,2500
2026-07-13 09:29:00,1783902540,6194.T,818.0,818.0,818.0,818.0,500
2026-07-13 09:30:00,1783902600,6194.T,818.0,818.0,818.0,818.0,100
2026-07-13 09:32:00,1783902720,6194.T,817.0,818.0,817.0,818.0,2000
2026-07-13 09:33:00,1783902780,6194.T,818.0,818.0,815.0,815.0,2200
2026-07-13 09:34:00,1783902840,6194.T,815.0,815.0,815.0,815.0,100
2026-07-13 09:35:00,1783902900,6194.T,814.0,814.0,812.0,812.0,1100
2026-07-13 09:36:00,1783902960,6194.T,813.0,814.0,813.0,814.0,500
2026-07-13 09:37:00,1783903020,6194.T,813.0,813.0,813.0,813.0,100
2026-07-13 09:38:00,1783903080,6194.T,812.0,812.0,812.0,812.0,100
2026-07-13 09:39:00,1783903140,6194.T,811.0,811.0,811.0,811.0,700
2026-07-13 09:40:00,1783903200,6194.T,812.0,812.0,812.0,812.0,200
2026-07-13 09:41:00,1783903260,6194.T,813.0,815.0,813.0,815.0,1900
2026-07-13 09:41:49,1783903309,6194.T,815.0,815.0,815.0,815.0,0
2026-07-13 09:42:00,1783903320,6194.T,814.0,815.0,814.0,815.0,1800
2026-07-13 09:43:00,1783903380,6194.T,812.0,812.0,812.0,812.0,100
2026-07-13 09:44:00,1783903440,6194.T,814.0,815.0,814.0,815.0,2600
2026-07-13 09:46:00,1783903560,6194.T,814.0,814.0,814.0,814.0,300
2026-07-13 09:47:00,1783903620,6194.T,814.0,815.0,813.0,813.0,1100
2026-07-13 09:49:00,1783903740,6194.T,816.0,816.0,816.0,816.0,100
2026-07-13 09:50:00,1783903800,6194.T,815.0,815.0,814.0,815.0,2000
2026-07-13 09:51:00,1783903860,6194.T,815.0,815.0,815.0,815.0,300
2026-07-13 09:52:00,1783903920,6194.T,814.0,814.0,814.0,814.0,200
2026-07-13 09:53:00,1783903980,6194.T,814.0,815.0,814.0,815.0,1200
2026-07-13 09:54:00,1783904040,6194.T,814.0,814.0,814.0,814.0,1000
2026-07-13 09:55:00,1783904100,6194.T,813.0,813.0,812.0,812.0,1300
2026-07-13 09:57:00,1783904220,6194.T,812.0,813.0,812.0,813.0,1100
2026-07-13 09:58:00,1783904280,6194.T,813.0,813.0,813.0,813.0,100
2026-07-13 09:59:00,1783904340,6194.T,812.0,812.0,812.0,812.0,400
2026-07-13 10:00:00,1783904400,6194.T,813.0,814.0,813.0,813.0,1300
2026-07-13 10:03:00,1783904580,6194.T,814.0,815.0,814.0,815.0,700
2026-07-13 10:04:00,1783904640,6194.T,814.0,814.0,813.0,813.0,800
2026-07-13 10:05:00,1783904700,6194.T,813.0,813.0,813.0,813.0,200
2026-07-13 10:06:00,1783904760,6194.T,812.0,812.0,811.0,811.0,200
2026-07-13 10:07:00,1783904820,6194.T,812.0,813.0,812.0,812.0,2500
2026-07-13 10:08:00,1783904880,6194.T,814.0,815.0,814.0,815.0,2500
2026-07-13 10:10:00,1783905000,6194.T,815.0,816.0,815.0,816.0,1100
2026-07-13 10:11:00,1783905060,6194.T,816.0,816.0,816.0,816.0,2000
2026-07-13 10:12:00,1783905120,6194.T,817.0,817.0,816.0,816.0,1700
2026-07-13 10:12:08,1783905128,6194.T,817.0,817.0,817.0,817.0,0
2026-07-13 10:13:00,1783905180,6194.T,816.0,816.0,816.0,816.0,300
2026-07-13 10:14:00,1783905240,6194.T,815.0,815.0,815.0,815.0,100
2026-07-13 10:17:00,1783905420,6194.T,815.0,815.0,815.0,815.0,100
2026-07-13 10:22:00,1783905720,6194.T,815.0,815.0,815.0,815.0,900
2026-07-13 10:23:00,1783905780,6194.T,815.0,816.0,815.0,816.0,1500
2026-07-13 10:26:00,1783905960,6194.T,816.0,817.0,815.0,816.0,4100
2026-07-13 10:27:00,1783906020,6194.T,815.0,815.0,814.0,814.0,400
2026-07-13 10:28:00,1783906080,6194.T,814.0,814.0,814.0,814.0,300
2026-07-13 10:31:00,1783906260,6194.T,813.0,813.0,813.0,813.0,100
2026-07-13 10:32:00,1783906320,6194.T,813.0,814.0,809.0,811.0,11200
2026-07-13 10:33:00,1783906380,6194.T,810.0,810.0,810.0,810.0,100
2026-07-13 10:34:00,1783906440,6194.T,811.0,811.0,810.0,810.0,400
2026-07-13 10:38:00,1783906680,6194.T,811.0,811.0,810.0,811.0,1900
2026-07-13 10:40:00,1783906800,6194.T,810.0,810.0,808.0,808.0,2500
2026-07-13 10:42:00,1783906920,6194.T,807.0,807.0,807.0,807.0,300
2026-07-13 10:42:09,1783906929,6194.T,807.0,807.0,807.0,807.0,0
2026-07-13 10:44:00,1783907040,6194.T,809.0,810.0,809.0,810.0,1500
2026-07-13 10:46:00,1783907160,6194.T,811.0,811.0,810.0,810.0,2300
2026-07-13 10:50:00,1783907400,6194.T,809.0,810.0,809.0,810.0,1700
2026-07-13 10:51:00,1783907460,6194.T,808.0,808.0,808.0,808.0,300
2026-07-13 10:53:00,1783907580,6194.T,808.0,810.0,808.0,810.0,400
2026-07-13 10:54:00,1783907640,6194.T,809.0,809.0,809.0,809.0,400
2026-07-13 10:55:00,1783907700,6194.T,809.0,809.0,809.0,809.0,1500
2026-07-13 10:56:00,1783907760,6194.T,810.0,810.0,810.0,810.0,100
2026-07-13 10:59:00,1783907940,6194.T,810.0,812.0,810.0,812.0,2000
2026-07-13 11:00:00,1783908000,6194.T,811.0,811.0,811.0,811.0,400
2026-07-13 11:00:09,1783908009,6194.T,811.0,811.0,811.0,811.0,0
2026-07-13 11:05:00,1783908300,6194.T,812.0,812.0,812.0,812.0,1300
2026-07-13 11:06:00,1783908360,6194.T,814.0,814.0,813.0,813.0,900
2026-07-13 11:07:00,1783908420,6194.T,814.0,814.0,814.0,814.0,800
2026-07-13 11:09:00,1783908540,6194.T,815.0,816.0,815.0,816.0,1800
2026-07-13 11:12:00,1783908720,6194.T,817.0,817.0,816.0,816.0,2400
2026-07-13 11:12:52,1783908772,6194.T,816.0,816.0,816.0,816.0,0
2026-07-13 11:15:00,1783908900,6194.T,815.0,815.0,815.0,815.0,100
2026-07-13 11:16:00,1783908960,6194.T,815.0,815.0,815.0,815.0,400
2026-07-13 11:17:00,1783909020,6194.T,814.0,814.0,812.0,812.0,300
2026-07-13 11:20:00,1783909200,6194.T,812.0,812.0,812.0,812.0,1200
2026-07-13 11:21:00,1783909260,6194.T,813.0,815.0,813.0,815.0,2500
2026-07-13 11:22:00,1783909320,6194.T,815.0,815.0,815.0,815.0,200
2026-07-13 11:23:00,1783909380,6194.T,815.0,815.0,815.0,815.0,300
2026-07-13 11:23:02,1783909382,6194.T,815.0,815.0,815.0,815.0,0
2026-07-13 11:24:00,1783909440,6194.T,814.0,815.0,814.0,815.0,500
2026-07-13 11:26:00,1783909560,6194.T,814.0,814.0,814.0,814.0,200
2026-07-13 11:27:00,1783909620,6194.T,814.0,816.0,814.0,816.0,2600
2026-07-13 11:28:00,1783909680,6194.T,815.0,815.0,815.0,815.0,200
2026-07-13 11:29:00,1783909740,6194.T,816.0,816.0,816.0,816.0,200
2026-07-13 11:30:00,1783909800,6194.T,815.0,815.0,815.0,815.0,14300
2026-07-13 12:30:00,1783913400,6194.T,813.0,813.0,809.0,809.0,34800
2026-07-13 12:30:19,1783913419,6194.T,809.0,809.0,809.0,809.0,0
2026-07-13 12:31:00,1783913460,6194.T,809.0,809.0,809.0,809.0,100
2026-07-13 12:32:00,1783913520,6194.T,808.0,808.0,808.0,808.0,200
2026-07-13 12:33:00,1783913580,6194.T,808.0,808.0,808.0,808.0,1000
2026-07-13 12:35:00,1783913700,6194.T,808.0,808.0,808.0,808.0,1200
2026-07-13 12:36:00,1783913760,6194.T,809.0,811.0,809.0,810.0,2700
2026-07-13 12:38:00,1783913880,6194.T,809.0,809.0,809.0,809.0,100
2026-07-13 12:39:00,1783913940,6194.T,810.0,810.0,810.0,810.0,100
2026-07-13 12:39:08,1783913948,6194.T,810.0,810.0,810.0,810.0,0
2026-07-13 12:40:00,1783914000,6194.T,810.0,810.0,810.0,810.0,200
2026-07-13 12:43:00,1783914180,6194.T,810.0,811.0,810.0,811.0,1600
2026-07-13 12:44:00,1783914240,6194.T,811.0,811.0,811.0,811.0,600
2026-07-13 12:45:00,1783914300,6194.T,811.0,811.0,811.0,811.0,500
2026-07-13 12:46:00,1783914360,6194.T,811.0,812.0,811.0,811.0,2600
2026-07-13 12:47:00,1783914420,6194.T,811.0,811.0,811.0,811.0,400
2026-07-13 12:48:00,1783914480,6194.T,811.0,812.0,811.0,812.0,1900
2026-07-13 12:49:00,1783914540,6194.T,811.0,812.0,811.0,812.0,600
2026-07-13 12:50:00,1783914600,6194.T,812.0,813.0,812.0,813.0,600
2026-07-13 12:52:00,1783914720,6194.T,812.0,812.0,811.0,811.0,1000
2026-07-13 12:53:00,1783914780,6194.T,812.0,812.0,811.0,811.0,700
2026-07-13 12:54:00,1783914840,6194.T,811.0,811.0,810.0,810.0,3100
2026-07-13 12:56:00,1783914960,6194.T,810.0,812.0,810.0,811.0,800
2026-07-13 12:56:23,1783914983,6194.T,811.0,811.0,811.0,811.0,0
2026-07-13 12:57:00,1783915020,6194.T,811.0,811.0,811.0,811.0,1500
2026-07-13 12:59:00,1783915140,6194.T,811.0,811.0,811.0,811.0,1000
2026-07-13 13:01:00,1783915260,6194.T,810.0,810.0,810.0,810.0,2600
2026-07-13 13:03:00,1783915380,6194.T,809.0,809.0,809.0,809.0,1100
2026-07-13 13:03:24,1783915404,6194.T,809.0,809.0,809.0,809.0,0
2026-07-13 13:06:00,1783915560,6194.T,809.0,809.0,809.0,809.0,100
2026-07-13 13:08:00,1783915680,6194.T,809.0,809.0,809.0,809.0,600
2026-07-13 13:10:00,1783915800,6194.T,809.0,810.0,809.0,809.0,2800
2026-07-13 13:11:00,1783915860,6194.T,809.0,809.0,808.0,808.0,2900
2026-07-13 13:12:00,1783915920,6194.T,808.0,808.0,808.0,808.0,100
2026-07-13 13:12:24,1783915944,6194.T,808.0,808.0,808.0,808.0,0
2026-07-13 13:17:00,1783916220,6194.T,808.0,808.0,808.0,808.0,100
2026-07-13 13:19:00,1783916340,6194.T,807.0,807.0,807.0,807.0,100
2026-07-13 13:20:00,1783916400,6194.T,808.0,808.0,808.0,808.0,100
2026-07-13 13:21:00,1783916460,6194.T,807.0,808.0,807.0,808.0,1800
2026-07-13 13:23:00,1783916580,6194.T,808.0,808.0,808.0,808.0,100
2026-07-13 13:23:04,1783916584,6194.T,808.0,808.0,808.0,808.0,0
2026-07-13 13:26:00,1783916760,6194.T,808.0,808.0,808.0,808.0,100
2026-07-13 13:27:00,1783916820,6194.T,808.0,809.0,806.0,807.0,6600
2026-07-13 13:28:00,1783916880,6194.T,807.0,807.0,807.0,807.0,100
2026-07-13 13:29:00,1783916940,6194.T,808.0,808.0,808.0,808.0,700
2026-07-13 13:30:00,1783917000,6194.T,808.0,808.0,808.0,808.0,100
2026-07-13 13:31:00,1783917060,6194.T,808.0,808.0,808.0,808.0,200
2026-07-13 13:32:00,1783917120,6194.T,809.0,809.0,809.0,809.0,1100
2026-07-13 13:33:00,1783917180,6194.T,809.0,809.0,808.0,808.0,300
2026-07-13 13:34:00,1783917240,6194.T,808.0,808.0,808.0,808.0,500
2026-07-13 13:35:00,1783917300,6194.T,809.0,809.0,809.0,809.0,100
2026-07-13 13:35:25,1783917325,6194.T,809.0,809.0,809.0,809.0,0
2026-07-13 13:36:00,1783917360,6194.T,808.0,808.0,808.0,808.0,100
2026-07-13 13:39:00,1783917540,6194.T,808.0,809.0,808.0,809.0,2500
2026-07-13 13:40:00,1783917600,6194.T,809.0,809.0,809.0,809.0,100
2026-07-13 13:43:00,1783917780,6194.T,809.0,809.0,809.0,809.0,200
2026-07-13 13:43:05,1783917785,6194.T,809.0,809.0,809.0,809.0,0
2026-07-13 13:46:00,1783917960,6194.T,809.0,809.0,809.0,809.0,300
2026-07-13 13:48:00,1783918080,6194.T,810.0,810.0,810.0,810.0,100
2026-07-13 13:50:00,1783918200,6194.T,808.0,809.0,808.0,809.0,700
2026-07-13 13:52:00,1783918320,6194.T,809.0,809.0,809.0,809.0,1100
2026-07-13 13:52:32,1783918352,6194.T,809.0,809.0,809.0,809.0,0
2026-07-13 13:58:00,1783918680,6194.T,809.0,809.0,809.0,809.0,1400
2026-07-13 13:58:33,1783918713,6194.T,809.0,809.0,809.0,809.0,0
2026-07-13 13:59:00,1783918740,6194.T,809.0,809.0,809.0,809.0,100
2026-07-13 14:00:00,1783918800,6194.T,810.0,810.0,810.0,810.0,1500
2026-07-13 14:01:00,1783918860,6194.T,810.0,810.0,810.0,810.0,400
2026-07-13 14:02:00,1783918920,6194.T,810.0,810.0,810.0,810.0,100
2026-07-13 14:03:00,1783918980,6194.T,810.0,810.0,810.0,810.0,300
2026-07-13 14:05:00,1783919100,6194.T,810.0,810.0,810.0,810.0,200
2026-07-13 14:05:11,1783919111,6194.T,810.0,810.0,810.0,810.0,0
2026-07-13 14:06:00,1783919160,6194.T,810.0,810.0,810.0,810.0,400
2026-07-13 14:08:00,1783919280,6194.T,810.0,810.0,810.0,810.0,1900
2026-07-13 14:10:00,1783919400,6194.T,811.0,811.0,811.0,811.0,4000
2026-07-13 14:10:53,1783919453,6194.T,811.0,811.0,811.0,811.0,0
2026-07-13 14:16:00,1783919760,6194.T,812.0,812.0,812.0,812.0,200
2026-07-13 14:20:00,1783920000,6194.T,812.0,812.0,812.0,812.0,100
2026-07-13 14:21:00,1783920060,6194.T,812.0,812.0,812.0,812.0,500
2026-07-13 14:22:00,1783920120,6194.T,812.0,812.0,812.0,812.0,1500
2026-07-13 14:23:00,1783920180,6194.T,813.0,813.0,813.0,813.0,100
2026-07-13 14:23:23,1783920203,6194.T,813.0,813.0,813.0,813.0,0
2026-07-13 14:26:00,1783920360,6194.T,813.0,813.0,813.0,813.0,200
2026-07-13 14:27:00,1783920420,6194.T,813.0,813.0,812.0,812.0,800
2026-07-13 14:29:00,1783920540,6194.T,812.0,812.0,812.0,812.0,1400
2026-07-13 14:29:35,1783920575,6194.T,812.0,812.0,812.0,812.0,0
2026-07-13 14:33:00,1783920780,6194.T,812.0,812.0,812.0,812.0,300
2026-07-13 14:35:00,1783920900,6194.T,812.0,812.0,812.0,812.0,1100
2026-07-13 14:38:00,1783921080,6194.T,812.0,812.0,812.0,812.0,100
2026-07-13 14:38:36,1783921116,6194.T,812.0,812.0,812.0,812.0,0
2026-07-13 14:41:00,1783921260,6194.T,812.0,812.0,812.0,812.0,2900
2026-07-13 14:43:00,1783921380,6194.T,813.0,813.0,813.0,813.0,100
2026-07-13 14:45:00,1783921500,6194.T,813.0,813.0,812.0,812.0,500
2026-07-13 14:45:46,1783921546,6194.T,812.0,812.0,812.0,812.0,0
2026-07-13 14:50:00,1783921800,6194.T,812.0,812.0,812.0,812.0,200
2026-07-13 14:51:00,1783921860,6194.T,812.0,812.0,812.0,812.0,600
2026-07-13 14:52:00,1783921920,6194.T,813.0,813.0,813.0,813.0,1000
2026-07-13 14:53:00,1783921980,6194.T,812.0,812.0,812.0,812.0,100
2026-07-13 14:54:00,1783922040,6194.T,812.0,812.0,801.0,808.0,39500
2026-07-13 14:55:00,1783922100,6194.T,808.0,808.0,807.0,807.0,600
2026-07-13 14:58:00,1783922280,6194.T,807.0,810.0,807.0,809.0,14000
2026-07-13 14:59:00,1783922340,6194.T,810.0,810.0,809.0,810.0,1300
2026-07-13 14:59:48,1783922388,6194.T,810.0,810.0,810.0,810.0,0
2026-07-13 15:00:00,1783922400,6194.T,811.0,813.0,811.0,813.0,2300
2026-07-13 15:01:00,1783922460,6194.T,812.0,812.0,812.0,812.0,400
2026-07-13 15:03:00,1783922580,6194.T,812.0,812.0,811.0,811.0,1200
2026-07-13 15:04:00,1783922640,6194.T,811.0,811.0,811.0,811.0,100
2026-07-13 15:05:00,1783922700,6194.T,812.0,812.0,812.0,812.0,600
2026-07-13 15:06:00,1783922760,6194.T,812.0,812.0,812.0,812.0,200
2026-07-13 15:09:00,1783922940,6194.T,812.0,814.0,812.0,814.0,2500
2026-07-13 15:09:34,1783922974,6194.T,814.0,814.0,814.0,814.0,0
2026-07-13 15:11:00,1783923060,6194.T,814.0,816.0,814.0,816.0,7000
2026-07-13 15:12:00,1783923120,6194.T,817.0,817.0,816.0,817.0,1700
2026-07-13 15:13:00,1783923180,6194.T,817.0,817.0,817.0,817.0,100
2026-07-13 15:14:00,1783923240,6194.T,817.0,817.0,817.0,817.0,100
2026-07-13 15:15:00,1783923300,6194.T,817.0,817.0,816.0,816.0,300
2026-07-13 15:16:00,1783923360,6194.T,817.0,817.0,816.0,816.0,900
2026-07-13 15:17:00,1783923420,6194.T,815.0,815.0,812.0,812.0,700
2026-07-13 15:18:00,1783923480,6194.T,814.0,814.0,814.0,814.0,200
2026-07-13 15:22:00,1783923720,6194.T,814.0,814.0,814.0,814.0,100
2026-07-13 15:24:00,1783923840,6194.T,815.0,815.0,814.0,814.0,1000
2026-07-13 15:30:00,1783924200,6194.T,816.0,816.0,816.0,816.0,0
2026-07-14 09:04:00,1783987440,6194.T,816.0,816.0,816.0,816.0,0
2026-07-14 09:05:00,1783987500,6194.T,824.0,828.0,824.0,828.0,60400
2026-07-14 09:06:00,1783987560,6194.T,828.0,828.0,826.0,826.0,2100
2026-07-14 09:07:00,1783987620,6194.T,826.0,827.0,820.0,820.0,9100
2026-07-14 09:08:00,1783987680,6194.T,823.0,825.0,823.0,825.0,900
2026-07-14 09:09:00,1783987740,6194.T,826.0,827.0,825.0,825.0,1100
2026-07-14 09:09:40,1783987780,6194.T,825.0,825.0,825.0,825.0,0
2026-07-14 09:10:00,1783987800,6194.T,826.0,827.0,826.0,827.0,400
2026-07-14 09:13:00,1783987980,6194.T,826.0,826.0,824.0,824.0,2500
2026-07-14 09:14:00,1783988040,6194.T,826.0,826.0,826.0,826.0,300
2026-07-14 09:15:00,1783988100,6194.T,826.0,826.0,826.0,826.0,100
2026-07-14 09:16:00,1783988160,6194.T,826.0,827.0,826.0,826.0,1400
2026-07-14 09:17:00,1783988220,6194.T,826.0,826.0,826.0,826.0,200
2026-07-14 09:18:00,1783988280,6194.T,827.0,827.0,827.0,827.0,100
2026-07-14 09:18:16,1783988296,6194.T,827.0,827.0,827.0,827.0,0
2026-07-14 09:20:00,1783988400,6194.T,828.0,829.0,827.0,827.0,2300
2026-07-14 09:21:00,1783988460,6194.T,827.0,827.0,827.0,827.0,100
2026-07-14 09:23:00,1783988580,6194.T,827.0,827.0,826.0,826.0,700
2026-07-14 09:24:00,1783988640,6194.T,826.0,826.0,826.0,826.0,600
2026-07-14 09:25:00,1783988700,6194.T,826.0,827.0,826.0,827.0,300
2026-07-14 09:26:00,1783988760,6194.T,826.0,826.0,826.0,826.0,100
2026-07-14 09:29:00,1783988940,6194.T,827.0,830.0,827.0,830.0,1200
2026-07-14 09:30:00,1783989000,6194.T,828.0,829.0,828.0,829.0,1000
2026-07-14 09:30:05,1783989005,6194.T,828.0,828.0,828.0,828.0,0
2026-07-14 09:33:00,1783989180,6194.T,828.0,828.0,828.0,828.0,100
2026-07-14 09:34:00,1783989240,6194.T,828.0,828.0,828.0,828.0,1000
2026-07-14 09:35:00,1783989300,6194.T,827.0,829.0,827.0,829.0,600
2026-07-14 09:36:00,1783989360,6194.T,829.0,829.0,829.0,829.0,100
2026-07-14 09:37:00,1783989420,6194.T,829.0,830.0,829.0,830.0,900
2026-07-14 09:38:00,1783989480,6194.T,830.0,830.0,828.0,828.0,800
2026-07-14 09:39:00,1783989540,6194.T,828.0,828.0,827.0,827.0,200
2026-07-14 09:39:02,1783989542,6194.T,827.0,827.0,827.0,827.0,0
2026-07-14 09:40:00,1783989600,6194.T,828.0,828.0,828.0,828.0,500
2026-07-14 09:41:00,1783989660,6194.T,828.0,828.0,828.0,828.0,2000
2026-07-14 09:43:00,1783989780,6194.T,828.0,828.0,828.0,828.0,300
2026-07-14 09:44:00,1783989840,6194.T,827.0,828.0,827.0,828.0,500
2026-07-14 09:45:00,1783989900,6194.T,828.0,828.0,828.0,828.0,100
2026-07-14 09:47:00,1783990020,6194.T,827.0,827.0,826.0,826.0,800
2026-07-14 09:48:00,1783990080,6194.T,826.0,826.0,826.0,826.0,100
2026-07-14 09:49:00,1783990140,6194.T,827.0,827.0,827.0,827.0,200
2026-07-14 09:49:01,1783990141,6194.T,827.0,827.0,827.0,827.0,0
2026-07-14 09:51:00,1783990260,6194.T,827.0,827.0,827.0,827.0,200
2026-07-14 09:52:00,1783990320,6194.T,827.0,828.0,827.0,828.0,900
2026-07-14 09:56:00,1783990560,6194.T,828.0,828.0,828.0,828.0,200
2026-07-14 09:57:00,1783990620,6194.T,828.0,828.0,828.0,828.0,100
2026-07-14 10:00:00,1783990800,6194.T,828.0,828.0,828.0,828.0,100
2026-07-14 10:00:03,1783990803,6194.T,828.0,828.0,828.0,828.0,0
2026-07-14 10:01:00,1783990860,6194.T,828.0,828.0,828.0,828.0,1000
2026-07-14 10:03:00,1783990980,6194.T,828.0,828.0,828.0,828.0,400
2026-07-14 10:05:00,1783991100,6194.T,828.0,828.0,828.0,828.0,200
2026-07-14 10:06:00,1783991160,6194.T,828.0,829.0,828.0,829.0,800
2026-07-14 10:07:00,1783991220,6194.T,829.0,829.0,829.0,829.0,200
2026-07-14 10:09:00,1783991340,6194.T,829.0,829.0,829.0,829.0,700
2026-07-14 10:09:21,1783991361,6194.T,829.0,829.0,829.0,829.0,0
2026-07-14 10:11:00,1783991460,6194.T,830.0,830.0,829.0,829.0,800
2026-07-14 10:12:00,1783991520,6194.T,830.0,830.0,830.0,830.0,100
2026-07-14 10:14:00,1783991640,6194.T,830.0,830.0,830.0,830.0,100
2026-07-14 10:16:00,1783991760,6194.T,830.0,830.0,830.0,830.0,100
2026-07-14 10:19:00,1783991940,6194.T,830.0,831.0,830.0,831.0,600
2026-07-14 10:19:58,1783991998,6194.T,831.0,831.0,831.0,831.0,0
2026-07-14 10:21:00,1783992060,6194.T,830.0,830.0,830.0,830.0,100
2026-07-14 10:22:00,1783992120,6194.T,830.0,830.0,830.0,830.0,100
2026-07-14 10:23:00,1783992180,6194.T,829.0,829.0,829.0,829.0,1000
2026-07-14 10:28:00,1783992480,6194.T,829.0,829.0,829.0,829.0,100
2026-07-14 10:28:50,1783992530,6194.T,829.0,829.0,829.0,829.0,0
2026-07-14 10:31:00,1783992660,6194.T,828.0,828.0,827.0,827.0,1400
2026-07-14 10:32:00,1783992720,6194.T,827.0,827.0,827.0,827.0,200
2026-07-14 10:33:00,1783992780,6194.T,827.0,827.0,827.0,827.0,500
2026-07-14 10:35:00,1783992900,6194.T,827.0,827.0,827.0,827.0,300
2026-07-14 10:36:00,1783992960,6194.T,827.0,827.0,823.0,823.0,6900
2026-07-14 10:37:00,1783993020,6194.T,824.0,824.0,824.0,824.0,100
2026-07-14 10:38:00,1783993080,6194.T,824.0,825.0,824.0,825.0,900
2026-07-14 10:38:47,1783993127,6194.T,825.0,825.0,825.0,825.0,0
2026-07-14 10:40:00,1783993200,6194.T,825.0,825.0,825.0,825.0,100
2026-07-14 10:41:00,1783993260,6194.T,825.0,825.0,825.0,825.0,100
2026-07-14 10:43:00,1783993380,6194.T,826.0,826.0,826.0,826.0,200
2026-07-14 10:44:00,1783993440,6194.T,826.0,826.0,826.0,826.0,100
2026-07-14 10:46:00,1783993560,6194.T,827.0,827.0,826.0,826.0,200
2026-07-14 10:47:00,1783993620,6194.T,826.0,826.0,826.0,826.0,100
2026-07-14 10:49:00,1783993740,6194.T,826.0,826.0,826.0,826.0,700
2026-07-14 10:49:01,1783993741,6194.T,826.0,826.0,826.0,826.0,0
2026-07-14 10:50:00,1783993800,6194.T,827.0,827.0,827.0,827.0,100
2026-07-14 10:53:00,1783993980,6194.T,826.0,826.0,826.0,826.0,900
2026-07-14 10:57:00,1783994220,6194.T,827.0,827.0,827.0,827.0,500
2026-07-14 10:59:00,1783994340,6194.T,827.0,827.0,827.0,827.0,100
2026-07-14 11:00:00,1783994400,6194.T,827.0,827.0,827.0,827.0,1000
2026-07-14 11:00:39,1783994439,6194.T,827.0,827.0,827.0,827.0,0
2026-07-14 11:03:00,1783994580,6194.T,827.0,827.0,827.0,827.0,1300
2026-07-14 11:07:00,1783994820,6194.T,827.0,827.0,827.0,827.0,100
2026-07-14 11:09:00,1783994940,6194.T,827.0,827.0,827.0,827.0,300
2026-07-14 11:09:23,1783994963,6194.T,827.0,827.0,827.0,827.0,0
2026-07-14 11:11:00,1783995060,6194.T,827.0,827.0,827.0,827.0,100
2026-07-14 11:13:00,1783995180,6194.T,827.0,828.0,827.0,828.0,200
2026-07-14 11:16:00,1783995360,6194.T,828.0,828.0,828.0,828.0,100
2026-07-14 11:17:00,1783995420,6194.T,828.0,828.0,828.0,828.0,100
2026-07-14 11:18:00,1783995480,6194.T,828.0,828.0,828.0,828.0,100
2026-07-14 11:19:00,1783995540,6194.T,828.0,828.0,828.0,828.0,1800
2026-07-14 11:19:44,1783995584,6194.T,828.0,828.0,828.0,828.0,0
2026-07-14 11:23:00,1783995780,6194.T,828.0,828.0,828.0,828.0,1400
2026-07-14 11:25:00,1783995900,6194.T,827.0,827.0,827.0,827.0,300
2026-07-14 11:26:00,1783995960,6194.T,827.0,827.0,827.0,827.0,500
2026-07-14 11:29:00,1783996140,6194.T,827.0,829.0,827.0,827.0,1500
2026-07-14 11:30:00,1783996200,6194.T,827.0,827.0,827.0,827.0,4500
2026-07-14 12:30:00,1783999800,6194.T,829.0,831.0,829.0,830.0,20500
2026-07-14 12:30:01,1783999801,6194.T,829.0,829.0,829.0,829.0,0
2026-07-14 12:33:00,1783999980,6194.T,831.0,831.0,830.0,830.0,300
2026-07-14 12:34:00,1784000040,6194.T,830.0,831.0,830.0,831.0,600
2026-07-14 12:35:00,1784000100,6194.T,831.0,832.0,831.0,831.0,1800
2026-07-14 12:38:00,1784000280,6194.T,831.0,831.0,831.0,831.0,400
2026-07-14 12:40:00,1784000400,6194.T,832.0,833.0,832.0,833.0,1900
2026-07-14 12:40:41,1784000441,6194.T,832.0,832.0,832.0,832.0,0
2026-07-14 12:41:00,1784000460,6194.T,833.0,833.0,833.0,833.0,400
2026-07-14 12:42:00,1784000520,6194.T,833.0,833.0,832.0,832.0,800
2026-07-14 12:45:00,1784000700,6194.T,833.0,833.0,833.0,833.0,400
2026-07-14 12:46:00,1784000760,6194.T,834.0,834.0,834.0,834.0,2500
2026-07-14 12:47:00,1784000820,6194.T,834.0,834.0,834.0,834.0,2600
2026-07-14 12:48:00,1784000880,6194.T,834.0,834.0,834.0,834.0,100
2026-07-14 12:49:00,1784000940,6194.T,834.0,835.0,833.0,835.0,2800
2026-07-14 12:50:00,1784001000,6194.T,834.0,834.0,834.0,834.0,200
2026-07-14 12:50:18,1784001018,6194.T,834.0,834.0,834.0,834.0,0
2026-07-14 12:54:00,1784001240,6194.T,834.0,834.0,834.0,834.0,100
2026-07-14 12:55:00,1784001300,6194.T,833.0,833.0,833.0,833.0,300
2026-07-14 12:56:00,1784001360,6194.T,833.0,834.0,833.0,834.0,1400
2026-07-14 12:58:00,1784001480,6194.T,834.0,834.0,834.0,834.0,200
2026-07-14 12:59:00,1784001540,6194.T,834.0,834.0,834.0,834.0,100
2026-07-14 13:00:00,1784001600,6194.T,835.0,835.0,835.0,835.0,100
2026-07-14 13:00:18,1784001618,6194.T,835.0,835.0,835.0,835.0,0
2026-07-14 13:01:00,1784001660,6194.T,835.0,835.0,835.0,835.0,100
2026-07-14 13:02:00,1784001720,6194.T,835.0,835.0,834.0,834.0,200
2026-07-14 13:04:00,1784001840,6194.T,835.0,835.0,835.0,835.0,100
2026-07-14 13:05:00,1784001900,6194.T,835.0,835.0,835.0,835.0,100
2026-07-14 13:07:00,1784002020,6194.T,835.0,835.0,835.0,835.0,100
2026-07-14 13:09:00,1784002140,6194.T,835.0,835.0,834.0,834.0,200
2026-07-14 13:09:51,1784002191,6194.T,834.0,834.0,834.0,834.0,0
2026-07-14 13:10:00,1784002200,6194.T,835.0,835.0,835.0,835.0,200
2026-07-14 13:12:00,1784002320,6194.T,835.0,835.0,835.0,835.0,100
2026-07-14 13:13:00,1784002380,6194.T,835.0,835.0,835.0,835.0,100
2026-07-14 13:15:00,1784002500,6194.T,835.0,835.0,835.0,835.0,100
2026-07-14 13:16:00,1784002560,6194.T,835.0,835.0,835.0,835.0,300
2026-07-14 13:19:00,1784002740,6194.T,835.0,835.0,835.0,835.0,100
2026-07-14 13:20:00,1784002800,6194.T,835.0,835.0,835.0,835.0,100
2026-07-14 13:20:19,1784002819,6194.T,835.0,835.0,835.0,835.0,0
2026-07-14 13:21:00,1784002860,6194.T,835.0,835.0,835.0,835.0,100
2026-07-14 13:24:00,1784003040,6194.T,835.0,835.0,835.0,835.0,100
2026-07-14 13:26:00,1784003160,6194.T,835.0,835.0,835.0,835.0,900
2026-07-14 13:27:00,1784003220,6194.T,835.0,835.0,835.0,835.0,100
2026-07-14 13:28:00,1784003280,6194.T,835.0,835.0,834.0,834.0,200
2026-07-14 13:29:00,1784003340,6194.T,835.0,835.0,835.0,835.0,500
2026-07-14 13:30:00,1784003400,6194.T,834.0,836.0,834.0,836.0,200
2026-07-14 13:31:00,1784003460,6194.T,836.0,836.0,834.0,834.0,1300
2026-07-14 13:31:02,1784003462,6194.T,834.0,834.0,834.0,834.0,0
2026-07-14 13:32:00,1784003520,6194.T,835.0,835.0,835.0,835.0,1200
2026-07-14 13:33:00,1784003580,6194.T,835.0,835.0,835.0,835.0,900
2026-07-14 13:34:00,1784003640,6194.T,835.0,836.0,835.0,836.0,200
2026-07-14 13:36:00,1784003760,6194.T,835.0,835.0,835.0,835.0,100
2026-07-14 13:37:00,1784003820,6194.T,836.0,836.0,836.0,836.0,1000
2026-07-14 13:39:00,1784003940,6194.T,834.0,836.0,834.0,836.0,800
2026-07-14 13:39:54,1784003994,6194.T,836.0,836.0,836.0,836.0,0
2026-07-14 13:40:00,1784004000,6194.T,835.0,835.0,835.0,835.0,200
2026-07-14 13:41:00,1784004060,6194.T,836.0,836.0,836.0,836.0,100
2026-07-14 13:42:00,1784004120,6194.T,836.0,836.0,836.0,836.0,500
2026-07-14 13:44:00,1784004240,6194.T,836.0,836.0,834.0,834.0,2200
2026-07-14 13:49:00,1784004540,6194.T,835.0,835.0,835.0,835.0,100
2026-07-14 13:49:31,1784004571,6194.T,835.0,835.0,835.0,835.0,0
2026-07-14 13:52:00,1784004720,6194.T,834.0,834.0,834.0,834.0,500
2026-07-14 13:53:00,1784004780,6194.T,835.0,835.0,835.0,835.0,100
2026-07-14 13:57:00,1784005020,6194.T,835.0,835.0,834.0,834.0,200
2026-07-14 14:00:00,1784005200,6194.T,834.0,834.0,832.0,832.0,3200
2026-07-14 14:00:14,1784005214,6194.T,832.0,832.0,832.0,832.0,0
2026-07-14 14:01:00,1784005260,6194.T,833.0,833.0,833.0,833.0,400
2026-07-14 14:06:00,1784005560,6194.T,833.0,833.0,833.0,833.0,200
2026-07-14 14:08:00,1784005680,6194.T,833.0,833.0,833.0,833.0,200
2026-07-14 14:10:00,1784005800,6194.T,833.0,833.0,832.0,832.0,300
2026-07-14 14:10:48,1784005848,6194.T,832.0,832.0,832.0,832.0,0
2026-07-14 14:12:00,1784005920,6194.T,833.0,833.0,833.0,833.0,1200
2026-07-14 14:16:00,1784006160,6194.T,833.0,833.0,833.0,833.0,100
2026-07-14 14:17:00,1784006220,6194.T,833.0,833.0,833.0,833.0,100
2026-07-14 14:17:20,1784006240,6194.T,833.0,833.0,833.0,833.0,0
2026-07-14 14:22:00,1784006520,6194.T,833.0,833.0,833.0,833.0,100
2026-07-14 14:26:00,1784006760,6194.T,833.0,833.0,833.0,833.0,300
2026-07-14 14:27:00,1784006820,6194.T,833.0,833.0,833.0,833.0,100
2026-07-14 14:29:00,1784006940,6194.T,833.0,833.0,833.0,833.0,100
2026-07-14 14:30:00,1784007000,6194.T,833.0,833.0,831.0,831.0,1500
2026-07-14 14:30:33,1784007033,6194.T,831.0,831.0,831.0,831.0,0
2026-07-14 14:33:00,1784007180,6194.T,832.0,832.0,832.0,832.0,500
2026-07-14 14:35:00,1784007300,6194.T,832.0,832.0,832.0,832.0,100
2026-07-14 14:36:00,1784007360,6194.T,832.0,832.0,832.0,832.0,100
2026-07-14 14:40:00,1784007600,6194.T,832.0,832.0,832.0,832.0,100
2026-07-14 14:41:00,1784007660,6194.T,831.0,831.0,830.0,831.0,2000
2026-07-14 14:42:00,1784007720,6194.T,830.0,830.0,830.0,830.0,100
2026-07-14 14:42:25,1784007745,6194.T,830.0,830.0,830.0,830.0,0
2026-07-14 14:43:00,1784007780,6194.T,830.0,830.0,830.0,830.0,200
2026-07-14 14:45:00,1784007900,6194.T,830.0,830.0,830.0,830.0,100
2026-07-14 14:49:00,1784008140,6194.T,830.0,830.0,830.0,830.0,100
2026-07-14 14:50:00,1784008200,6194.T,830.0,830.0,829.0,829.0,1000
2026-07-14 14:51:00,1784008260,6194.T,830.0,830.0,828.0,829.0,5400
2026-07-14 14:52:00,1784008320,6194.T,830.0,830.0,830.0,830.0,100
2026-07-14 14:53:00,1784008380,6194.T,830.0,830.0,830.0,830.0,100
2026-07-14 14:54:00,1784008440,6194.T,830.0,830.0,830.0,830.0,100
2026-07-14 14:57:00,1784008620,6194.T,831.0,831.0,831.0,831.0,200
2026-07-14 14:58:00,1784008680,6194.T,831.0,831.0,831.0,831.0,100
2026-07-14 14:59:00,1784008740,6194.T,830.0,830.0,830.0,830.0,1800
2026-07-14 15:03:00,1784008980,6194.T,831.0,831.0,831.0,831.0,200
2026-07-14 15:03:39,1784009019,6194.T,831.0,831.0,831.0,831.0,0
2026-07-14 15:05:00,1784009100,6194.T,831.0,831.0,831.0,831.0,100
2026-07-14 15:06:00,1784009160,6194.T,830.0,830.0,830.0,830.0,100
2026-07-14 15:07:00,1784009220,6194.T,831.0,831.0,831.0,831.0,100
2026-07-14 15:09:00,1784009340,6194.T,831.0,831.0,831.0,831.0,600
2026-07-14 15:10:00,1784009400,6194.T,831.0,831.0,831.0,831.0,100
2026-07-14 15:11:00,1784009460,6194.T,831.0,831.0,831.0,831.0,100
2026-07-14 15:12:00,1784009520,6194.T,830.0,830.0,829.0,829.0,1300
2026-07-14 15:13:00,1784009580,6194.T,830.0,830.0,830.0,830.0,100
2026-07-14 15:13:08,1784009588,6194.T,830.0,830.0,830.0,830.0,0
2026-07-14 15:15:00,1784009700,6194.T,830.0,830.0,829.0,829.0,500
2026-07-14 15:17:00,1784009820,6194.T,829.0,830.0,829.0,829.0,1400
2026-07-14 15:19:00,1784009940,6194.T,831.0,831.0,831.0,831.0,200
2026-07-14 15:21:00,1784010060,6194.T,831.0,831.0,830.0,830.0,1900
2026-07-14 15:23:00,1784010180,6194.T,829.0,829.0,829.0,829.0,600
2026-07-14 15:24:00,1784010240,6194.T,830.0,831.0,830.0,830.0,400
2026-07-14 15:30:00,1784010600,6194.T,832.0,832.0,832.0,832.0,0
2026-07-15 09:04:00,1784073840,6194.T,832.0,832.0,832.0,832.0,0
2026-07-15 09:05:00,1784073900,6194.T,826.0,826.0,826.0,826.0,23200
2026-07-15 09:07:00,1784074020,6194.T,826.0,826.0,825.0,825.0,2100
2026-07-15 09:08:00,1784074080,6194.T,825.0,825.0,822.0,823.0,2500
2026-07-15 09:09:00,1784074140,6194.T,823.0,824.0,820.0,820.0,4400
2026-07-15 09:10:00,1784074200,6194.T,822.0,822.0,820.0,820.0,5500
2026-07-15 09:11:00,1784074260,6194.T,819.0,819.0,817.0,817.0,1200
2026-07-15 09:12:00,1784074320,6194.T,817.0,818.0,817.0,818.0,1100
2026-07-15 09:13:00,1784074380,6194.T,819.0,819.0,819.0,819.0,500
2026-07-15 09:13:40,1784074420,6194.T,819.0,819.0,819.0,819.0,0
2026-07-15 09:16:00,1784074560,6194.T,819.0,819.0,819.0,819.0,700
2026-07-15 09:17:00,1784074620,6194.T,820.0,820.0,820.0,820.0,1400
2026-07-15 09:18:00,1784074680,6194.T,821.0,821.0,821.0,821.0,800
2026-07-15 09:20:00,1784074800,6194.T,821.0,821.0,821.0,821.0,600
2026-07-15 09:21:00,1784074860,6194.T,820.0,820.0,819.0,819.0,1200
2026-07-15 09:22:00,1784074920,6194.T,820.0,820.0,820.0,820.0,200
2026-07-15 09:24:00,1784075040,6194.T,818.0,821.0,818.0,821.0,1700
2026-07-15 09:25:00,1784075100,6194.T,821.0,821.0,821.0,821.0,200
2026-07-15 09:25:06,1784075106,6194.T,821.0,821.0,821.0,821.0,0
2026-07-15 09:27:00,1784075220,6194.T,821.0,821.0,821.0,821.0,700
2026-07-15 09:28:00,1784075280,6194.T,821.0,821.0,820.0,820.0,900
2026-07-15 09:29:00,1784075340,6194.T,820.0,820.0,820.0,820.0,200
2026-07-15 09:32:00,1784075520,6194.T,821.0,823.0,820.0,823.0,1400
2026-07-15 09:33:00,1784075580,6194.T,822.0,822.0,821.0,821.0,400
2026-07-15 09:34:00,1784075640,6194.T,821.0,824.0,821.0,824.0,2300
2026-07-15 09:37:00,1784075820,6194.T,824.0,826.0,824.0,826.0,1600
2026-07-15 09:37:56,1784075876,6194.T,826.0,826.0,826.0,826.0,0
2026-07-15 09:38:00,1784075880,6194.T,825.0,825.0,825.0,825.0,100
2026-07-15 09:39:00,1784075940,6194.T,825.0,826.0,825.0,826.0,500
2026-07-15 09:40:00,1784076000,6194.T,825.0,825.0,825.0,825.0,100
2026-07-15 09:43:00,1784076180,6194.T,825.0,826.0,825.0,825.0,800
2026-07-15 09:44:00,1784076240,6194.T,825.0,825.0,825.0,825.0,200
2026-07-15 09:44:34,1784076274,6194.T,825.0,825.0,825.0,825.0,0
2026-07-15 09:47:00,1784076420,6194.T,825.0,825.0,825.0,825.0,300
2026-07-15 09:50:00,1784076600,6194.T,824.0,824.0,822.0,823.0,1300
2026-07-15 09:51:00,1784076660,6194.T,824.0,825.0,824.0,825.0,1500
2026-07-15 09:53:00,1784076780,6194.T,826.0,826.0,825.0,825.0,400
2026-07-15 09:54:00,1784076840,6194.T,825.0,825.0,823.0,825.0,1700
2026-07-15 09:55:00,1784076900,6194.T,825.0,825.0,825.0,825.0,400
2026-07-15 09:57:00,1784077020,6194.T,825.0,825.0,825.0,825.0,800
2026-07-15 09:57:23,1784077043,6194.T,825.0,825.0,825.0,825.0,0
2026-07-15 10:00:00,1784077200,6194.T,825.0,825.0,822.0,823.0,1100
2026-07-15 10:02:00,1784077320,6194.T,823.0,823.0,823.0,823.0,100
2026-07-15 10:03:00,1784077380,6194.T,824.0,825.0,824.0,825.0,1200
2026-07-15 10:05:00,1784077500,6194.T,825.0,826.0,825.0,826.0,300
2026-07-15 10:05:37,1784077537,6194.T,826.0,826.0,826.0,826.0,0
2026-07-15 10:14:00,1784078040,6194.T,826.0,826.0,826.0,826.0,400
2026-07-15 10:17:00,1784078220,6194.T,826.0,826.0,826.0,826.0,100
2026-07-15 10:17:06,1784078226,6194.T,826.0,826.0,826.0,826.0,0
2026-07-15 10:18:00,1784078280,6194.T,826.0,826.0,826.0,826.0,400
2026-07-15 10:19:00,1784078340,6194.T,826.0,826.0,825.0,825.0,800
2026-07-15 10:26:00,1784078760,6194.T,826.0,826.0,826.0,826.0,700
2026-07-15 10:27:00,1784078820,6194.T,825.0,825.0,825.0,825.0,800
2026-07-15 10:27:31,1784078851,6194.T,825.0,825.0,825.0,825.0,0
2026-07-15 10:30:00,1784079000,6194.T,825.0,825.0,825.0,825.0,500
2026-07-15 10:33:00,1784079180,6194.T,825.0,825.0,825.0,825.0,600
2026-07-15 10:38:00,1784079480,6194.T,825.0,825.0,825.0,825.0,100
2026-07-15 10:38:20,1784079500,6194.T,825.0,825.0,825.0,825.0,0
2026-07-15 10:46:00,1784079960,6194.T,826.0,826.0,826.0,826.0,200
2026-07-15 10:47:00,1784080020,6194.T,825.0,825.0,825.0,825.0,100
2026-07-15 10:48:00,1784080080,6194.T,825.0,825.0,825.0,825.0,500
2026-07-15 10:48:21,1784080101,6194.T,825.0,825.0,825.0,825.0,0
2026-07-15 10:50:00,1784080200,6194.T,825.0,825.0,825.0,825.0,100
2026-07-15 10:59:00,1784080740,6194.T,826.0,826.0,826.0,826.0,100
2026-07-15 10:59:09,1784080749,6194.T,826.0,826.0,826.0,826.0,0
2026-07-15 11:03:00,1784080980,6194.T,825.0,825.0,825.0,825.0,200
2026-07-15 11:05:00,1784081100,6194.T,825.0,825.0,824.0,824.0,1600
2026-07-15 11:06:00,1784081160,6194.T,824.0,824.0,823.0,823.0,300
2026-07-15 11:08:00,1784081280,6194.T,825.0,825.0,824.0,824.0,400
2026-07-15 11:09:00,1784081340,6194.T,825.0,825.0,825.0,825.0,500
2026-07-15 11:09:31,1784081371,6194.T,825.0,825.0,825.0,825.0,0
2026-07-15 11:10:00,1784081400,6194.T,824.0,824.0,824.0,824.0,200
2026-07-15 11:13:00,1784081580,6194.T,824.0,824.0,824.0,824.0,200
2026-07-15 11:14:00,1784081640,6194.T,825.0,825.0,825.0,825.0,200
2026-07-15 11:14:43,1784081683,6194.T,825.0,825.0,825.0,825.0,0
2026-07-15 11:30:00,1784082600,6194.T,826.0,827.0,826.0,827.0,3000
2026-07-15 12:30:00,1784086200,6194.T,826.0,826.0,825.0,825.0,12900
2026-07-15 12:30:46,1784086246,6194.T,825.0,825.0,825.0,825.0,0
2026-07-15 12:32:00,1784086320,6194.T,824.0,824.0,821.0,822.0,8600
2026-07-15 12:33:00,1784086380,6194.T,822.0,823.0,822.0,822.0,4800
2026-07-15 12:36:00,1784086560,6194.T,822.0,822.0,822.0,822.0,200
2026-07-15 12:37:00,1784086620,6194.T,822.0,822.0,822.0,822.0,100
2026-07-15 12:37:58,1784086678,6194.T,822.0,822.0,822.0,822.0,0
2026-07-15 12:46:00,1784087160,6194.T,820.0,820.0,820.0,820.0,100
2026-07-15 12:48:00,1784087280,6194.T,820.0,821.0,819.0,819.0,3200
2026-07-15 12:50:00,1784087400,6194.T,819.0,820.0,819.0,820.0,600
2026-07-15 12:51:00,1784087460,6194.T,820.0,820.0,820.0,820.0,500
2026-07-15 12:51:18,1784087478,6194.T,820.0,820.0,820.0,820.0,0
2026-07-15 12:52:00,1784087520,6194.T,820.0,820.0,820.0,820.0,2200
2026-07-15 12:53:00,1784087580,6194.T,821.0,822.0,821.0,821.0,1000
2026-07-15 12:54:00,1784087640,6194.T,822.0,823.0,822.0,823.0,1300
2026-07-15 12:58:00,1784087880,6194.T,821.0,821.0,821.0,821.0,200
2026-07-15 12:59:00,1784087940,6194.T,821.0,822.0,821.0,822.0,300
2026-07-15 12:59:15,1784087955,6194.T,822.0,822.0,822.0,822.0,0
2026-07-15 13:01:00,1784088060,6194.T,822.0,822.0,822.0,822.0,600
2026-07-15 13:04:00,1784088240,6194.T,823.0,823.0,823.0,823.0,100
2026-07-15 13:05:00,1784088300,6194.T,822.0,822.0,822.0,822.0,400
2026-07-15 13:06:00,1784088360,6194.T,821.0,821.0,821.0,821.0,100
2026-07-15 13:07:00,1784088420,6194.T,821.0,821.0,821.0,821.0,100
2026-07-15 13:08:00,1784088480,6194.T,822.0,822.0,822.0,822.0,100
2026-07-15 13:08:25,1784088505,6194.T,822.0,822.0,822.0,822.0,0
2026-07-15 13:12:00,1784088720,6194.T,822.0,822.0,822.0,822.0,200
2026-07-15 13:17:00,1784089020,6194.T,821.0,821.0,821.0,821.0,200
2026-07-15 13:18:00,1784089080,6194.T,822.0,822.0,822.0,822.0,200
2026-07-15 13:20:00,1784089200,6194.T,821.0,821.0,821.0,821.0,600
2026-07-15 13:20:29,1784089229,6194.T,821.0,821.0,821.0,821.0,0
2026-07-15 13:22:00,1784089320,6194.T,822.0,823.0,822.0,823.0,2000
2026-07-15 13:23:00,1784089380,6194.T,822.0,822.0,822.0,822.0,400
2026-07-15 13:24:00,1784089440,6194.T,821.0,821.0,821.0,821.0,100
2026-07-15 13:26:00,1784089560,6194.T,821.0,821.0,821.0,821.0,100
2026-07-15 13:28:00,1784089680,6194.T,821.0,821.0,821.0,821.0,500
2026-07-15 13:28:42,1784089722,6194.T,821.0,821.0,821.0,821.0,0
2026-07-15 13:36:00,1784090160,6194.T,821.0,821.0,821.0,821.0,200
2026-07-15 13:37:00,1784090220,6194.T,821.0,821.0,821.0,821.0,100
2026-07-15 13:43:00,1784090580,6194.T,822.0,822.0,822.0,822.0,600
2026-07-15 13:43:34,1784090614,6194.T,822.0,822.0,822.0,822.0,0
2026-07-15 13:44:00,1784090640,6194.T,822.0,822.0,822.0,822.0,600
2026-07-15 13:46:00,1784090760,6194.T,821.0,821.0,821.0,821.0,700
2026-07-15 13:46:56,1784090816,6194.T,821.0,821.0,821.0,821.0,0
2026-07-15 14:01:00,1784091660,6194.T,821.0,821.0,821.0,821.0,100
2026-07-15 14:04:00,1784091840,6194.T,821.0,821.0,821.0,821.0,300
2026-07-15 14:11:00,1784092260,6194.T,822.0,822.0,822.0,822.0,400
2026-07-15 14:15:00,1784092500,6194.T,822.0,822.0,822.0,822.0,100
2026-07-15 14:15:17,1784092517,6194.T,822.0,822.0,822.0,822.0,0
2026-07-15 14:19:00,1784092740,6194.T,821.0,821.0,821.0,821.0,100
2026-07-15 14:21:00,1784092860,6194.T,821.0,821.0,821.0,821.0,100
2026-07-15 14:24:00,1784093040,6194.T,821.0,821.0,821.0,821.0,1400
2026-07-15 14:24:15,1784093055,6194.T,821.0,821.0,821.0,821.0,0
2026-07-15 14:31:00,1784093460,6194.T,820.0,820.0,820.0,820.0,100
2026-07-15 14:33:00,1784093580,6194.T,820.0,820.0,820.0,820.0,100
2026-07-15 14:34:00,1784093640,6194.T,820.0,820.0,820.0,820.0,200
2026-07-15 14:36:00,1784093760,6194.T,820.0,820.0,820.0,820.0,1400
2026-07-15 14:36:40,1784093800,6194.T,820.0,820.0,820.0,820.0,0
2026-07-15 14:43:00,1784094180,6194.T,820.0,820.0,820.0,820.0,100
2026-07-15 14:47:00,1784094420,6194.T,820.0,820.0,820.0,820.0,600
2026-07-15 14:47:19,1784094439,6194.T,820.0,820.0,820.0,820.0,0
2026-07-15 14:50:00,1784094600,6194.T,819.0,819.0,819.0,819.0,500
2026-07-15 14:53:00,1784094780,6194.T,819.0,819.0,819.0,819.0,400
2026-07-15 14:55:00,1784094900,6194.T,819.0,819.0,819.0,819.0,100
2026-07-15 14:57:00,1784095020,6194.T,820.0,820.0,820.0,820.0,1100
2026-07-15 14:59:00,1784095140,6194.T,820.0,820.0,820.0,820.0,200
2026-07-15 15:03:00,1784095380,6194.T,821.0,821.0,821.0,821.0,200
2026-07-15 15:04:00,1784095440,6194.T,821.0,821.0,821.0,821.0,500
2026-07-15 15:04:58,1784095498,6194.T,821.0,821.0,821.0,821.0,0
2026-07-15 15:08:00,1784095680,6194.T,820.0,820.0,820.0,820.0,1400
2026-07-15 15:09:00,1784095740,6194.T,819.0,819.0,819.0,819.0,100
2026-07-15 15:10:00,1784095800,6194.T,820.0,820.0,820.0,820.0,1500
2026-07-15 15:16:00,1784096160,6194.T,821.0,821.0,821.0,821.0,500
2026-07-15 15:17:00,1784096220,6194.T,820.0,820.0,820.0,820.0,600
2026-07-15 15:22:00,1784096520,6194.T,820.0,820.0,820.0,820.0,200
2026-07-15 15:23:00,1784096580,6194.T,820.0,821.0,820.0,821.0,300
2026-07-15 15:24:00,1784096640,6194.T,821.0,821.0,820.0,820.0,500
2026-07-15 15:30:00,1784097000,6194.T,824.0,824.0,824.0,824.0,0
2026-07-16 09:00:32,1784160032,6194.T,824.0,824.0,824.0,824.0,0
2026-07-16 09:07:00,1784160420,6194.T,829.0,829.0,829.0,829.0,0
2026-07-16 09:08:00,1784160480,6194.T,830.0,831.0,830.0,831.0,1200
2026-07-16 09:11:00,1784160660,6194.T,831.0,831.0,831.0,831.0,200
2026-07-16 09:11:05,1784160665,6194.T,831.0,831.0,831.0,831.0,0
2026-07-16 09:13:00,1784160780,6194.T,832.0,832.0,832.0,832.0,800
2026-07-16 09:14:00,1784160840,6194.T,833.0,835.0,833.0,835.0,5000
2026-07-16 09:15:00,1784160900,6194.T,834.0,836.0,834.0,836.0,1500
2026-07-16 09:16:00,1784160960,6194.T,837.0,837.0,836.0,836.0,1500
2026-07-16 09:17:00,1784161020,6194.T,836.0,837.0,836.0,837.0,1300
2026-07-16 09:19:00,1784161140,6194.T,836.0,836.0,836.0,836.0,1500
2026-07-16 09:22:00,1784161320,6194.T,835.0,835.0,835.0,835.0,200
2026-07-16 09:22:49,1784161369,6194.T,835.0,835.0,835.0,835.0,0
2026-07-16 09:23:00,1784161380,6194.T,836.0,836.0,835.0,835.0,3700
2026-07-16 09:24:00,1784161440,6194.T,835.0,835.0,835.0,835.0,100
2026-07-16 09:27:00,1784161620,6194.T,835.0,835.0,835.0,835.0,100
2026-07-16 09:29:00,1784161740,6194.T,835.0,835.0,835.0,835.0,300
2026-07-16 09:29:34,1784161774,6194.T,835.0,835.0,835.0,835.0,0
2026-07-16 09:33:00,1784161980,6194.T,835.0,835.0,835.0,835.0,500
2026-07-16 09:41:00,1784162460,6194.T,834.0,834.0,834.0,834.0,200
2026-07-16 09:42:00,1784162520,6194.T,834.0,834.0,834.0,834.0,200
2026-07-16 09:44:00,1784162640,6194.T,834.0,834.0,833.0,833.0,1100
2026-07-16 09:44:31,1784162671,6194.T,833.0,833.0,833.0,833.0,0
2026-07-16 09:46:00,1784162760,6194.T,833.0,833.0,833.0,833.0,600
2026-07-16 09:47:00,1784162820,6194.T,833.0,833.0,833.0,833.0,100
2026-07-16 09:47:03,1784162823,6194.T,833.0,833.0,833.0,833.0,0
2026-07-16 09:55:00,1784163300,6194.T,833.0,834.0,833.0,834.0,1300
2026-07-16 09:57:00,1784163420,6194.T,834.0,834.0,834.0,834.0,200
2026-07-16 09:58:00,1784163480,6194.T,834.0,834.0,834.0,834.0,100
2026-07-16 10:00:00,1784163600,6194.T,834.0,834.0,834.0,834.0,100
2026-07-16 10:02:00,1784163720,6194.T,835.0,835.0,835.0,835.0,200
2026-07-16 10:03:00,1784163780,6194.T,835.0,835.0,835.0,835.0,100
2026-07-16 10:03:49,1784163829,6194.T,835.0,835.0,835.0,835.0,0
2026-07-16 10:07:00,1784164020,6194.T,835.0,835.0,835.0,835.0,100
2026-07-16 10:11:00,1784164260,6194.T,835.0,835.0,835.0,835.0,200
2026-07-16 10:11:18,1784164278,6194.T,835.0,835.0,835.0,835.0,0
2026-07-16 10:17:00,1784164620,6194.T,835.0,835.0,835.0,835.0,100
2026-07-16 10:19:00,1784164740,6194.T,834.0,835.0,834.0,835.0,700
2026-07-16 10:21:00,1784164860,6194.T,836.0,836.0,836.0,836.0,600
2026-07-16 10:26:00,1784165160,6194.T,836.0,836.0,836.0,836.0,100
2026-07-16 10:26:24,1784165184,6194.T,836.0,836.0,836.0,836.0,0
2026-07-16 10:27:00,1784165220,6194.T,835.0,835.0,835.0,835.0,200
2026-07-16 10:29:00,1784165340,6194.T,836.0,836.0,834.0,834.0,1600
2026-07-16 10:30:00,1784165400,6194.T,834.0,834.0,834.0,834.0,300
2026-07-16 10:31:00,1784165460,6194.T,835.0,836.0,835.0,836.0,300
2026-07-16 10:31:56,1784165516,6194.T,836.0,836.0,836.0,836.0,0
2026-07-16 10:43:00,1784166180,6194.T,836.0,836.0,836.0,836.0,600
2026-07-16 10:43:32,1784166212,6194.T,836.0,836.0,836.0,836.0,0
2026-07-16 10:51:00,1784166660,6194.T,836.0,837.0,836.0,836.0,400
2026-07-16 10:52:00,1784166720,6194.T,835.0,835.0,834.0,834.0,800
2026-07-16 10:52:55,1784166775,6194.T,834.0,834.0,834.0,834.0,0
2026-07-16 11:02:00,1784167320,6194.T,835.0,835.0,835.0,835.0,600
2026-07-16 11:04:00,1784167440,6194.T,835.0,835.0,835.0,835.0,200
2026-07-16 11:04:34,1784167474,6194.T,835.0,835.0,835.0,835.0,0
2026-07-16 11:09:00,1784167740,6194.T,836.0,836.0,836.0,836.0,200
2026-07-16 11:10:00,1784167800,6194.T,834.0,834.0,834.0,834.0,400
2026-07-16 11:15:00,1784168100,6194.T,834.0,835.0,833.0,833.0,900
2026-07-16 11:15:50,1784168150,6194.T,833.0,833.0,833.0,833.0,0
2026-07-16 11:21:00,1784168460,6194.T,833.0,833.0,832.0,832.0,1000
2026-07-16 11:22:00,1784168520,6194.T,832.0,833.0,830.0,831.0,2400
2026-07-16 11:23:00,1784168580,6194.T,832.0,832.0,831.0,831.0,200
2026-07-16 11:24:00,1784168640,6194.T,831.0,831.0,831.0,831.0,100
2026-07-16 11:24:05,1784168645,6194.T,831.0,831.0,831.0,831.0,0
2026-07-16 11:30:00,1784169000,6194.T,833.0,833.0,833.0,833.0,100
2026-07-16 12:30:00,1784172600,6194.T,834.0,834.0,831.0,831.0,8100
2026-07-16 12:31:00,1784172660,6194.T,833.0,835.0,833.0,833.0,3400
2026-07-16 12:32:00,1784172720,6194.T,833.0,833.0,833.0,833.0,100
2026-07-16 12:32:15,1784172735,6194.T,833.0,833.0,833.0,833.0,0
2026-07-16 12:34:00,1784172840,6194.T,833.0,836.0,833.0,834.0,2700
2026-07-16 12:38:00,1784173080,6194.T,833.0,833.0,833.0,833.0,100
2026-07-16 12:38:47,1784173127,6194.T,833.0,833.0,833.0,833.0,0
2026-07-16 12:44:00,1784173440,6194.T,833.0,833.0,832.0,832.0,1800
2026-07-16 12:45:00,1784173500,6194.T,831.0,831.0,831.0,831.0,100
2026-07-16 12:47:00,1784173620,6194.T,831.0,833.0,831.0,831.0,400
2026-07-16 12:50:00,1784173800,6194.T,830.0,830.0,830.0,830.0,400
2026-07-16 12:51:00,1784173860,6194.T,831.0,831.0,831.0,831.0,300
2026-07-16 12:51:59,1784173919,6194.T,831.0,831.0,831.0,831.0,0
2026-07-16 12:52:00,1784173920,6194.T,830.0,830.0,830.0,830.0,300
2026-07-16 12:52:27,1784173947,6194.T,830.0,830.0,830.0,830.0,0
2026-07-16 13:02:00,1784174520,6194.T,832.0,832.0,832.0,832.0,300
2026-07-16 13:05:00,1784174700,6194.T,832.0,832.0,832.0,832.0,100
2026-07-16 13:05:54,1784174754,6194.T,832.0,832.0,832.0,832.0,0
2026-07-16 13:19:00,1784175540,6194.T,831.0,832.0,831.0,832.0,500
2026-07-16 13:20:00,1784175600,6194.T,831.0,831.0,831.0,831.0,100
2026-07-16 13:27:00,1784176020,6194.T,831.0,831.0,830.0,830.0,800
2026-07-16 13:27:17,1784176037,6194.T,830.0,830.0,830.0,830.0,0
2026-07-16 13:38:00,1784176680,6194.T,830.0,831.0,829.0,830.0,700
2026-07-16 13:40:00,1784176800,6194.T,830.0,830.0,829.0,829.0,200
2026-07-16 13:44:00,1784177040,6194.T,829.0,829.0,829.0,829.0,200
2026-07-16 13:44:06,1784177046,6194.T,829.0,829.0,829.0,829.0,0
2026-07-16 13:48:00,1784177280,6194.T,830.0,830.0,830.0,830.0,100
2026-07-16 13:49:00,1784177340,6194.T,829.0,829.0,829.0,829.0,300
2026-07-16 13:50:00,1784177400,6194.T,828.0,828.0,828.0,828.0,100
2026-07-16 13:51:00,1784177460,6194.T,829.0,829.0,829.0,829.0,100
2026-07-16 13:53:00,1784177580,6194.T,829.0,829.0,827.0,829.0,3500
2026-07-16 13:53:53,1784177633,6194.T,829.0,829.0,829.0,829.0,0
2026-07-16 14:06:00,1784178360,6194.T,828.0,828.0,828.0,828.0,100
2026-07-16 14:06:20,1784178380,6194.T,828.0,828.0,828.0,828.0,0
2026-07-16 14:11:00,1784178660,6194.T,829.0,829.0,829.0,829.0,700
2026-07-16 14:19:00,1784179140,6194.T,828.0,828.0,828.0,828.0,100
2026-07-16 14:19:53,1784179193,6194.T,828.0,828.0,828.0,828.0,0
2026-07-16 14:21:00,1784179260,6194.T,828.0,828.0,828.0,828.0,100
2026-07-16 14:28:00,1784179680,6194.T,829.0,829.0,829.0,829.0,400
2026-07-16 14:30:00,1784179800,6194.T,830.0,830.0,830.0,830.0,200
2026-07-16 14:30:41,1784179841,6194.T,830.0,830.0,830.0,830.0,0
2026-07-16 14:31:00,1784179860,6194.T,829.0,829.0,829.0,829.0,100
2026-07-16 14:32:00,1784179920,6194.T,830.0,830.0,829.0,829.0,200
2026-07-16 14:35:00,1784180100,6194.T,829.0,833.0,829.0,833.0,500
2026-07-16 14:35:46,1784180146,6194.T,833.0,833.0,833.0,833.0,0
2026-07-16 14:42:00,1784180520,6194.T,828.0,828.0,828.0,828.0,600
2026-07-16 14:45:00,1784180700,6194.T,828.0,828.0,828.0,828.0,300
2026-07-16 14:51:00,1784181060,6194.T,829.0,829.0,829.0,829.0,100
2026-07-16 14:53:00,1784181180,6194.T,828.0,828.0,827.0,827.0,1000
2026-07-16 14:53:01,1784181181,6194.T,827.0,827.0,827.0,827.0,0
2026-07-16 14:58:00,1784181480,6194.T,827.0,827.0,827.0,827.0,200
2026-07-16 14:59:00,1784181540,6194.T,827.0,827.0,826.0,826.0,900
2026-07-16 15:05:00,1784181900,6194.T,827.0,827.0,827.0,827.0,400
2026-07-16 15:05:02,1784181902,6194.T,827.0,827.0,827.0,827.0,0
2026-07-16 15:07:00,1784182020,6194.T,827.0,827.0,827.0,827.0,100
2026-07-16 15:08:00,1784182080,6194.T,827.0,827.0,826.0,826.0,200
2026-07-16 15:09:00,1784182140,6194.T,826.0,826.0,826.0,826.0,100
2026-07-16 15:11:00,1784182260,6194.T,826.0,826.0,826.0,826.0,1500
2026-07-16 15:14:00,1784182440,6194.T,827.0,827.0,827.0,827.0,1600
2026-07-16 15:15:00,1784182500,6194.T,828.0,828.0,828.0,828.0,300
2026-07-16 15:18:00,1784182680,6194.T,828.0,828.0,828.0,828.0,100
2026-07-16 15:19:00,1784182740,6194.T,829.0,829.0,829.0,829.0,1000
2026-07-16 15:20:00,1784182800,6194.T,829.0,829.0,829.0,829.0,100
2026-07-16 15:21:00,1784182860,6194.T,830.0,830.0,830.0,830.0,400
2026-07-16 15:23:00,1784182980,6194.T,829.0,829.0,829.0,829.0,200
2026-07-16 15:24:00,1784183040,6194.T,829.0,829.0,829.0,829.0,100
2026-07-16 15:30:00,1784183400,6194.T,828.0,828.0,828.0,828.0,0
2026-07-17 09:00:36,1784246436,6194.T,828.0,828.0,828.0,828.0,0
2026-07-17 09:05:00,1784246700,6194.T,828.0,828.0,828.0,828.0,0
2026-07-17 09:06:00,1784246760,6194.T,826.0,826.0,826.0,826.0,200
2026-07-17 09:11:00,1784247060,6194.T,825.0,826.0,825.0,826.0,900
2026-07-17 09:11:39,1784247099,6194.T,826.0,826.0,826.0,826.0,0
2026-07-17 09:14:00,1784247240,6194.T,825.0,825.0,825.0,825.0,400
2026-07-17 09:15:00,1784247300,6194.T,826.0,826.0,826.0,826.0,400
2026-07-17 09:19:00,1784247540,6194.T,827.0,827.0,827.0,827.0,400
2026-07-17 09:21:00,1784247660,6194.T,828.0,828.0,827.0,827.0,2000
2026-07-17 09:22:00,1784247720,6194.T,827.0,827.0,825.0,825.0,2000
2026-07-17 09:23:00,1784247780,6194.T,827.0,827.0,827.0,827.0,300
2026-07-17 09:23:12,1784247792,6194.T,827.0,827.0,827.0,827.0,0
2026-07-17 09:24:00,1784247840,6194.T,828.0,828.0,828.0,828.0,200
2026-07-17 09:27:00,1784248020,6194.T,829.0,829.0,829.0,829.0,100
2026-07-17 09:29:00,1784248140,6194.T,828.0,828.0,828.0,828.0,200
2026-07-17 09:30:00,1784248200,6194.T,828.0,829.0,828.0,829.0,2300
2026-07-17 09:33:00,1784248380,6194.T,830.0,830.0,829.0,829.0,2800
2026-07-17 09:33:42,1784248422,6194.T,829.0,829.0,829.0,829.0,0
2026-07-17 09:37:00,1784248620,6194.T,829.0,829.0,829.0,829.0,300
2026-07-17 09:38:00,1784248680,6194.T,829.0,829.0,829.0,829.0,100
2026-07-17 09:40:00,1784248800,6194.T,829.0,829.0,829.0,829.0,100
2026-07-17 09:41:00,1784248860,6194.T,829.0,829.0,829.0,829.0,100
2026-07-17 09:45:00,1784249100,6194.T,829.0,830.0,829.0,830.0,1000
2026-07-17 09:46:00,1784249160,6194.T,830.0,830.0,830.0,830.0,100
2026-07-17 09:46:37,1784249197,6194.T,830.0,830.0,830.0,830.0,0
2026-07-17 09:47:00,1784249220,6194.T,830.0,830.0,830.0,830.0,500
2026-07-17 09:56:00,1784249760,6194.T,830.0,830.0,830.0,830.0,100
2026-07-17 09:57:00,1784249820,6194.T,830.0,830.0,830.0,830.0,100
2026-07-17 09:57:30,1784249850,6194.T,830.0,830.0,830.0,830.0,0
2026-07-17 10:04:00,1784250240,6194.T,830.0,830.0,830.0,830.0,700
2026-07-17 10:05:00,1784250300,6194.T,831.0,831.0,831.0,831.0,100
2026-07-17 10:05:13,1784250313,6194.T,831.0,831.0,831.0,831.0,0
2026-07-17 10:18:00,1784251080,6194.T,830.0,830.0,830.0,830.0,500
2026-07-17 10:18:51,1784251131,6194.T,830.0,830.0,830.0,830.0,0
2026-07-17 10:23:00,1784251380,6194.T,830.0,830.0,830.0,830.0,100
2026-07-17 10:26:00,1784251560,6194.T,829.0,829.0,829.0,829.0,200
2026-07-17 10:27:00,1784251620,6194.T,829.0,829.0,829.0,829.0,100
2026-07-17 10:27:03,1784251623,6194.T,829.0,829.0,829.0,829.0,0
2026-07-17 10:34:00,1784252040,6194.T,828.0,828.0,827.0,827.0,1000
2026-07-17 10:37:00,1784252220,6194.T,828.0,828.0,828.0,828.0,400
2026-07-17 10:39:00,1784252340,6194.T,827.0,827.0,821.0,821.0,5700
2026-07-17 10:40:00,1784252400,6194.T,822.0,822.0,822.0,822.0,1000
2026-07-17 10:41:00,1784252460,6194.T,822.0,822.0,821.0,821.0,1000
2026-07-17 10:41:33,1784252493,6194.T,821.0,821.0,821.0,821.0,0
2026-07-17 10:45:00,1784252700,6194.T,822.0,822.0,822.0,822.0,800
2026-07-17 10:45:38,1784252738,6194.T,822.0,822.0,822.0,822.0,0
2026-07-17 10:54:00,1784253240,6194.T,821.0,821.0,821.0,821.0,200
2026-07-17 10:55:00,1784253300,6194.T,821.0,821.0,821.0,821.0,1000
2026-07-17 10:58:00,1784253480,6194.T,822.0,822.0,822.0,822.0,200
2026-07-17 10:59:00,1784253540,6194.T,822.0,822.0,822.0,822.0,100
2026-07-17 11:00:00,1784253600,6194.T,822.0,822.0,822.0,822.0,600
2026-07-17 11:00:57,1784253657,6194.T,822.0,822.0,822.0,822.0,0
2026-07-17 11:11:00,1784254260,6194.T,822.0,822.0,822.0,822.0,500
2026-07-17 11:11:53,1784254313,6194.T,822.0,822.0,822.0,822.0,0
2026-07-17 11:14:00,1784254440,6194.T,822.0,822.0,822.0,822.0,200
2026-07-17 11:14:52,1784254492,6194.T,822.0,822.0,822.0,822.0,0
2026-07-17 11:29:00,1784255340,6194.T,821.0,821.0,819.0,819.0,7300
2026-07-17 11:30:00,1784255400,6194.T,818.0,818.0,818.0,818.0,4100
2026-07-17 12:30:00,1784259000,6194.T,822.0,822.0,819.0,819.0,7200
2026-07-17 12:31:00,1784259060,6194.T,820.0,820.0,820.0,820.0,100
2026-07-17 12:31:08,1784259068,6194.T,820.0,820.0,820.0,820.0,0
2026-07-17 12:34:00,1784259240,6194.T,819.0,819.0,819.0,819.0,600
2026-07-17 12:36:00,1784259360,6194.T,820.0,820.0,819.0,819.0,2000
2026-07-17 12:38:00,1784259480,6194.T,819.0,819.0,819.0,819.0,2000
2026-07-17 12:39:00,1784259540,6194.T,819.0,819.0,819.0,819.0,400
2026-07-17 12:41:00,1784259660,6194.T,819.0,819.0,819.0,819.0,200
2026-07-17 12:42:00,1784259720,6194.T,820.0,822.0,820.0,822.0,2600
2026-07-17 12:42:03,1784259723,6194.T,820.0,820.0,820.0,820.0,0
2026-07-17 12:51:00,1784260260,6194.T,821.0,821.0,820.0,820.0,1600
2026-07-17 12:52:00,1784260320,6194.T,820.0,820.0,820.0,820.0,400
2026-07-17 12:52:41,1784260361,6194.T,820.0,820.0,820.0,820.0,0
2026-07-17 12:53:00,1784260380,6194.T,820.0,820.0,820.0,820.0,100
2026-07-17 12:54:00,1784260440,6194.T,821.0,821.0,820.0,820.0,1000
2026-07-17 12:55:00,1784260500,6194.T,821.0,821.0,821.0,821.0,100
2026-07-17 12:56:00,1784260560,6194.T,821.0,821.0,821.0,821.0,100
2026-07-17 12:59:00,1784260740,6194.T,821.0,822.0,821.0,822.0,900
2026-07-17 13:04:00,1784261040,6194.T,821.0,821.0,821.0,821.0,800
2026-07-17 13:04:39,1784261079,6194.T,821.0,821.0,821.0,821.0,0
2026-07-17 13:07:00,1784261220,6194.T,821.0,821.0,819.0,821.0,1000
2026-07-17 13:08:00,1784261280,6194.T,820.0,820.0,820.0,820.0,100
2026-07-17 13:10:00,1784261400,6194.T,820.0,821.0,820.0,821.0,300
2026-07-17 13:10:17,1784261417,6194.T,821.0,821.0,821.0,821.0,0
2026-07-17 13:20:00,1784262000,6194.T,820.0,820.0,820.0,820.0,900
2026-07-17 13:21:00,1784262060,6194.T,820.0,820.0,820.0,820.0,100
2026-07-17 13:23:00,1784262180,6194.T,820.0,820.0,818.0,818.0,1600
2026-07-17 13:24:00,1784262240,6194.T,818.0,818.0,817.0,817.0,2800
2026-07-17 13:24:02,1784262242,6194.T,817.0,817.0,817.0,817.0,0
2026-07-17 13:29:00,1784262540,6194.T,818.0,819.0,818.0,818.0,300
2026-07-17 13:30:00,1784262600,6194.T,818.0,818.0,818.0,818.0,100
2026-07-17 13:34:00,1784262840,6194.T,818.0,818.0,818.0,818.0,1000
2026-07-17 13:36:00,1784262960,6194.T,818.0,818.0,818.0,818.0,300
2026-07-17 13:36:52,1784263012,6194.T,818.0,818.0,818.0,818.0,0
2026-07-17 13:40:00,1784263200,6194.T,817.0,817.0,817.0,817.0,100
2026-07-17 13:41:00,1784263260,6194.T,817.0,817.0,817.0,817.0,500
2026-07-17 13:43:00,1784263380,6194.T,818.0,818.0,818.0,818.0,200
2026-07-17 13:44:00,1784263440,6194.T,817.0,817.0,817.0,817.0,200
2026-07-17 13:45:00,1784263500,6194.T,818.0,818.0,818.0,818.0,200
2026-07-17 13:46:00,1784263560,6194.T,818.0,819.0,818.0,819.0,1500
2026-07-17 13:46:50,1784263610,6194.T,819.0,819.0,819.0,819.0,0
2026-07-17 13:53:00,1784263980,6194.T,820.0,820.0,820.0,820.0,700
2026-07-17 13:57:00,1784264220,6194.T,820.0,820.0,820.0,820.0,200
2026-07-17 13:57:27,1784264247,6194.T,820.0,820.0,820.0,820.0,0
2026-07-17 14:02:00,1784264520,6194.T,819.0,821.0,819.0,821.0,1000
2026-07-17 14:05:00,1784264700,6194.T,820.0,821.0,820.0,821.0,1200
2026-07-17 14:06:00,1784264760,6194.T,821.0,821.0,821.0,821.0,200
2026-07-17 14:07:00,1784264820,6194.T,821.0,821.0,820.0,820.0,400
2026-07-17 14:09:00,1784264940,6194.T,821.0,821.0,821.0,821.0,100
2026-07-17 14:10:00,1784265000,6194.T,821.0,821.0,821.0,821.0,400
2026-07-17 14:12:00,1784265120,6194.T,821.0,821.0,821.0,821.0,100
2026-07-17 14:12:36,1784265156,6194.T,821.0,821.0,821.0,821.0,0
2026-07-17 14:22:00,1784265720,6194.T,821.0,821.0,821.0,821.0,100
2026-07-17 14:22:31,1784265751,6194.T,821.0,821.0,821.0,821.0,0
2026-07-17 14:24:00,1784265840,6194.T,822.0,823.0,822.0,823.0,800
2026-07-17 14:26:00,1784265960,6194.T,822.0,822.0,822.0,822.0,200
2026-07-17 14:31:00,1784266260,6194.T,822.0,822.0,822.0,822.0,1400
2026-07-17 14:35:00,1784266500,6194.T,823.0,823.0,823.0,823.0,3900
2026-07-17 14:35:34,1784266534,6194.T,823.0,823.0,823.0,823.0,0
2026-07-17 14:38:00,1784266680,6194.T,822.0,822.0,822.0,822.0,500
2026-07-17 14:42:00,1784266920,6194.T,822.0,822.0,822.0,822.0,100
2026-07-17 14:45:00,1784267100,6194.T,823.0,823.0,823.0,823.0,100
2026-07-17 14:46:00,1784267160,6194.T,822.0,822.0,821.0,821.0,2200
2026-07-17 14:46:22,1784267182,6194.T,821.0,821.0,821.0,821.0,0
2026-07-17 14:49:00,1784267340,6194.T,822.0,822.0,822.0,822.0,1000
2026-07-17 14:54:00,1784267640,6194.T,823.0,824.0,823.0,824.0,3200
2026-07-17 14:55:00,1784267700,6194.T,825.0,826.0,825.0,825.0,1000
2026-07-17 14:59:00,1784267940,6194.T,824.0,825.0,824.0,824.0,700
2026-07-17 14:59:53,1784267993,6194.T,824.0,824.0,824.0,824.0,0
2026-07-17 15:01:00,1784268060,6194.T,825.0,825.0,825.0,825.0,1200
2026-07-17 15:03:00,1784268180,6194.T,825.0,825.0,825.0,825.0,400
2026-07-17 15:06:00,1784268360,6194.T,824.0,824.0,824.0,824.0,700
2026-07-17 15:07:00,1784268420,6194.T,824.0,824.0,824.0,824.0,500
2026-07-17 15:09:00,1784268540,6194.T,824.0,824.0,824.0,824.0,100
2026-07-17 15:10:00,1784268600,6194.T,824.0,824.0,824.0,824.0,100
2026-07-17 15:11:00,1784268660,6194.T,824.0,824.0,824.0,824.0,400
2026-07-17 15:11:45,1784268705,6194.T,824.0,824.0,824.0,824.0,0
2026-07-17 15:12:00,1784268720,6194.T,825.0,825.0,825.0,825.0,500
2026-07-17 15:13:00,1784268780,6194.T,825.0,825.0,824.0,824.0,1300
2026-07-17 15:14:00,1784268840,6194.T,825.0,825.0,825.0,825.0,100
2026-07-17 15:19:00,1784269140,6194.T,825.0,825.0,825.0,825.0,200
2026-07-17 15:21:00,1784269260,6194.T,825.0,825.0,825.0,825.0,600
2026-07-17 15:24:00,1784269440,6194.T,825.0,825.0,824.0,824.0,1500
2026-07-17 15:30:00,1784269800,6194.T,823.0,823.0,823.0,823.0,0
2026-07-21 09:00:00,1784592000,6194.T,826.0,826.0,826.0,826.0,0
2026-07-21 09:01:00,1784592060,6194.T,828.0,832.0,828.0,832.0,1800
2026-07-21 09:02:00,1784592120,6194.T,833.0,834.0,833.0,834.0,2300
2026-07-21 09:04:00,1784592240,6194.T,834.0,835.0,834.0,835.0,2300
2026-07-21 09:04:20,1784592260,6194.T,834.0,834.0,834.0,834.0,0
2026-07-21 09:05:00,1784592300,6194.T,837.0,837.0,837.0,837.0,0
2026-07-21 09:06:00,1784592360,6194.T,838.0,839.0,838.0,839.0,2500
2026-07-21 09:07:00,1784592420,6194.T,839.0,839.0,836.0,836.0,1100
2026-07-21 09:08:00,1784592480,6194.T,836.0,837.0,836.0,837.0,500
2026-07-21 09:09:00,1784592540,6194.T,837.0,838.0,837.0,838.0,300
2026-07-21 09:10:00,1784592600,6194.T,838.0,838.0,838.0,838.0,300
2026-07-21 09:12:00,1784592720,6194.T,839.0,840.0,839.0,840.0,8000
2026-07-21 09:13:00,1784592780,6194.T,840.0,841.0,840.0,841.0,300
2026-07-21 09:14:00,1784592840,6194.T,839.0,841.0,839.0,841.0,300
2026-07-21 09:15:00,1784592900,6194.T,840.0,842.0,840.0,842.0,1900
2026-07-21 09:15:06,1784592906,6194.T,841.0,841.0,841.0,841.0,0
2026-07-21 09:16:00,1784592960,6194.T,842.0,842.0,840.0,840.0,700
2026-07-21 09:17:00,1784593020,6194.T,840.0,840.0,840.0,840.0,500
2026-07-21 09:20:00,1784593200,6194.T,840.0,840.0,840.0,840.0,600
2026-07-21 09:25:00,1784593500,6194.T,841.0,842.0,840.0,840.0,5700
2026-07-21 09:26:00,1784593560,6194.T,842.0,842.0,840.0,840.0,5100
2026-07-21 09:26:49,1784593609,6194.T,840.0,840.0,840.0,840.0,0
2026-07-21 09:29:00,1784593740,6194.T,840.0,840.0,840.0,840.0,100
2026-07-21 09:32:00,1784593920,6194.T,839.0,839.0,839.0,839.0,600
2026-07-21 09:37:00,1784594220,6194.T,839.0,839.0,839.0,839.0,500
2026-07-21 09:37:17,1784594237,6194.T,839.0,839.0,839.0,839.0,0
2026-07-21 09:39:00,1784594340,6194.T,837.0,837.0,837.0,837.0,300
2026-07-21 09:41:00,1784594460,6194.T,838.0,838.0,838.0,838.0,400
2026-07-21 09:42:00,1784594520,6194.T,838.0,838.0,838.0,838.0,1000
2026-07-21 09:45:00,1784594700,6194.T,837.0,837.0,837.0,837.0,700
2026-07-21 09:46:00,1784594760,6194.T,837.0,837.0,837.0,837.0,500
2026-07-21 09:47:00,1784594820,6194.T,838.0,839.0,838.0,839.0,900
2026-07-21 09:50:00,1784595000,6194.T,838.0,838.0,838.0,838.0,100
2026-07-21 09:50:01,1784595001,6194.T,838.0,838.0,838.0,838.0,0
2026-07-21 09:53:00,1784595180,6194.T,839.0,839.0,839.0,839.0,200
2026-07-21 09:54:00,1784595240,6194.T,838.0,839.0,838.0,839.0,400
2026-07-21 09:57:00,1784595420,6194.T,839.0,839.0,839.0,839.0,100
2026-07-21 10:01:00,1784595660,6194.T,839.0,840.0,839.0,840.0,800
2026-07-21 10:01:02,1784595662,6194.T,840.0,840.0,840.0,840.0,0
2026-07-21 10:07:00,1784596020,6194.T,838.0,840.0,838.0,840.0,1900
2026-07-21 10:08:00,1784596080,6194.T,840.0,840.0,840.0,840.0,100
2026-07-21 10:09:00,1784596140,6194.T,840.0,840.0,840.0,840.0,200
2026-07-21 10:10:00,1784596200,6194.T,840.0,840.0,840.0,840.0,100
2026-07-21 10:11:00,1784596260,6194.T,840.0,840.0,840.0,840.0,400
2026-07-21 10:11:09,1784596269,6194.T,840.0,840.0,840.0,840.0,0
2026-07-21 10:15:00,1784596500,6194.T,841.0,841.0,841.0,841.0,100
2026-07-21 10:16:00,1784596560,6194.T,841.0,841.0,841.0,841.0,300
2026-07-21 10:17:00,1784596620,6194.T,841.0,841.0,841.0,841.0,300
2026-07-21 10:20:00,1784596800,6194.T,840.0,840.0,840.0,840.0,400
2026-07-21 10:20:49,1784596849,6194.T,840.0,840.0,840.0,840.0,0
2026-07-21 10:32:00,1784597520,6194.T,841.0,841.0,841.0,841.0,100
2026-07-21 10:33:00,1784597580,6194.T,841.0,841.0,841.0,841.0,200
2026-07-21 10:33:27,1784597607,6194.T,841.0,841.0,841.0,841.0,0
2026-07-21 10:39:00,1784597940,6194.T,842.0,842.0,842.0,842.0,100
2026-07-21 10:41:00,1784598060,6194.T,841.0,841.0,841.0,841.0,300
2026-07-21 10:46:00,1784598360,6194.T,841.0,841.0,841.0,841.0,500
2026-07-21 10:48:00,1784598480,6194.T,841.0,841.0,839.0,839.0,1700
2026-07-21 10:48:31,1784598511,6194.T,839.0,839.0,839.0,839.0,0
2026-07-21 10:56:00,1784598960,6194.T,839.0,839.0,839.0,839.0,100
2026-07-21 10:59:00,1784599140,6194.T,838.0,838.0,837.0,837.0,700
2026-07-21 11:00:00,1784599200,6194.T,837.0,837.0,836.0,836.0,400
2026-07-21 11:01:00,1784599260,6194.T,837.0,837.0,837.0,837.0,100
2026-07-21 11:01:15,1784599275,6194.T,837.0,837.0,837.0,837.0,0
2026-07-21 11:03:00,1784599380,6194.T,838.0,838.0,838.0,838.0,300
2026-07-21 11:04:00,1784599440,6194.T,838.0,838.0,838.0,838.0,400
2026-07-21 11:05:00,1784599500,6194.T,839.0,840.0,839.0,840.0,800
2026-07-21 11:06:00,1784599560,6194.T,839.0,839.0,839.0,839.0,200
2026-07-21 11:07:00,1784599620,6194.T,839.0,839.0,839.0,839.0,200
2026-07-21 11:10:00,1784599800,6194.T,838.0,838.0,838.0,838.0,200
2026-07-21 11:12:00,1784599920,6194.T,838.0,838.0,838.0,838.0,100
2026-07-21 11:12:37,1784599957,6194.T,838.0,838.0,838.0,838.0,0
2026-07-21 11:16:00,1784600160,6194.T,839.0,840.0,839.0,840.0,700
2026-07-21 11:16:20,1784600180,6194.T,840.0,840.0,840.0,840.0,0
2026-07-21 11:29:00,1784600940,6194.T,839.0,839.0,839.0,839.0,100
2026-07-21 11:30:00,1784601000,6194.T,839.0,839.0,839.0,839.0,3000
2026-07-21 12:30:00,1784604600,6194.T,838.0,840.0,838.0,840.0,4600
2026-07-21 12:31:00,1784604660,6194.T,839.0,839.0,837.0,839.0,1600
2026-07-21 12:31:31,1784604691,6194.T,839.0,839.0,839.0,839.0,0
2026-07-21 12:34:00,1784604840,6194.T,838.0,838.0,838.0,838.0,400
2026-07-21 12:35:00,1784604900,6194.T,837.0,838.0,837.0,838.0,400
2026-07-21 12:37:00,1784605020,6194.T,836.0,836.0,836.0,836.0,600
2026-07-21 12:39:00,1784605140,6194.T,836.0,836.0,836.0,836.0,700
2026-07-21 12:43:00,1784605380,6194.T,837.0,837.0,837.0,837.0,1600
2026-07-21 12:45:00,1784605500,6194.T,837.0,837.0,837.0,837.0,200
2026-07-21 12:45:01,1784605501,6194.T,837.0,837.0,837.0,837.0,0
2026-07-21 12:48:00,1784605680,6194.T,837.0,837.0,837.0,837.0,400
2026-07-21 12:53:00,1784605980,6194.T,837.0,837.0,837.0,837.0,300
2026-07-21 12:53:12,1784605992,6194.T,837.0,837.0,837.0,837.0,0
2026-07-21 12:58:00,1784606280,6194.T,836.0,836.0,836.0,836.0,1000
2026-07-21 13:03:00,1784606580,6194.T,836.0,836.0,836.0,836.0,100
2026-07-21 13:06:00,1784606760,6194.T,835.0,835.0,835.0,835.0,700
2026-07-21 13:07:00,1784606820,6194.T,836.0,836.0,836.0,836.0,500
2026-07-21 13:07:20,1784606840,6194.T,836.0,836.0,836.0,836.0,0
2026-07-21 13:10:00,1784607000,6194.T,836.0,836.0,836.0,836.0,100
2026-07-21 13:16:00,1784607360,6194.T,835.0,835.0,835.0,835.0,200
2026-07-21 13:16:38,1784607398,6194.T,835.0,835.0,835.0,835.0,0
2026-07-21 13:19:00,1784607540,6194.T,834.0,834.0,833.0,834.0,1200
2026-07-21 13:21:00,1784607660,6194.T,834.0,834.0,834.0,834.0,200
2026-07-21 13:22:00,1784607720,6194.T,834.0,834.0,834.0,834.0,200
2026-07-21 13:27:00,1784608020,6194.T,834.0,834.0,834.0,834.0,100
2026-07-21 13:29:00,1784608140,6194.T,833.0,833.0,833.0,833.0,300
2026-07-21 13:29:11,1784608151,6194.T,833.0,833.0,833.0,833.0,0
2026-07-21 13:30:00,1784608200,6194.T,834.0,834.0,834.0,834.0,2100
2026-07-21 13:31:00,1784608260,6194.T,835.0,835.0,835.0,835.0,700
2026-07-21 13:37:00,1784608620,6194.T,835.0,835.0,835.0,835.0,100
2026-07-21 13:38:00,1784608680,6194.T,835.0,835.0,835.0,835.0,300
2026-07-21 13:40:00,1784608800,6194.T,835.0,835.0,835.0,835.0,200
2026-07-21 13:41:00,1784608860,6194.T,835.0,835.0,835.0,835.0,100
2026-07-21 13:41:13,1784608873,6194.T,835.0,835.0,835.0,835.0,0
2026-07-21 13:47:00,1784609220,6194.T,836.0,836.0,836.0,836.0,100
2026-07-21 13:49:00,1784609340,6194.T,836.0,836.0,836.0,836.0,100
2026-07-21 13:51:00,1784609460,6194.T,836.0,837.0,836.0,837.0,1700
2026-07-21 13:51:29,1784609489,6194.T,837.0,837.0,837.0,837.0,0
2026-07-21 13:56:00,1784609760,6194.T,837.0,838.0,837.0,838.0,900
2026-07-21 13:58:00,1784609880,6194.T,838.0,838.0,838.0,838.0,800
2026-07-21 14:03:00,1784610180,6194.T,837.0,837.0,837.0,837.0,3300
2026-07-21 14:03:54,1784610234,6194.T,837.0,837.0,837.0,837.0,0
2026-07-21 14:05:00,1784610300,6194.T,837.0,837.0,835.0,836.0,3300
2026-07-21 14:09:00,1784610540,6194.T,836.0,836.0,836.0,836.0,200
2026-07-21 14:14:00,1784610840,6194.T,836.0,836.0,836.0,836.0,300
2026-07-21 14:16:00,1784610960,6194.T,835.0,835.0,835.0,835.0,100
2026-07-21 14:16:43,1784611003,6194.T,835.0,835.0,835.0,835.0,0
2026-07-21 14:20:00,1784611200,6194.T,835.0,835.0,835.0,835.0,500
2026-07-21 14:21:00,1784611260,6194.T,835.0,836.0,835.0,836.0,3100
2026-07-21 14:23:00,1784611380,6194.T,837.0,837.0,837.0,837.0,200
2026-07-21 14:25:00,1784611500,6194.T,837.0,837.0,837.0,837.0,100
2026-07-21 14:25:06,1784611506,6194.T,837.0,837.0,837.0,837.0,0
2026-07-21 14:34:00,1784612040,6194.T,837.0,837.0,837.0,837.0,100
2026-07-21 14:36:00,1784612160,6194.T,837.0,837.0,837.0,837.0,100
2026-07-21 14:37:00,1784612220,6194.T,837.0,837.0,837.0,837.0,2000
2026-07-21 14:42:00,1784612520,6194.T,838.0,838.0,838.0,838.0,500
2026-07-21 14:42:28,1784612548,6194.T,838.0,838.0,838.0,838.0,0
2026-07-21 14:48:00,1784612880,6194.T,838.0,838.0,838.0,838.0,100
2026-07-21 14:49:00,1784612940,6194.T,838.0,838.0,838.0,838.0,800
2026-07-21 14:49:35,1784612975,6194.T,838.0,838.0,838.0,838.0,0
2026-07-21 14:58:00,1784613480,6194.T,838.0,838.0,838.0,838.0,1000
2026-07-21 15:00:00,1784613600,6194.T,837.0,838.0,835.0,838.0,3200
2026-07-21 15:06:00,1784613960,6194.T,837.0,837.0,837.0,837.0,100
2026-07-21 15:08:00,1784614080,6194.T,837.0,837.0,837.0,837.0,100
2026-07-21 15:08:09,1784614089,6194.T,837.0,837.0,837.0,837.0,0
2026-07-21 15:10:00,1784614200,6194.T,838.0,839.0,838.0,839.0,1700
2026-07-21 15:11:00,1784614260,6194.T,839.0,839.0,839.0,839.0,600
2026-07-21 15:13:00,1784614380,6194.T,839.0,839.0,839.0,839.0,200
2026-07-21 15:16:00,1784614560,6194.T,839.0,839.0,839.0,839.0,800
2026-07-21 15:17:00,1784614620,6194.T,839.0,840.0,839.0,840.0,1000
2026-07-21 15:21:00,1784614860,6194.T,840.0,840.0,839.0,839.0,1200
2026-07-21 15:23:00,1784614980,6194.T,839.0,839.0,839.0,839.0,100
2026-07-21 15:24:00,1784615040,6194.T,839.0,840.0,838.0,840.0,600
2026-07-21 15:30:00,1784615400,6194.T,840.0,840.0,840.0,840.0,0
2026-07-22 09:00:01,1784678401,6194.T,840.0,840.0,840.0,840.0,0
2026-07-22 09:06:00,1784678760,6194.T,833.0,833.0,833.0,833.0,0
2026-07-22 09:08:00,1784678880,6194.T,832.0,832.0,831.0,832.0,800
2026-07-22 09:09:00,1784678940,6194.T,832.0,832.0,832.0,832.0,100
2026-07-22 09:09:02,1784678942,6194.T,832.0,832.0,832.0,832.0,0
2026-07-22 09:12:00,1784679120,6194.T,831.0,831.0,831.0,831.0,200
2026-07-22 09:14:00,1784679240,6194.T,833.0,833.0,833.0,833.0,800
2026-07-22 09:15:00,1784679300,6194.T,832.0,832.0,832.0,832.0,200
2026-07-22 09:19:00,1784679540,6194.T,831.0,831.0,831.0,831.0,1100
2026-07-22 09:21:00,1784679660,6194.T,830.0,830.0,830.0,830.0,1600
2026-07-22 09:22:00,1784679720,6194.T,831.0,832.0,831.0,832.0,1200
2026-07-22 09:24:00,1784679840,6194.T,832.0,832.0,832.0,832.0,300
2026-07-22 09:24:36,1784679876,6194.T,832.0,832.0,832.0,832.0,0
2026-07-22 09:25:00,1784679900,6194.T,833.0,833.0,833.0,833.0,200
2026-07-22 09:29:00,1784680140,6194.T,833.0,833.0,833.0,833.0,300
2026-07-22 09:30:00,1784680200,6194.T,833.0,833.0,833.0,833.0,100
2026-07-22 09:37:00,1784680620,6194.T,833.0,833.0,833.0,833.0,900
2026-07-22 09:37:33,1784680653,6194.T,833.0,833.0,833.0,833.0,0
2026-07-22 09:38:00,1784680680,6194.T,833.0,834.0,833.0,834.0,400
2026-07-22 09:42:00,1784680920,6194.T,834.0,835.0,833.0,833.0,1500
2026-07-22 09:47:00,1784681220,6194.T,833.0,833.0,833.0,833.0,300
2026-07-22 09:47:21,1784681241,6194.T,833.0,833.0,833.0,833.0,0
2026-07-22 09:51:00,1784681460,6194.T,834.0,834.0,834.0,834.0,300
2026-07-22 09:54:00,1784681640,6194.T,835.0,835.0,835.0,835.0,1200
2026-07-22 09:56:00,1784681760,6194.T,835.0,835.0,835.0,835.0,200
2026-07-22 09:57:00,1784681820,6194.T,835.0,835.0,835.0,835.0,200
2026-07-22 09:58:00,1784681880,6194.T,834.0,834.0,834.0,834.0,200
2026-07-22 09:58:51,1784681931,6194.T,834.0,834.0,834.0,834.0,0
2026-07-22 10:01:00,1784682060,6194.T,835.0,835.0,835.0,835.0,200
2026-07-22 10:03:00,1784682180,6194.T,835.0,835.0,835.0,835.0,100
2026-07-22 10:06:00,1784682360,6194.T,836.0,836.0,836.0,836.0,200
2026-07-22 10:09:00,1784682540,6194.T,835.0,835.0,835.0,835.0,400
2026-07-22 10:09:11,1784682551,6194.T,835.0,835.0,835.0,835.0,0
2026-07-22 10:14:00,1784682840,6194.T,834.0,834.0,834.0,834.0,300
2026-07-22 10:22:00,1784683320,6194.T,835.0,835.0,835.0,835.0,200
2026-07-22 10:22:42,1784683362,6194.T,835.0,835.0,835.0,835.0,0
2026-07-22 10:32:00,1784683920,6194.T,836.0,837.0,836.0,837.0,3400
2026-07-22 10:33:00,1784683980,6194.T,837.0,838.0,837.0,838.0,300
2026-07-22 10:34:00,1784684040,6194.T,837.0,837.0,837.0,837.0,100
2026-07-22 10:34:09,1784684049,6194.T,837.0,837.0,837.0,837.0,0
2026-07-22 10:37:00,1784684220,6194.T,837.0,837.0,837.0,837.0,300
2026-07-22 10:41:00,1784684460,6194.T,836.0,836.0,836.0,836.0,200
2026-07-22 10:42:00,1784684520,6194.T,836.0,836.0,836.0,836.0,100
2026-07-22 10:47:00,1784684820,6194.T,834.0,834.0,834.0,834.0,1100
2026-07-22 10:47:49,1784684869,6194.T,834.0,834.0,834.0,834.0,0
2026-07-22 11:01:00,1784685660,6194.T,834.0,834.0,834.0,834.0,100
2026-07-22 11:01:17,1784685677,6194.T,834.0,834.0,834.0,834.0,0
2026-07-22 11:20:00,1784686800,6194.T,833.0,833.0,833.0,833.0,1100
2026-07-22 11:21:00,1784686860,6194.T,832.0,832.0,832.0,832.0,700
2026-07-22 11:21:52,1784686912,6194.T,832.0,832.0,832.0,832.0,0
2026-07-22 11:26:00,1784687160,6194.T,832.0,832.0,832.0,832.0,100
2026-07-22 11:27:00,1784687220,6194.T,832.0,832.0,832.0,832.0,1200
2026-07-22 11:30:00,1784687400,6194.T,832.0,832.0,832.0,832.0,100
2026-07-22 12:30:00,1784691000,6194.T,833.0,833.0,833.0,833.0,1200
2026-07-22 12:31:00,1784691060,6194.T,832.0,832.0,831.0,832.0,2600
2026-07-22 12:32:00,1784691120,6194.T,831.0,831.0,831.0,831.0,100
2026-07-22 12:34:00,1784691240,6194.T,830.0,830.0,829.0,829.0,4300
2026-07-22 12:35:00,1784691300,6194.T,830.0,830.0,830.0,830.0,200
2026-07-22 12:37:00,1784691420,6194.T,829.0,829.0,829.0,829.0,100
2026-07-22 12:39:00,1784691540,6194.T,828.0,828.0,827.0,827.0,1700
2026-07-22 12:40:00,1784691600,6194.T,828.0,828.0,828.0,828.0,100
2026-07-22 12:41:00,1784691660,6194.T,828.0,828.0,828.0,828.0,300
2026-07-22 12:43:00,1784691780,6194.T,829.0,829.0,828.0,828.0,1000
2026-07-22 12:45:00,1784691900,6194.T,828.0,829.0,828.0,829.0,300
2026-07-22 12:48:00,1784692080,6194.T,830.0,830.0,830.0,830.0,1000
2026-07-22 12:50:00,1784692200,6194.T,830.0,830.0,830.0,830.0,300
2026-07-22 12:53:00,1784692380,6194.T,830.0,830.0,830.0,830.0,100
2026-07-22 12:53:05,1784692385,6194.T,830.0,830.0,830.0,830.0,0
2026-07-22 13:00:00,1784692800,6194.T,830.0,830.0,830.0,830.0,200
2026-07-22 13:05:00,1784693100,6194.T,831.0,831.0,831.0,831.0,1700
2026-07-22 13:05:10,1784693110,6194.T,831.0,831.0,831.0,831.0,0
2026-07-22 13:06:00,1784693160,6194.T,831.0,831.0,831.0,831.0,100
2026-07-22 13:07:00,1784693220,6194.T,832.0,832.0,832.0,832.0,1300
2026-07-22 13:10:00,1784693400,6194.T,833.0,833.0,833.0,833.0,100
2026-07-22 13:15:00,1784693700,6194.T,833.0,833.0,833.0,833.0,100
2026-07-22 13:15:38,1784693738,6194.T,833.0,833.0,833.0,833.0,0
2026-07-22 13:17:00,1784693820,6194.T,833.0,833.0,833.0,833.0,1000
2026-07-22 13:18:00,1784693880,6194.T,833.0,833.0,833.0,833.0,300
2026-07-22 13:25:00,1784694300,6194.T,834.0,834.0,834.0,834.0,100
2026-07-22 13:25:58,1784694358,6194.T,834.0,834.0,834.0,834.0,0
2026-07-22 13:33:00,1784694780,6194.T,834.0,834.0,834.0,834.0,100
2026-07-22 13:34:00,1784694840,6194.T,834.0,834.0,834.0,834.0,100
2026-07-22 13:36:00,1784694960,6194.T,834.0,834.0,834.0,834.0,100
2026-07-22 13:39:00,1784695140,6194.T,834.0,834.0,834.0,834.0,100
2026-07-22 13:39:50,1784695190,6194.T,834.0,834.0,834.0,834.0,0
2026-07-22 13:41:00,1784695260,6194.T,834.0,834.0,834.0,834.0,100
2026-07-22 13:45:00,1784695500,6194.T,834.0,834.0,834.0,834.0,200
2026-07-22 13:46:00,1784695560,6194.T,834.0,836.0,834.0,834.0,2200
2026-07-22 13:49:00,1784695740,6194.T,835.0,835.0,835.0,835.0,100
2026-07-22 13:49:13,1784695753,6194.T,835.0,835.0,835.0,835.0,0
2026-07-22 13:55:00,1784696100,6194.T,835.0,835.0,835.0,835.0,200
2026-07-22 13:56:00,1784696160,6194.T,835.0,835.0,835.0,835.0,200
2026-07-22 13:59:00,1784696340,6194.T,835.0,835.0,835.0,835.0,500
2026-07-22 13:59:27,1784696367,6194.T,835.0,835.0,835.0,835.0,0
2026-07-22 14:04:00,1784696640,6194.T,836.0,836.0,836.0,836.0,100
2026-07-22 14:05:00,1784696700,6194.T,836.0,836.0,836.0,836.0,1000
2026-07-22 14:06:00,1784696760,6194.T,836.0,836.0,836.0,836.0,500
2026-07-22 14:11:00,1784697060,6194.T,836.0,836.0,836.0,836.0,100
2026-07-22 14:13:00,1784697180,6194.T,835.0,835.0,835.0,835.0,500
2026-07-22 14:14:00,1784697240,6194.T,835.0,835.0,835.0,835.0,100
2026-07-22 14:15:00,1784697300,6194.T,836.0,836.0,835.0,835.0,200
2026-07-22 14:16:00,1784697360,6194.T,836.0,836.0,836.0,836.0,800
2026-07-22 14:16:20,1784697380,6194.T,836.0,836.0,836.0,836.0,0
2026-07-22 14:18:00,1784697480,6194.T,837.0,837.0,837.0,837.0,100
2026-07-22 14:21:00,1784697660,6194.T,836.0,836.0,836.0,836.0,700
2026-07-22 14:25:00,1784697900,6194.T,836.0,836.0,836.0,836.0,200
2026-07-22 14:25:48,1784697948,6194.T,836.0,836.0,836.0,836.0,0
2026-07-22 14:29:00,1784698140,6194.T,836.0,836.0,836.0,836.0,200
2026-07-22 14:34:00,1784698440,6194.T,837.0,837.0,837.0,837.0,800
2026-07-22 14:41:02,1784698862,6194.T,837.0,837.0,837.0,837.0,0
2026-07-22 14:44:00,1784699040,6194.T,837.0,837.0,836.0,836.0,1100
2026-07-22 14:44:47,1784699087,6194.T,836.0,836.0,836.0,836.0,0
2026-07-22 14:57:00,1784699820,6194.T,836.0,836.0,835.0,835.0,600
2026-07-22 14:59:00,1784699940,6194.T,835.0,835.0,835.0,835.0,200
2026-07-22 15:05:00,1784700300,6194.T,836.0,836.0,836.0,836.0,100
2026-07-22 15:05:25,1784700325,6194.T,836.0,836.0,836.0,836.0,0
2026-07-22 15:06:00,1784700360,6194.T,836.0,836.0,836.0,836.0,200
2026-07-22 15:08:00,1784700480,6194.T,837.0,837.0,837.0,837.0,300
2026-07-22 15:09:00,1784700540,6194.T,838.0,838.0,838.0,838.0,200
2026-07-22 15:10:00,1784700600,6194.T,837.0,837.0,837.0,837.0,100
2026-07-22 15:14:00,1784700840,6194.T,836.0,836.0,836.0,836.0,400
2026-07-22 15:19:00,1784701140,6194.T,836.0,836.0,836.0,836.0,100
2026-07-22 15:21:00,1784701260,6194.T,835.0,836.0,835.0,836.0,800
2026-07-22 15:22:00,1784701320,6194.T,835.0,835.0,835.0,835.0,300
2026-07-22 15:24:00,1784701440,6194.T,835.0,836.0,834.0,834.0,400
2026-07-22 15:30:00,1784701800,6194.T,836.0,836.0,836.0,836.0,0
2026-07-23 09:05:00,1784765100,6194.T,834.0,835.0,833.0,834.0,0
2026-07-23 09:06:46,1784765206,6194.T,834.0,834.0,834.0,834.0,0
2026-07-23 09:06:00,1784765160,6194.T,834.0,834.0,834.0,834.0,100
2026-07-23 09:09:00,1784765340,6194.T,833.0,833.0,833.0,833.0,100
2026-07-23 09:10:00,1784765400,6194.T,834.0,834.0,834.0,834.0,800
2026-07-23 09:12:00,1784765520,6194.T,833.0,833.0,833.0,833.0,100
2026-07-23 09:13:00,1784765580,6194.T,835.0,835.0,835.0,835.0,600
2026-07-23 09:16:00,1784765760,6194.T,836.0,837.0,836.0,837.0,600
2026-07-23 09:17:00,1784765820,6194.T,837.0,837.0,837.0,837.0,100
2026-07-23 09:19:01,1784765941,6194.T,836.0,836.0,836.0,836.0,0
2026-07-23 09:19:00,1784765940,6194.T,836.0,836.0,836.0,836.0,300
2026-07-23 09:27:00,1784766420,6194.T,839.0,840.0,839.0,840.0,1400
2026-07-23 09:29:00,1784766540,6194.T,840.0,840.0,840.0,840.0,100
2026-07-23 09:31:06,1784766666,6194.T,839.0,839.0,839.0,839.0,0
2026-07-23 09:31:00,1784766660,6194.T,839.0,839.0,839.0,839.0,700
2026-07-23 09:32:00,1784766720,6194.T,838.0,838.0,838.0,838.0,100
2026-07-23 09:36:00,1784766960,6194.T,838.0,838.0,838.0,838.0,200
2026-07-23 09:39:00,1784767140,6194.T,839.0,839.0,839.0,839.0,100
2026-07-23 09:42:03,1784767323,6194.T,839.0,839.0,839.0,839.0,0
2026-07-23 09:42:00,1784767320,6194.T,839.0,839.0,839.0,839.0,100
2026-07-23 09:56:20,1784768180,6194.T,840.0,840.0,840.0,840.0,0
2026-07-23 09:56:00,1784768160,6194.T,840.0,840.0,840.0,840.0,100
2026-07-23 09:57:00,1784768220,6194.T,840.0,840.0,840.0,840.0,200
2026-07-23 10:00:00,1784768400,6194.T,840.0,840.0,840.0,840.0,100
2026-07-23 10:01:00,1784768460,6194.T,840.0,840.0,840.0,840.0,100
2026-07-23 10:05:00,1784768700,6194.T,840.0,840.0,840.0,840.0,100
2026-07-23 10:07:40,1784768860,6194.T,840.0,840.0,840.0,840.0,0
2026-07-23 10:07:00,1784768820,6194.T,840.0,840.0,840.0,840.0,100
2026-07-23 10:08:00,1784768880,6194.T,841.0,841.0,841.0,841.0,1300
2026-07-23 10:12:00,1784769120,6194.T,841.0,841.0,841.0,841.0,100
2026-07-23 10:13:29,1784769209,6194.T,841.0,841.0,841.0,841.0,0
2026-07-23 10:13:00,1784769180,6194.T,841.0,841.0,841.0,841.0,300
2026-07-23 10:20:00,1784769600,6194.T,840.0,840.0,840.0,840.0,100
2026-07-23 10:21:00,1784769660,6194.T,840.0,840.0,840.0,840.0,100
2026-07-23 10:23:00,1784769780,6194.T,840.0,840.0,840.0,840.0,100
2026-07-23 10:26:00,1784769960,6194.T,840.0,840.0,840.0,840.0,100
2026-07-23 10:27:17,1784770037,6194.T,840.0,840.0,840.0,840.0,0
2026-07-23 10:27:00,1784770020,6194.T,840.0,840.0,840.0,840.0,200
2026-07-23 10:41:01,1784770861,6194.T,840.0,840.0,840.0,840.0,0
2026-07-23 10:41:00,1784770860,6194.T,840.0,840.0,840.0,840.0,100
2026-07-23 10:54:20,1784771660,6194.T,840.0,840.0,840.0,840.0,0
2026-07-23 10:54:00,1784771640,6194.T,840.0,840.0,840.0,840.0,100
2026-07-23 10:55:00,1784771700,6194.T,840.0,840.0,838.0,838.0,1700
2026-07-23 10:56:07,1784771767,6194.T,838.0,838.0,838.0,838.0,0
2026-07-23 10:56:00,1784771760,6194.T,838.0,838.0,838.0,838.0,200
2026-07-23 11:11:00,1784772660,6194.T,838.0,838.0,835.0,836.0,4400
2026-07-23 11:12:00,1784772720,6194.T,837.0,837.0,837.0,837.0,600
2026-07-23 11:17:11,1784773031,6194.T,836.0,836.0,836.0,836.0,0
2026-07-23 11:17:00,1784773020,6194.T,836.0,836.0,836.0,836.0,100
2026-07-23 11:24:00,1784773440,6194.T,836.0,836.0,836.0,836.0,700
2026-07-23 11:29:10,1784773750,6194.T,837.0,837.0,837.0,837.0,0
2026-07-23 11:29:00,1784773740,6194.T,837.0,837.0,837.0,837.0,100
2026-07-23 12:30:00,1784777400,6194.T,836.0,836.0,836.0,836.0,3800
2026-07-23 12:34:00,1784777640,6194.T,835.0,835.0,835.0,835.0,200
2026-07-23 12:40:57,1784778057,6194.T,834.0,834.0,834.0,834.0,0
2026-07-23 12:40:00,1784778000,6194.T,835.0,835.0,834.0,834.0,200
2026-07-23 12:45:00,1784778300,6194.T,836.0,836.0,836.0,836.0,1200
2026-07-23 12:46:04,1784778364,6194.T,836.0,836.0,836.0,836.0,0
2026-07-23 12:46:00,1784778360,6194.T,836.0,836.0,836.0,836.0,100
2026-07-23 13:01:25,1784779285,6194.T,835.0,835.0,835.0,835.0,0
2026-07-23 13:01:00,1784779260,6194.T,835.0,835.0,835.0,835.0,200
2026-07-23 13:09:00,1784779740,6194.T,835.0,835.0,835.0,835.0,100
2026-07-23 13:11:00,1784779860,6194.T,834.0,834.0,833.0,833.0,1300
2026-07-23 13:14:00,1784780040,6194.T,835.0,835.0,834.0,835.0,500
2026-07-23 13:15:19,1784780119,6194.T,835.0,835.0,835.0,835.0,0
2026-07-23 13:15:00,1784780100,6194.T,835.0,835.0,835.0,835.0,700
2026-07-23 13:30:07,1784781007,6194.T,836.0,836.0,836.0,836.0,0
