code,name,bucket,sector,group,surge_ratio,zscore,recent_turnover_yen,baseline_median_yen,share_recent_pct,share_base_pct,share_delta_pp,last_close,pct_window
5242.T,(株)アイズ,hot,,不明,30.446,2.30,68506600,2250100,0.018,0.001,+0.017,1990.0,+128.47
2354.T,(株)ＹＥ　ＤＩＧＩＴＡＬ,hot,,不明,19.776,1.69,1315681900,66528400,0.345,0.051,+0.294,1452.0,+74.94
8282.T,ケーズホールディングス,core,小売業,小売業,6.807,3.40,392748000,57693700,0.103,0.011,+0.091,1856.5,+1.98
4564.T,オンコセラピー・サイエンス(株),hot,,不明,4.496,-0.36,2082000,463050,0.001,0.025,-0.025,20.0,+5.26
2127.T,日本Ｍ＆Ａセンターホールディングス,core,サービス業,サービス業,3.965,3.42,149084628,37602520,0.039,0.006,+0.033,661.2,-2.69
4733.T,オービックビジネスコンサルタント,core,情報・通信業,情報・通信業,3.163,0.15,271324200,85767500,0.071,0.026,+0.045,6965.0,+5.64
1808.T,長谷工コーポレーション,leader,建設業,建設業,2.975,2.54,390871150,131388150,0.102,0.021,+0.082,2773.5,-1.07
543A.T,ＡＲＣＨＩＯＮ,leader,輸送用機器,輸送用機器,2.629,0.23,222176700,84520600,0.058,0.023,+0.035,300.0,-2.91
5018.T,(株)ＭＯＲＥＳＣＯ,hot,,不明,2.540,0.33,21750200,8563150,0.006,0.002,+0.004,2137.0,-9.72
2267.T,ヤクルト本社,core,食料品,食料品,2.384,0.68,344005300,144309600,0.090,0.029,+0.061,2753.0,-3.69
9744.T,メイテックグループホールディングス,core,サービス業,サービス業,2.308,0.71,144386500,62557200,0.038,0.011,+0.027,3232.0,+1.44
2264.T,森永乳業,core,食料品,食料品,2.212,1.62,288277850,130344000,0.076,0.021,+0.054,1235.5,-2.79
8253.T,クレディセゾン,leader,その他金融業,その他金融業,2.201,0.78,310521000,141110900,0.081,0.024,+0.057,4682.0,+1.19
8242.T,エイチ・ツー・オー　リテイリング,core,小売業,小売業,2.166,0.63,140108500,64681800,0.037,0.011,+0.026,2789.5,-0.68
8111.T,ゴールドウイン,core,繊維製品,繊維製品,2.047,0.58,89572450,43750200,0.023,0.008,+0.016,2281.5,+0.77
7186.T,横浜フィナンシャルグループ,leader,銀行業,銀行業,2.005,1.01,537130350,267904050,0.141,0.045,+0.095,1944.0,+2.75
2810.T,ハウス食品グループ本社,core,食料品,食料品,1.851,0.17,81883900,44231900,0.021,0.009,+0.012,3842.0,-0.77
9023.T,東京地下鉄,core,陸運業,陸運業,1.832,1.28,271499000,148195150,0.071,0.023,+0.048,1424.5,-1.35
5393.T,ニチアス,core,ガラス・土石製品,ガラス・土石製品,1.813,1.19,200399800,110504700,0.053,0.018,+0.035,3429.0,-6.80
3941.T,レンゴー,core,パルプ・紙,パルプ・紙,1.640,0.97,118215200,72092150,0.031,0.011,+0.020,1474.0,+3.15
7984.T,コクヨ,core,その他製品,その他製品,1.621,0.28,61070050,37666130,0.016,0.007,+0.009,852.7,+0.84
6902.T,デンソー,leader,自動車部品,輸送用機器,1.615,1.20,935435750,579138250,0.245,0.085,+0.160,1984.0,+2.27
8306.T,三菱UFJフィナンシャルG,leader,銀行,銀行業,1.595,0.39,15957397800,10004450500,4.181,1.741,+2.440,3759.0,+6.55
4118.T,カネカ,core,化学,化学,1.557,0.83,94344400,60584100,0.025,0.009,+0.015,5824.0,+2.63
4519.T,中外製薬,leader,医薬品,医薬品,1.543,0.81,1293112900,837795300,0.339,0.131,+0.208,7187.0,-1.24
8802.T,三菱地所,leader,不動産業,不動産業,1.534,0.76,789444700,514676800,0.207,0.081,+0.126,4083.0,-4.00
3099.T,三越伊勢丹ホールディングス,leader,小売業,小売業,1.512,0.66,650305800,430128400,0.170,0.067,+0.103,3726.0,-5.26
6146.T,ディスコ,hot,半導体製造装置(ダイサ),半導体,1.507,0.44,10618124000,7046309000,2.782,1.173,+1.609,70100.0,-2.45
9064.T,ヤマトホールディングス,leader,陸運業,陸運業,1.466,0.18,137607050,93883850,0.036,0.017,+0.019,2035.0,+3.64
3086.T,Ｊ．フロントリテイリング,leader,小売業,小売業,1.441,0.49,244356900,169532000,0.064,0.027,+0.037,3000.0,-6.83
4967.T,小林製薬,core,化学,化学,1.441,0.00,64063300,44468000,0.017,0.009,+0.008,5437.0,-2.39
9003.T,相鉄ホールディングス,core,陸運業,陸運業,1.401,0.05,38817350,27711350,0.010,0.005,+0.005,2535.5,-0.39
9854.T,愛眼(株),hot,,不明,1.364,-0.27,2329600,1707800,0.001,0.001,-0.000,270.0,-16.41
6457.T,グローリー,core,機械,機械,1.354,0.01,52343300,38653500,0.014,0.007,+0.007,4387.0,+3.52
9706.T,日本空港ビルデング,core,不動産業,不動産業,1.346,0.21,110977400,82426000,0.029,0.013,+0.016,5278.0,-1.36
8830.T,住友不動産,leader,不動産業,不動産業,1.296,0.40,475453500,366981700,0.125,0.056,+0.069,3688.0,-3.66
2201.T,森永製菓,core,食料品,食料品,1.289,0.31,48485100,37601000,0.013,0.006,+0.007,2646.0,-1.38
8233.T,高島屋,leader,小売業,小売業,1.287,0.38,374641350,291033700,0.098,0.044,+0.054,2307.0,-0.28
8309.T,三井住友トラストグループ,leader,銀行業,銀行業,1.278,0.23,974125200,762214900,0.255,0.121,+0.134,6862.0,+3.62
3360.T,シップヘルスケアホールディングス,core,卸売業,卸売業,1.273,0.26,28742900,22573450,0.008,0.004,+0.004,2356.5,+2.95
4206.T,アイカ工業,core,化学,化学,1.269,0.02,54325900,42799900,0.014,0.007,+0.007,3647.0,-1.38
4063.T,信越化学工業,leader,半導体シリコンウェハ・化学,化学,1.265,0.20,3321402900,2625973000,0.870,0.414,+0.457,7015.0,-4.48
2531.T,宝ホールディングス,core,食料品,食料品,1.243,0.00,59905600,48210750,0.016,0.008,+0.007,2170.5,+1.54
2222.T,寿スピリッツ,core,食料品,食料品,1.242,-0.01,94815400,76364750,0.025,0.013,+0.012,2424.0,-7.60
8876.T,リログループ,core,サービス業,サービス業,1.225,-0.05,58720700,47915900,0.015,0.009,+0.007,2003.0,-4.12
8086.T,ニプロ,core,精密機器,精密機器,1.217,-0.01,46160750,37923350,0.012,0.006,+0.006,1551.0,-0.48
1944.T,きんでん,core,建設業,建設業,1.211,0.03,261741200,216052600,0.069,0.036,+0.033,7475.0,-1.93
6305.T,日立建機,leader,機械,機械,1.204,-0.09,235549200,195579700,0.062,0.038,+0.024,5410.0,+2.23
3350.T,(株)メタプラネット,hot,,不明,1.200,0.01,394833100,329087100,0.103,0.055,+0.049,241.0,+0.42
4424.T,(株)Ａｍａｚｉａ,hot,,不明,1.199,-0.33,29649600,24737700,0.008,0.008,-0.001,341.0,-22.68
6849.T,日本光電工業,core,電気機器,電気機器,1.193,0.49,70486100,59106150,0.018,0.008,+0.010,1521.5,+0.73
9506.T,東北電力,core,電気・ガス業,電気・ガス業,1.192,0.15,181989850,152629900,0.048,0.024,+0.024,1145.0,+4.33
8283.T,ＰＡＬＴＡＣ,core,卸売業,卸売業,1.183,-0.27,74220000,62728200,0.019,0.017,+0.002,6630.0,-0.36
5233.T,太平洋セメント,leader,ガラス・土石製品,ガラス・土石製品,1.176,-0.10,150846700,128287400,0.040,0.023,+0.016,4185.0,+5.84
9766.T,コナミグループ,leader,情報・通信業,情報・通信業,1.170,-0.13,488397000,417319500,0.128,0.074,+0.054,18060.0,-1.95
7031.T,(株)インバウンドテック,hot,,不明,1.169,-0.41,360500,308450,0.000,0.000,+0.000,724.0,+10.70
7181.T,かんぽ生命保険,core,保険業,保険業,1.151,-0.06,152478700,132433300,0.040,0.022,+0.018,1748.0,+7.50
3288.T,オープンハウスグループ,core,不動産業,不動産業,1.143,-0.03,112064700,98081900,0.029,0.016,+0.013,8431.0,-2.18
5714.T,ＤＯＷＡホールディングス,leader,非鉄金属,非鉄金属,1.131,-0.06,247336400,218608300,0.065,0.036,+0.029,8548.0,+1.05
1332.T,ニッスイ,leader,水産・農林業,水産・農林業,1.131,0.00,103196000,91210550,0.027,0.014,+0.013,1252.5,-1.96
9072.T,ニッコンホールディングス,core,陸運業,陸運業,1.128,-0.07,73648000,65314100,0.019,0.011,+0.008,5266.0,-4.38
8750.T,第一ライフグループ,leader,保険業,保険業,1.124,0.05,1010011400,898842900,0.265,0.137,+0.127,1899.5,+2.87
2501.T,サッポロホールディングス,leader,食料品,食料品,1.123,0.09,138415100,123249500,0.036,0.018,+0.018,1944.0,-2.75
6572.T,オープングループ(株),hot,,不明,1.118,-0.26,8486400,7590600,0.002,0.003,-0.001,251.0,+15.14
2579.T,コカ・コーラ　ボトラーズジャパンホールディングス,core,食料品,食料品,1.093,-0.07,137550400,125859800,0.036,0.020,+0.016,4252.0,+2.29
7337.T,ひろぎんホールディングス,core,銀行業,銀行業,1.091,-0.14,93843600,86040950,0.025,0.014,+0.011,2273.0,+1.95
1417.T,ミライト・ワン,core,建設業,建設業,1.088,-0.06,53062200,48756500,0.014,0.008,+0.006,3632.0,-4.02
9364.T,上組,core,倉庫・運輸関連業,倉庫・運輸関連業,1.083,-0.18,76839900,70963600,0.020,0.013,+0.007,5087.0,-2.45
9024.T,西武ホールディングス,core,陸運業,陸運業,1.077,-0.09,289771900,269039800,0.076,0.042,+0.034,3525.0,-0.51
3276.T,(株)ＪＰＭＣ,hot,,不明,1.077,-0.29,18884700,17541600,0.005,0.005,+0.000,1818.0,+15.65
4403.T,日油,core,化学,化学,1.069,-0.03,81788050,76486700,0.021,0.012,+0.010,2763.5,-0.88
9044.T,ＮＡＮＫＡＩ,core,陸運業,陸運業,1.064,-0.09,31735850,29817600,0.008,0.005,+0.004,2910.5,-0.68
5947.T,リンナイ,core,金属製品,金属製品,1.062,-0.17,52475600,49413900,0.014,0.009,+0.005,3570.0,+0.31
8572.T,アコム,core,その他金融業,その他金融業,1.056,-0.11,32199550,30503350,0.008,0.005,+0.004,487.8,+0.58
4527.T,ロート製薬,core,医薬品,医薬品,1.054,-0.21,118857700,112760400,0.031,0.019,+0.012,2328.0,-4.65
1925.T,大和ハウス工業,leader,建設業,建設業,1.052,-0.17,424120000,403130400,0.111,0.073,+0.038,4551.0,+0.64
9045.T,京阪ホールディングス,core,陸運業,陸運業,1.049,-0.16,46415200,44241000,0.012,0.008,+0.004,3180.0,-1.03
5214.T,日本電気硝子,leader,ガラス・土石製品,ガラス・土石製品,1.049,-0.18,186949100,178230200,0.049,0.029,+0.020,5656.0,-4.93
3549.T,クスリのアオキホールディングス,core,小売業,小売業,1.048,-0.02,47915900,45729200,0.013,0.007,+0.006,3718.0,+0.70
9005.T,東急,leader,陸運業,陸運業,1.047,-0.27,178509550,170441550,0.047,0.032,+0.015,1734.0,+0.58
8308.T,りそなホールディングス,leader,銀行業,銀行業,1.039,-0.17,1093973650,1052740100,0.287,0.166,+0.120,2366.5,+0.25
5471.T,大同特殊鋼,core,鉄鋼,鉄鋼,1.038,-0.19,151033900,145547500,0.040,0.023,+0.016,2407.0,-5.01
2670.T,エービーシー・マート,core,小売業,小売業,1.036,-0.22,122177850,117955950,0.032,0.022,+0.010,2627.5,-0.55
7581.T,(株)サイゼリヤ,hot,,不明,1.032,-0.26,548946000,531954500,0.144,0.125,+0.018,7340.0,+29.00
8354.T,ふくおかフィナンシャルグループ,leader,銀行業,銀行業,1.026,-0.29,233841900,227889800,0.061,0.040,+0.021,7697.0,+4.25
3405.T,クラレ,leader,化学,化学,1.025,-0.20,133120600,129878500,0.035,0.021,+0.014,1832.0,+7.64
4626.T,太陽ホールディングス,core,化学,化学,1.023,-0.22,105360600,103018200,0.028,0.017,+0.010,4810.0,-1.17
6981.T,村田製作所,leader,電子部品(MLCC),電気機器,1.022,-0.28,19656494400,19231170200,5.150,3.213,+1.937,8708.0,-11.58
4372.T,ユミルリンク(株),hot,,不明,1.021,-0.25,390000,381900,0.000,0.000,+0.000,1300.0,-4.34
4021.T,日産化学,leader,化学,化学,1.020,-0.29,219713100,215413400,0.058,0.036,+0.022,7856.0,-4.12
4536.T,参天製薬,core,医薬品,医薬品,1.020,-0.09,131323950,128756450,0.034,0.019,+0.015,1967.5,-7.97
1942.T,関電工,core,建設業,建設業,1.010,-0.22,299239400,296299600,0.078,0.054,+0.024,6042.0,-4.81
8331.T,千葉銀行,leader,銀行業,銀行業,1.006,-0.10,390749000,388374150,0.102,0.058,+0.045,2760.5,+0.00
2811.T,カゴメ,core,食料品,食料品,1.004,-0.19,33713600,33569800,0.009,0.005,+0.003,2674.5,-0.65
9532.T,大阪瓦斯,leader,電気・ガス業,電気・ガス業,1.003,-0.36,132489800,132055500,0.035,0.023,+0.012,5423.0,+0.57
1795.T,(株)マサル,hot,,不明,1.003,-0.24,1058000,1055000,0.000,0.000,+0.000,5290.0,+3.52
7846.T,パイロットコーポレーション,core,その他製品,その他製品,0.999,-0.19,19998600,20011650,0.005,0.004,+0.002,1755.5,-1.35
7912.T,大日本印刷,leader,その他製品,その他製品,0.999,-0.25,235217800,235431100,0.062,0.037,+0.025,3170.0,-0.75
1801.T,大成建設,leader,建設業,建設業,0.993,-0.29,396780000,399598500,0.104,0.069,+0.035,13855.0,-0.82
9301.T,三菱倉庫,core,倉庫・運輸関連業,倉庫・運輸関連業,0.992,-0.24,62083050,62586500,0.016,0.012,+0.005,1605.0,+1.07
2914.T,日本たばこ産業,leader,たばこ,食料品,0.988,-0.26,1586733900,1606355900,0.416,0.287,+0.129,6369.0,+4.12
3092.T,ＺＯＺＯ,leader,小売業,小売業,0.986,-0.30,241507650,244854050,0.063,0.041,+0.022,1119.0,-3.41
8129.T,東邦ホールディングス,core,卸売業,卸売業,0.984,-0.29,24501100,24895400,0.006,0.004,+0.002,3951.0,-0.43
9143.T,ＳＧホールディングス,core,陸運業,陸運業,0.982,-0.26,91454150,93144400,0.024,0.015,+0.009,1596.0,+0.66
4732.T,ユー・エス・エス,core,サービス業,サービス業,0.977,-0.24,111246300,113838550,0.029,0.018,+0.011,1945.5,-2.60
5838.T,楽天銀行,core,銀行業,銀行業,0.971,-0.29,347673200,358077500,0.091,0.056,+0.035,5700.0,-0.64
4689.T,ＬＩＮＥヤフー,leader,情報・通信業,情報・通信業,0.966,-0.36,235317931,243685821,0.062,0.042,+0.019,437.1,-1.31
9962.T,ミスミグループ本社,core,卸売業,卸売業,0.956,-0.26,174507700,182476500,0.046,0.036,+0.010,3735.0,-6.25
8410.T,セブン銀行,core,銀行業,銀行業,0.955,-0.35,109810939,114967290,0.029,0.020,+0.009,307.8,+5.48
7276.T,小糸製作所,core,電気機器,電気機器,0.955,-0.31,78212800,81935300,0.020,0.013,+0.007,2500.0,-2.93
4208.T,ＵＢＥ,leader,化学,化学,0.953,-0.28,166078600,174205100,0.044,0.027,+0.016,3276.0,+3.18
3289.T,東急不動産ホールディングス,leader,不動産業,不動産業,0.952,-0.28,177593750,186615700,0.047,0.028,+0.019,1338.0,+2.06
4381.T,ビープラッツ(株),hot,,不明,0.951,-0.38,22010200,23146100,0.006,0.005,+0.000,403.0,-24.53
2809.T,キユーピー,core,食料品,食料品,0.950,-0.33,106108100,111705700,0.028,0.018,+0.010,4467.0,+0.47
9934.T,因幡電機産業,core,卸売業,卸売業,0.947,-0.27,20644000,21798700,0.005,0.004,+0.002,2788.5,+1.53
4613.T,関西ペイント,core,化学,化学,0.942,-0.27,80854350,85794500,0.021,0.014,+0.007,2699.0,-0.07
4681.T,リゾートトラスト,core,サービス業,サービス業,0.940,-0.37,25469550,27088550,0.007,0.005,+0.002,1698.0,-2.30
9435.T,光通信,core,情報・通信業,情報・通信業,0.928,-0.31,122267000,131731000,0.032,0.027,+0.005,37040.0,-2.53
2607.T,不二製油,core,食料品,食料品,0.928,-0.35,43628300,47009050,0.011,0.009,+0.002,3798.0,-5.05
4202.T,ダイセル,core,化学,化学,0.927,-0.40,91477850,98650150,0.024,0.015,+0.009,1494.0,+5.47
3923.T,ラクス,core,情報・通信業,情報・通信業,0.927,-0.38,80857280,87202090,0.021,0.016,+0.005,960.3,-6.13
3107.T,ダイワボウホールディングス,core,卸売業,卸売業,0.925,-0.38,43577400,47133200,0.011,0.008,+0.003,3455.0,+0.61
7719.T,(株)東京衡機,hot,,不明,0.923,-0.34,9553500,10345800,0.003,0.004,-0.001,447.0,-5.30
5830.T,いよぎんホールディングス,core,銀行業,銀行業,0.921,-0.35,170752200,185459700,0.045,0.035,+0.010,3535.0,+6.83
9401.T,ＴＢＳホールディングス,core,情報・通信業,情報・通信業,0.917,-0.32,83562100,91139600,0.022,0.016,+0.006,6102.0,-5.06
6544.T,ジャパンエレベーターサービスホールディングス,core,サービス業,サービス業,0.916,-0.33,42220450,46091800,0.011,0.008,+0.003,1644.5,-10.21
1333.T,Ｕｍｉｏｓ,core,水産・農林業,水産・農林業,0.916,-0.29,30610550,33430150,0.008,0.007,+0.001,1319.5,-0.86
5844.T,京都フィナンシャルグループ,core,銀行業,銀行業,0.914,-0.46,164141000,179495800,0.043,0.031,+0.012,4652.0,-1.19
7459.T,メディパルホールディングス,core,卸売業,卸売業,0.910,-0.40,44843600,49265250,0.012,0.009,+0.003,2837.5,+6.35
4516.T,日本新薬,core,医薬品,医薬品,0.910,-0.22,39792900,43734200,0.010,0.008,+0.003,4020.0,-1.52
9031.T,西日本鉄道,core,陸運業,陸運業,0.908,-0.31,26053300,28679400,0.007,0.005,+0.002,3099.0,+2.14
2801.T,キッコーマン,leader,食料品,食料品,0.903,-0.43,225377950,249652250,0.059,0.043,+0.016,1599.5,-1.36
9503.T,関西電力,leader,電気・ガス業,電気・ガス業,0.902,-0.36,291396950,323154650,0.076,0.049,+0.027,2354.5,+3.72
3861.T,王子ホールディングス,leader,パルプ・紙,パルプ・紙,0.901,-0.50,111765011,124078390,0.029,0.021,+0.008,864.6,+4.79
7476.T,アズワン,core,卸売業,卸売業,0.900,-0.41,21237200,23588900,0.006,0.004,+0.002,2413.5,-1.00
4045.T,東亞合成,core,化学,化学,0.900,-0.47,19136000,21269275,0.005,0.004,+0.001,1772.5,+1.81
8725.T,ＭＳ＆ＡＤインシュアランスグループホールディングス,leader,保険業,保険業,0.896,-0.43,919641000,1026168300,0.241,0.179,+0.062,4857.0,+9.71
3132.T,マクニカホールディングス,core,卸売業,卸売業,0.893,-0.37,106477800,119196300,0.028,0.020,+0.008,3409.0,+4.25
6770.T,アルプスアルパイン,leader,電気機器,電気機器,0.892,-0.44,125920550,141126450,0.033,0.023,+0.010,2154.0,+2.79
8316.T,三井住友フィナンシャルG,leader,銀行,銀行業,0.889,-0.51,4658154300,5239367200,1.220,0.887,+0.334,7183.0,+3.58
5110.T,住友ゴム工業,core,ゴム製品,ゴム製品,0.880,-0.23,158536550,180172300,0.042,0.035,+0.007,2248.0,+1.17
4042.T,東ソー,leader,化学,化学,0.879,-0.45,167536500,190671450,0.044,0.029,+0.015,2848.0,+4.57
7259.T,アイシン,core,輸送用機器,輸送用機器,0.877,-0.26,138662850,158027700,0.036,0.029,+0.007,2321.0,+1.07
2269.T,明治ホールディングス,leader,食料品,食料品,0.876,-0.44,151999400,173495500,0.040,0.029,+0.010,3694.0,-2.69
6592.T,マブチモーター,core,電気機器,電気機器,0.874,-0.39,72008250,82345250,0.019,0.012,+0.007,1615.5,-0.98
8766.T,東京海上ホールディングス,leader,損害保険,保険業,0.873,-0.53,1391688200,1593368300,0.365,0.274,+0.091,7977.0,+6.12
8334.T,群馬銀行,core,銀行業,銀行業,0.873,-0.44,129829650,148710550,0.034,0.023,+0.011,2602.0,+2.93
6471.T,日本精工,leader,機械,機械,0.871,-0.48,108047650,124039200,0.028,0.019,+0.009,1141.5,-1.38
4587.T,ペプチドリーム,core,医薬品,医薬品,0.868,-0.45,37715370,43453930,0.010,0.007,+0.003,948.7,-6.53
5334.T,日本特殊陶業,core,ガラス・土石製品,ガラス・土石製品,0.864,-0.45,529484900,612733200,0.139,0.110,+0.029,9725.0,-7.25
6326.T,クボタ,leader,機械,機械,0.863,-0.54,268000550,310474600,0.070,0.049,+0.021,2787.5,+2.27
7011.T,三菱重工業,hot,重工・防衛,機械,0.863,-0.50,2983872900,3458340400,0.782,0.604,+0.178,3910.0,+4.66
9065.T,山九,core,陸運業,陸運業,0.862,-0.54,51462000,59725500,0.013,0.012,+0.002,9188.0,+4.36
4665.T,ダスキン,core,サービス業,サービス業,0.861,-0.44,17308600,20102550,0.005,0.003,+0.001,4433.0,-1.29
5401.T,日本製鉄,leader,鉄鋼,鉄鋼,0.861,-0.49,965036530,1121056911,0.253,0.187,+0.066,609.3,+9.17
6436.T,アマノ,core,機械,機械,0.861,-0.46,45006000,52287300,0.012,0.008,+0.004,3843.0,+2.02
3591.T,ワコールホールディングス,core,繊維製品,繊維製品,0.860,-0.33,18457100,21466500,0.005,0.003,+0.002,4393.0,-1.63
6724.T,セイコーエプソン,leader,電気機器,電気機器,0.859,-0.43,184556150,214807450,0.048,0.035,+0.014,2943.5,+2.72
6367.T,ダイキン工業,leader,空調,機械,0.855,-0.34,1132774000,1325656000,0.297,0.268,+0.029,24170.0,-4.90
6472.T,ＮＴＮ,leader,機械,機械,0.853,-0.53,60448760,70862360,0.016,0.012,+0.004,381.9,-2.40
8002.T,丸紅,leader,卸売業,卸売業,0.851,-0.58,830188200,975312900,0.218,0.157,+0.061,5390.0,+9.26
5076.T,インフロニア・ホールディングス,core,建設業,建設業,0.843,-0.55,217639450,258306850,0.057,0.042,+0.015,2832.5,-1.73
6586.T,マキタ,core,機械,機械,0.840,-0.39,159853800,190347400,0.042,0.032,+0.010,5674.0,+0.73
8113.T,ユニ・チャーム,core,化学,化学,0.839,-0.52,145048299,172809230,0.038,0.026,+0.012,956.6,+1.18
7747.T,朝日インテック,core,精密機器,精密機器,0.839,-0.28,142312200,169626700,0.037,0.032,+0.005,3389.0,-5.70
9142.T,九州旅客鉄道,core,陸運業,陸運業,0.838,-0.29,104251200,124383800,0.027,0.021,+0.006,3597.0,+0.81
7164.T,全国保証,core,その他金融業,その他金融業,0.838,-0.48,55670800,66423800,0.015,0.010,+0.004,3056.0,-1.26
8359.T,八十二長野銀行,core,銀行業,銀行業,0.838,-0.52,175842500,209906750,0.046,0.033,+0.013,2655.0,+3.05
8252.T,丸井グループ,leader,小売業,小売業,0.836,-0.29,100406750,120055150,0.026,0.023,+0.004,2916.0,-1.05
6963.T,ローム,leader,電気機器,半導体,0.834,-0.53,1210139400,1450397900,0.317,0.234,+0.083,4915.0,-12.33
4186.T,東京応化工業,core,化学,化学,0.834,-0.37,470828500,564767000,0.123,0.099,+0.024,10705.0,+2.64
4912.T,ライオン,core,化学,化学,0.832,-0.63,59026250,70905850,0.015,0.012,+0.004,1654.0,-1.22
7458.T,第一興商,core,卸売業,卸売業,0.832,-0.37,21883500,26308150,0.006,0.004,+0.001,1751.0,-0.79
7272.T,ヤマハ発動機,leader,輸送用機器,輸送用機器,0.831,-0.55,271536350,326858500,0.071,0.052,+0.019,1294.0,+3.52
7182.T,ゆうちょ銀行,core,銀行業,銀行業,0.830,-0.62,969463400,1168437100,0.254,0.190,+0.064,3440.0,+3.65
4684.T,オービック,core,情報・通信業,情報・通信業,0.827,-0.45,368937000,445870300,0.097,0.074,+0.023,4152.0,-0.93
4680.T,ラウンドワン,core,サービス業,サービス業,0.824,-0.55,175460600,212896600,0.046,0.036,+0.010,1212.0,-2.49
9508.T,九州電力,core,電気・ガス業,電気・ガス業,0.824,-0.54,116648150,141616750,0.031,0.022,+0.008,1778.0,+3.92
1951.T,エクシオグループ,core,建設業,建設業,0.818,-0.35,63178600,77211250,0.017,0.012,+0.004,2610.5,-2.96
9432.T,日本電信電話,leader,通信,情報・通信業,0.818,-0.58,1551293193,1895885594,0.406,0.315,+0.092,149.7,+0.54
9627.T,アインホールディングス,core,小売業,小売業,0.817,-0.28,39470600,48333600,0.010,0.009,+0.001,5815.0,+3.08
4272.T,日本化薬,core,化学,化学,0.813,-0.28,57530400,70747550,0.015,0.011,+0.004,1991.5,-0.47
2587.T,サントリービバレッジ＆フード,core,食料品,食料品,0.811,-0.40,153065900,188732300,0.040,0.033,+0.007,4570.0,-0.24
4540.T,ツムラ,core,医薬品,医薬品,0.811,-0.40,63093000,77818100,0.017,0.011,+0.006,3799.0,-0.99
8058.T,三菱商事,leader,総合商社,卸売業,0.810,-0.68,1383822600,1708060900,0.363,0.309,+0.053,4923.0,+9.33
9505.T,北陸電力,core,電気・ガス業,電気・ガス業,0.810,-0.48,31880530,39374000,0.008,0.007,+0.001,948.2,+4.70
9076.T,セイノーホールディングス,core,陸運業,陸運業,0.809,-0.31,37235600,46049550,0.010,0.009,+0.001,2676.0,-0.13
1802.T,大林組,leader,建設業,建設業,0.808,-0.53,273043900,337954700,0.072,0.057,+0.015,3261.0,+1.02
6301.T,コマツ,leader,建設機械,機械,0.803,-0.62,673087100,838492700,0.176,0.129,+0.047,6627.0,+2.52
3038.T,神戸物産,core,卸売業,卸売業,0.800,-0.52,163542400,204515800,0.043,0.034,+0.009,2626.5,-1.26
6504.T,富士電機,leader,電気機器,電気機器,0.799,-0.58,498610500,623958500,0.131,0.096,+0.035,13215.0,+1.26
3769.T,ＧＭＯペイメントゲートウェイ,core,情報・通信業,情報・通信業,0.798,-0.31,88352600,110649900,0.023,0.022,+0.001,9502.0,-2.71
5929.T,三和ホールディングス,core,金属製品,金属製品,0.798,-0.34,60140800,75327300,0.016,0.014,+0.002,3782.0,+2.58
4716.T,日本オラクル,core,情報・通信業,情報・通信業,0.797,-0.44,108879100,136643300,0.029,0.021,+0.008,8197.0,-5.27
8424.T,芙蓉総合リース,core,その他金融業,その他金融業,0.797,-0.57,25127200,31546400,0.007,0.005,+0.001,4408.0,+2.27
9533.T,東邦瓦斯,core,電気・ガス業,電気・ガス業,0.796,-0.50,33205400,41739000,0.009,0.007,+0.001,1212.5,+0.21
1959.T,クラフティア,core,建設業,建設業,0.792,-0.32,87323100,110206300,0.023,0.017,+0.006,8818.0,+0.24
4506.T,住友ファーマ,leader,医薬品,医薬品,0.792,-0.72,237134850,299426200,0.062,0.051,+0.011,1287.5,-7.37
3401.T,帝人,leader,繊維製品,繊維製品,0.791,-0.53,46079350,58220550,0.012,0.010,+0.002,1714.0,+2.30
4205.T,日本ゼオン,core,化学,化学,0.789,-0.36,67161950,85111400,0.018,0.017,+0.001,2270.0,-1.20
7453.T,良品計画,leader,小売業,小売業,0.787,-0.43,1113610800,1414241800,0.292,0.303,-0.011,4224.0,+4.19
3774.T,インターネットイニシアティブ,core,情報・通信業,情報・通信業,0.783,-0.57,86384600,110274600,0.023,0.018,+0.005,3377.0,-3.18
8015.T,豊田通商,leader,卸売業,卸売業,0.782,-0.61,556833200,711832000,0.146,0.110,+0.036,6562.0,+7.50
5108.T,ブリヂストン,leader,ゴム製品,ゴム製品,0.779,-0.58,542664600,696364400,0.142,0.110,+0.032,3731.0,+4.01
7752.T,リコー,leader,電気機器,電気機器,0.778,-0.54,161987850,208266350,0.042,0.037,+0.005,1549.0,+2.55
6136.T,オーエスジー,core,機械,機械,0.775,-0.55,108899600,140535000,0.029,0.025,+0.004,3770.0,-10.22
5016.T,ＪＸ金属,core,非鉄金属,非鉄金属,0.775,-0.68,4340147800,5601534100,1.137,0.926,+0.211,3963.0,+0.63
7202.T,いすゞ自動車,leader,輸送用機器,輸送用機器,0.773,-0.69,140154800,181368700,0.037,0.028,+0.009,2317.5,-1.49
6227.T,ＡＩメカテック(株),hot,,不明,0.772,-0.46,753139000,975161000,0.197,0.192,+0.006,7340.0,+4.26
8267.T,イオン,leader,小売業,小売業,0.772,-0.58,551708150,714497450,0.145,0.123,+0.021,1334.5,-3.85
5101.T,横浜ゴム,leader,ゴム製品,ゴム製品,0.771,-0.58,297675300,385839900,0.078,0.061,+0.017,7837.0,+3.19
5631.T,日本製鋼所,leader,機械,機械,0.771,-0.65,342340300,443941700,0.090,0.070,+0.020,7677.0,-0.95
2433.T,博報堂ＤＹホールディングス,core,サービス業,サービス業,0.764,-0.51,37286000,48786250,0.010,0.008,+0.002,1206.5,-0.54
6178.T,日本郵政,leader,サービス業,サービス業,0.764,-0.66,507174250,663782100,0.133,0.096,+0.037,2457.0,+5.09
9449.T,ＧＭＯインターネットグループ,core,情報・通信業,情報・通信業,0.763,-0.39,82329900,107875800,0.022,0.020,+0.002,3961.0,+1.33
4507.T,塩野義製薬,leader,医薬品,医薬品,0.762,-0.60,202965250,266480100,0.053,0.042,+0.011,2825.0,+0.00
6302.T,住友重機械工業,leader,機械,機械,0.761,-0.34,147170200,193490900,0.039,0.033,+0.005,5334.0,+1.06
9302.T,三井倉庫ホールディングス,core,倉庫・運輸関連業,倉庫・運輸関連業,0.760,-0.42,24709500,32504550,0.006,0.005,+0.001,3581.0,+0.76
8418.T,山口フィナンシャルグループ,core,銀行業,銀行業,0.758,-0.58,85126300,112375800,0.022,0.018,+0.004,3106.0,+3.02
8595.T,ジャフコ　グループ,core,証券、商品先物取引業,証券、商品先物取引業,0.755,-0.32,29608300,39197850,0.008,0.007,+0.001,2313.5,-1.93
2002.T,日清製粉グループ本社,leader,食料品,食料品,0.750,-0.39,46426050,61869250,0.012,0.011,+0.001,2009.0,-0.57
8227.T,しまむら,core,小売業,小売業,0.750,-0.54,88922600,118583900,0.023,0.019,+0.005,3322.0,-1.19
4751.T,サイバーエージェント,leader,サービス業,サービス業,0.746,-0.64,203203600,272293750,0.053,0.040,+0.013,1400.5,-5.59
3563.T,ＦＯＯＤ　＆　ＬＩＦＥ　ＣＯＭＰＡＮＩＥＳ,core,小売業,小売業,0.739,-0.78,508652300,687891000,0.133,0.108,+0.025,5478.0,+11.18
4114.T,日本触媒,core,化学,化学,0.739,-0.40,41894250,56686750,0.011,0.010,+0.001,2139.5,+2.37
6674.T,ジーエス・ユアサ　コーポレーション,core,電気機器,電気機器,0.739,-0.74,243540500,329581500,0.064,0.052,+0.012,6058.0,-3.73
8795.T,Ｔ＆Ｄホールディングス,leader,保険業,保険業,0.738,-0.39,240735600,325985800,0.063,0.057,+0.006,5060.0,+2.89
4612.T,日本ペイントホールディングス,core,化学,化学,0.737,-0.62,126194400,171188050,0.033,0.026,+0.007,1129.0,+4.68
5232.T,住友大阪セメント,core,ガラス・土石製品,ガラス・土石製品,0.735,-0.42,54515000,74120000,0.014,0.015,-0.000,5756.0,+5.04
8060.T,キヤノンマーケティングジャパン,core,卸売業,卸売業,0.735,-0.38,29869100,40627400,0.008,0.007,+0.001,3553.0,+0.57
9006.T,京浜急行電鉄,core,陸運業,陸運業,0.734,-0.37,51965650,70795100,0.014,0.013,+0.001,1546.5,-0.48
4922.T,コーセーホールディングス,core,化学,化学,0.733,-0.43,48806900,66540900,0.013,0.014,-0.001,5488.0,+4.06
2206.T,江崎グリコ,core,食料品,食料品,0.728,-0.39,63586900,87348400,0.017,0.014,+0.002,5047.0,-3.57
6273.T,ＳＭＣ,leader,機械,機械,0.728,-0.50,753057000,1034503000,0.197,0.191,+0.007,73210.0,-2.53
5802.T,住友電気工業,leader,非鉄金属,非鉄金属,0.725,-0.76,2035862200,2807063150,0.533,0.459,+0.074,2524.0,-1.71
2229.T,カルビー,core,食料品,食料品,0.723,-0.38,29805250,41203600,0.008,0.008,+0.000,2921.5,-1.73
7282.T,豊田合成,core,輸送用機器,輸送用機器,0.723,-0.46,90981900,125909000,0.024,0.020,+0.004,5110.0,+0.41
6632.T,ＪＶＣケンウッド,core,電気機器,電気機器,0.720,-0.87,33816700,46935850,0.009,0.007,+0.002,1136.5,+0.58
2212.T,山崎製パン,core,食料品,食料品,0.719,-0.50,77517700,107749000,0.020,0.019,+0.001,3286.0,+2.14
9434.T,ソフトバンク,leader,通信,情報・通信業,0.717,-0.74,675874528,942786601,0.177,0.148,+0.029,218.7,+2.77
3659.T,ネクソン,leader,情報・通信業,情報・通信業,0.715,-0.64,167330000,233902800,0.044,0.036,+0.008,2229.5,-2.88
4704.T,トレンドマイクロ,leader,情報・通信業,情報・通信業,0.715,-0.70,173634900,242758200,0.045,0.042,+0.003,6150.0,-1.41
2432.T,ディー・エヌ・エー,leader,情報・通信業,情報・通信業,0.712,-0.71,92118000,129308650,0.024,0.022,+0.003,2415.5,-3.99
7269.T,スズキ,leader,輸送用機器,輸送用機器,0.710,-0.81,461022150,649048300,0.121,0.097,+0.024,2040.5,+0.20
6645.T,オムロン,leader,電気機器,電気機器,0.709,-0.52,257898300,363774400,0.068,0.057,+0.010,5565.0,-6.44
5255.T,(株)モンスターラボ,hot,,不明,0.708,-0.32,1116000,1575300,0.000,0.000,-0.000,90.0,+2.27
6845.T,アズビル,core,電気機器,電気機器,0.708,-0.46,71165800,100468000,0.019,0.019,-0.001,1622.0,-4.45
1911.T,住友林業,core,建設業,建設業,0.705,-0.75,141628250,200901200,0.037,0.037,+0.000,1327.0,-0.08
7004.T,カナデビア,leader,機械,機械,0.704,-0.41,34007600,48302000,0.009,0.010,-0.001,1228.0,-1.13
9041.T,近鉄グループホールディングス,core,陸運業,陸運業,0.698,-0.89,57036100,81761000,0.015,0.012,+0.002,3417.0,-1.75
2337.T,いちご(株),hot,,不明,0.696,-0.39,19962000,28694700,0.005,0.006,-0.001,427.0,-3.83
5713.T,住友金属鉱山,leader,非鉄金属,非鉄金属,0.695,-0.35,856339900,1231815200,0.224,0.238,-0.014,7910.0,+8.65
9513.T,電源開発,core,電気・ガス業,電気・ガス業,0.690,-0.53,72847400,105597900,0.019,0.020,-0.001,3808.0,+5.16
7956.T,ピジョン,core,その他製品,その他製品,0.689,-0.42,68546800,99489850,0.018,0.016,+0.002,1976.5,-4.95
4401.T,ＡＤＥＫＡ,core,化学,化学,0.687,-0.49,49157000,71510700,0.013,0.013,+0.000,4134.0,-1.59
9069.T,センコーグループホールディングス,core,陸運業,陸運業,0.685,-0.68,26867700,39248700,0.007,0.007,-0.000,2165.0,+4.21
9008.T,京王電鉄,leader,陸運業,陸運業,0.684,-0.68,61529390,89993840,0.016,0.015,+0.001,777.5,+3.05
6361.T,荏原製作所,leader,機械,機械,0.682,-0.73,788209000,1155757800,0.207,0.180,+0.026,5779.0,-4.87
2503.T,キリンホールディングス,leader,食料品,食料品,0.682,-0.99,300598400,440816050,0.079,0.068,+0.010,2894.5,+1.76
8001.T,伊藤忠商事,leader,総合商社,卸売業,0.681,-0.92,794817800,1166730400,0.208,0.181,+0.028,1976.0,+3.35
9468.T,ＫＡＤＯＫＡＷＡ,core,情報・通信業,情報・通信業,0.681,-0.64,72677300,106752500,0.019,0.017,+0.002,3474.0,-8.55
6753.T,シャープ,leader,電気機器,電気機器,0.678,-0.89,68943970,101748350,0.018,0.016,+0.002,612.9,-5.50
3391.T,ツルハホールディングス,core,小売業,小売業,0.677,-0.76,131668200,194361900,0.034,0.033,+0.001,2364.5,+3.66
1860.T,戸田建設,core,建設業,建設業,0.674,-0.72,58661650,87072550,0.015,0.012,+0.003,1544.5,-0.99
5706.T,三井金属,leader,非鉄金属,非鉄金属,0.672,-0.75,1713962000,2550205000,0.449,0.408,+0.041,34200.0,-5.91
8630.T,ＳＯＭＰＯホールディングス,leader,保険業,保険業,0.668,-0.84,621780600,931500400,0.163,0.147,+0.016,6952.0,+6.67
6856.T,堀場製作所,core,電気機器,電気機器,0.667,-0.70,252764500,379097000,0.066,0.059,+0.007,27150.0,-1.42
2871.T,ニチレイ,leader,食料品,食料品,0.667,-0.49,228109400,342169150,0.060,0.074,-0.014,2112.5,-1.15
3382.T,セブン＆アイ・ホールディングス,leader,小売業,小売業,0.666,-0.76,610087750,916552900,0.160,0.149,+0.010,2060.0,+1.15
4188.T,三菱ケミカルグループ,leader,化学,化学,0.664,-0.87,200400300,301811750,0.053,0.047,+0.005,1218.0,+3.84
7751.T,キヤノン,leader,精密機器,電気機器,0.660,-0.42,505804500,766895900,0.133,0.155,-0.023,4519.0,+3.93
8031.T,三井物産,leader,総合商社,卸売業,0.654,-0.82,1067275200,1630732900,0.280,0.252,+0.028,4964.0,+7.47
7003.T,三井Ｅ＆Ｓ,core,機械,機械,0.654,-0.84,310984800,475305900,0.081,0.073,+0.008,4739.0,+4.27
9101.T,日本郵船,leader,海運,海運業,0.653,-0.64,516424700,790572300,0.135,0.139,-0.003,5785.0,+8.58
6988.T,日東電工,leader,化学,化学,0.652,-0.62,261871000,401630900,0.069,0.074,-0.006,3314.0,+2.76
8411.T,みずほフィナンシャルG,leader,銀行,銀行業,0.652,-0.75,2996154500,4596682700,0.785,0.824,-0.039,8767.0,+4.02
4151.T,協和キリン,leader,医薬品,医薬品,0.648,-0.91,79314250,122332950,0.021,0.019,+0.002,2593.0,-1.91
8304.T,あおぞら銀行,leader,銀行業,銀行業,0.647,-0.44,156515300,241744950,0.041,0.039,+0.002,3033.0,+3.08
4666.T,パーク２４,core,不動産業,不動産業,0.645,-0.39,57631750,89340750,0.015,0.015,-0.000,1954.5,-2.18
2502.T,アサヒグループホールディングス,leader,食料品,食料品,0.644,-0.71,386331950,599435250,0.101,0.096,+0.005,1619.5,+1.03
9684.T,スクウェア・エニックス・ホールディングス,core,情報・通信業,情報・通信業,0.644,-0.88,72474150,112602150,0.019,0.018,+0.001,2490.0,-3.47
9439.T,(株)エム・エイチ・グループ,hot,,不明,0.644,-0.36,2308800,3587500,0.001,0.001,-0.001,223.0,-6.30
7203.T,トヨタ自動車,leader,自動車,輸送用機器,0.643,-0.83,2377525400,3697869250,0.623,0.619,+0.004,2934.5,+3.77
6723.T,ルネサスエレクトロニクス,hot,半導体(車載マイコン),半導体,0.640,-0.88,2454512900,3836231400,0.643,0.572,+0.071,4218.0,-10.86
9602.T,東宝,leader,情報・通信業,情報・通信業,0.640,-0.56,229254900,358325900,0.060,0.069,-0.009,1356.5,+0.37
7731.T,ニコン,leader,精密機器,精密機器,0.640,-0.53,143242250,223955300,0.038,0.038,-0.001,2221.5,-0.78
3088.T,マツキヨココカラ＆カンパニー,core,小売業,小売業,0.639,-0.65,130111950,203731100,0.034,0.031,+0.003,2442.5,+0.80
9404.T,日本テレビホールディングス,core,情報・通信業,情報・通信業,0.638,-0.40,35030050,54889650,0.009,0.010,-0.001,2805.5,-3.69
6806.T,ヒロセ電機,core,電気機器,電気機器,0.638,-0.80,158738500,248796000,0.042,0.044,-0.002,28360.0,+3.00
3407.T,旭化成,leader,化学,化学,0.635,-0.72,240041000,377744450,0.063,0.059,+0.004,1868.5,+0.54
8591.T,オリックス,leader,その他金融業,その他金融業,0.635,-0.99,585477700,922140600,0.153,0.154,-0.001,6630.0,+1.11
4091.T,日本酸素ホールディングス,core,化学,化学,0.635,-0.67,67075500,105684900,0.018,0.017,+0.001,5941.0,-2.30
9843.T,ニトリホールディングス,leader,小売業,小売業,0.633,-0.88,227127350,358856750,0.060,0.058,+0.001,2384.0,-1.67
2331.T,ＡＬＳＯＫ,core,サービス業,サービス業,0.628,-0.83,43210050,68843600,0.011,0.011,+0.000,1136.5,+2.80
9504.T,中国電力,core,電気・ガス業,電気・ガス業,0.627,-0.38,42553910,67918160,0.011,0.012,-0.001,935.6,+1.08
6383.T,ダイフク,core,機械,機械,0.626,-0.43,277319300,442735300,0.073,0.087,-0.015,6365.0,-6.29
9048.T,名古屋鉄道,core,陸運業,陸運業,0.626,-0.87,47215750,75439550,0.012,0.012,+0.000,1890.0,+0.83
8473.T,ＳＢＩホールディングス,core,証券、商品先物取引業,証券、商品先物取引業,0.625,-0.75,430531550,688770850,0.113,0.117,-0.005,2886.0,+2.98
9147.T,ＮＩＰＰＯＮＥＸＰＲＥＳＳホールディングス,leader,陸運業,陸運業,0.624,-0.72,146072500,234268300,0.038,0.038,+0.001,5509.0,+1.92
8593.T,三菱ＨＣキャピタル,core,その他金融業,その他金融業,0.623,-0.86,177361800,284541700,0.046,0.047,-0.000,1435.0,+4.44
9697.T,カプコン,core,情報・通信業,情報・通信業,0.623,-0.77,234350800,376040300,0.061,0.061,+0.001,3326.0,+1.37
417A.T,ブルーゾーンホールディングス,core,小売業,小売業,0.620,-0.84,15682300,25302950,0.004,0.004,+0.000,1723.5,-2.54
4578.T,大塚ホールディングス,leader,医薬品,医薬品,0.619,-1.12,311952000,503784000,0.082,0.073,+0.009,10860.0,-1.09
5021.T,コスモエネルギーホールディングス,core,石油・石炭製品,石油・石炭製品,0.616,-0.85,77667400,126021900,0.020,0.020,+0.000,3960.0,+2.09
3291.T,飯田グループホールディングス,core,不動産業,不動産業,0.615,-0.46,31558100,51277000,0.008,0.009,-0.001,2237.5,+0.52
6869.T,シスメックス,core,電気機器,電気機器,0.615,-0.53,118784850,193151050,0.031,0.039,-0.008,1510.5,-1.27
3116.T,トヨタ紡織,core,輸送用機器,輸送用機器,0.613,-0.72,47314700,77213300,0.012,0.013,-0.001,2264.0,+3.31
9987.T,スズケン,core,卸売業,卸売業,0.610,-0.78,30161500,49454300,0.008,0.008,+0.000,5113.0,+3.08
7261.T,マツダ,leader,輸送用機器,輸送用機器,0.609,-1.02,255195200,418981700,0.067,0.065,+0.002,1153.5,+2.99
7313.T,テイ・エス　テック,core,輸送用機器,輸送用機器,0.608,-0.90,16747200,27522700,0.004,0.004,+0.000,1781.0,+1.63
7988.T,ニフコ,core,化学,化学,0.608,-0.85,33437400,54989600,0.009,0.009,-0.000,5148.0,+0.84
4194.T,ビジョナル,core,情報・通信業,情報・通信業,0.603,-0.88,52569300,87154600,0.014,0.014,-0.000,8355.0,+1.37
8804.T,東京建物,leader,不動産業,不動産業,0.603,-0.80,100860600,167351800,0.026,0.026,+0.000,3445.0,+2.38
8801.T,三井不動産,leader,不動産業,不動産業,0.599,-0.98,304192000,508047500,0.080,0.080,+0.000,1545.0,+1.34
5406.T,神戸製鋼所,leader,鉄鋼,鉄鋼,0.598,-0.88,126240850,210978050,0.033,0.034,-0.001,1993.5,+6.18
2897.T,日清食品ホールディングス,core,食料品,食料品,0.597,-0.88,95970900,160829150,0.025,0.027,-0.002,2855.5,+2.02
8697.T,日本取引所グループ,leader,その他金融業,その他金融業,0.596,-1.05,181917650,305127650,0.048,0.048,-0.000,2264.5,+1.25
8053.T,住友商事,leader,卸売業,卸売業,0.591,-1.17,470412650,795482400,0.123,0.126,-0.003,1627.5,+3.30
5901.T,東洋製罐グループホールディングス,core,金属製品,金属製品,0.591,-0.55,25900600,43810400,0.007,0.008,-0.001,4046.0,-1.05
6501.T,日立製作所,leader,総合電機,電気機器,0.590,-0.66,1537550400,2605100500,0.403,0.432,-0.029,4840.0,+2.15
9501.T,東京電力ホールディングス,leader,電気・ガス業,電気・ガス業,0.590,-0.82,542845163,919774774,0.142,0.179,-0.037,517.0,+7.17
9009.T,京成電鉄,leader,陸運業,陸運業,0.589,-0.44,55919400,94949500,0.015,0.017,-0.002,1235.0,-0.36
2282.T,日本ハム,leader,食料品,食料品,0.589,-1.01,94207700,159969600,0.025,0.025,-0.000,6156.0,-0.63
5831.T,しずおかフィナンシャルグループ,leader,銀行業,銀行業,0.587,-1.10,162192300,276532200,0.042,0.043,-0.000,3369.0,+1.66
5020.T,ＥＮＥＯＳホールディングス,leader,石油・石炭製品,石油・石炭製品,0.586,-0.46,212539900,362763400,0.056,0.066,-0.011,1332.5,+5.67
8012.T,長瀬産業,core,卸売業,卸売業,0.583,-0.82,21909950,37569600,0.006,0.006,-0.000,1203.5,+3.48
9201.T,日本航空,leader,空運業,空運業,0.581,-1.09,263352550,453112850,0.069,0.069,+0.000,2858.5,-2.32
7616.T,コロワイド,core,小売業,小売業,0.581,-0.55,28273300,48664550,0.007,0.009,-0.002,1924.5,+0.31
3105.T,日清紡ホールディングス,core,電気機器,電気機器,0.580,-0.71,65964150,113635700,0.017,0.018,-0.001,2290.0,+2.16
1893.T,五洋建設,core,建設業,建設業,0.579,-0.60,94989200,163965400,0.025,0.030,-0.005,1604.0,-1.53
6505.T,東洋電機製造(株),hot,,不明,0.578,-0.37,10284300,17805600,0.003,0.005,-0.002,2396.0,+19.80
5105.T,ＴＯＹＯ　ＴＩＲＥ,core,ゴム製品,ゴム製品,0.574,-0.57,71064400,123872500,0.019,0.021,-0.002,4081.0,+3.71
6005.T,三浦工業,core,機械,機械,0.573,-0.54,29292600,51093100,0.008,0.009,-0.001,3188.0,-0.96
7270.T,ＳＵＢＡＲＵ,leader,輸送用機器,輸送用機器,0.572,-0.93,201525600,352541600,0.053,0.059,-0.006,2595.0,+3.28
4062.T,イビデン,leader,電気機器,電気機器,0.572,-0.97,6515431500,11399751000,1.707,1.838,-0.131,18160.0,-7.98
7936.T,アシックス,core,その他製品,その他製品,0.570,-0.78,441718200,774651500,0.116,0.132,-0.016,4881.0,+5.04
5991.T,日本発條,core,金属製品,金属製品,0.570,-0.66,104092400,182557000,0.027,0.034,-0.007,3744.0,-2.07
5019.T,出光興産,leader,石油・石炭製品,石油・石炭製品,0.569,-1.12,113679500,199872150,0.030,0.031,-0.001,1325.0,+6.04
7649.T,スギホールディングス,core,小売業,小売業,0.568,-0.40,95170850,167697050,0.025,0.030,-0.006,2876.0,-1.79
9509.T,北海道電力,core,電気・ガス業,電気・ガス業,0.567,-0.81,64751050,114119850,0.017,0.019,-0.002,1012.0,+4.21
8035.T,東京エレクトロン,leader,半導体製造装置,半導体,0.565,-0.92,10776453000,19079068000,2.824,3.199,-0.376,66220.0,-8.33
2181.T,パーソルホールディングス,core,サービス業,サービス業,0.564,-0.81,50979500,90356729,0.013,0.015,-0.002,257.8,+1.14
5463.T,丸一鋼管,core,鉄鋼,鉄鋼,0.564,-0.48,26687850,47328200,0.007,0.010,-0.003,1800.0,+0.00
6952.T,カシオ計算機,core,電気機器,電気機器,0.563,-1.15,50560300,89842600,0.013,0.013,+0.000,1786.5,-4.36
3626.T,ＴＩＳ,core,情報・通信業,情報・通信業,0.561,-1.00,82211700,146616200,0.022,0.023,-0.001,3413.0,-0.35
6971.T,京セラ,leader,電気機器,電気機器,0.560,-1.06,592537400,1058565600,0.155,0.168,-0.013,3720.0,-0.32
6134.T,ＦＵＪＩ,core,機械,機械,0.558,-0.59,196684000,352274200,0.052,0.060,-0.009,7617.0,-6.91
7951.T,ヤマハ,leader,その他製品,その他製品,0.558,-1.02,66509900,119291700,0.017,0.019,-0.001,1221.0,+2.99
1820.T,西松建設,core,建設業,建設業,0.557,-0.95,20900200,37528150,0.005,0.006,-0.000,5355.0,-1.22
7701.T,島津製作所,core,精密機器,精密機器,0.552,-0.83,124213500,225129900,0.033,0.036,-0.003,4088.0,-1.80
5832.T,ちゅうぎんフィナンシャルグループ,core,銀行業,銀行業,0.551,-0.81,27035100,49025700,0.007,0.009,-0.002,3377.0,+2.99
3397.T,トリドールホールディングス,core,小売業,小売業,0.551,-0.52,37895200,68778800,0.010,0.012,-0.003,4036.0,+0.98
9202.T,ＡＮＡホールディングス,leader,空運業,空運業,0.551,-0.85,142226300,258219700,0.037,0.043,-0.005,2999.0,-0.40
2802.T,味の素,leader,食料品,食料品,0.549,-1.15,585972100,1067122900,0.154,0.162,-0.009,5118.0,-10.48
5332.T,ＴＯＴＯ,leader,ガラス・土石製品,ガラス・土石製品,0.549,-1.24,315612200,574954800,0.083,0.088,-0.005,7606.0,-5.32
6702.T,富士通,leader,電気機器,電気機器,0.548,-0.95,704332400,1286101900,0.185,0.213,-0.029,3232.0,-2.94
7211.T,三菱自動車工業,leader,輸送用機器,輸送用機器,0.547,-0.92,189524009,346451073,0.050,0.063,-0.013,370.0,+1.84
5344.T,ＭＡＲＵＷＡ,core,ガラス・土石製品,ガラス・土石製品,0.547,-0.54,235574000,430815000,0.062,0.080,-0.019,58880.0,-4.48
7729.T,東京精密,core,精密機器,半導体,0.546,-0.54,305105500,558559000,0.080,0.093,-0.013,18475.0,-1.91
4528.T,小野薬品工業,core,医薬品,医薬品,0.546,-1.25,88504950,162189150,0.023,0.024,-0.001,2385.0,-1.67
4631.T,ＤＩＣ,core,化学,化学,0.545,-0.87,73782600,135464000,0.019,0.020,-0.001,4556.0,-3.64
5938.T,ＬＩＸＩＬ,core,金属製品,金属製品,0.544,-0.74,89242650,164037450,0.023,0.029,-0.005,1848.0,+0.03
9759.T,ＮＳＤ,core,情報・通信業,情報・通信業,0.541,-0.53,16353300,30203750,0.004,0.005,-0.001,2637.5,-1.14
4543.T,テルモ,leader,精密機器,精密機器,0.539,-1.01,230254400,427262600,0.060,0.065,-0.005,2142.0,-2.35
3231.T,野村不動産ホールディングス,core,不動産業,不動産業,0.538,-1.03,79107160,146977939,0.021,0.022,-0.002,948.9,+1.12
1803.T,清水建設,leader,建設業,建設業,0.538,-0.90,158551050,294608000,0.042,0.044,-0.002,2490.0,-0.12
6479.T,ミネベアミツミ,leader,電気機器,電気機器,0.534,-0.91,338212800,632975300,0.089,0.111,-0.022,3992.0,-7.89
9022.T,東海旅客鉄道,leader,陸運業,陸運業,0.532,-1.09,272368700,511749000,0.071,0.080,-0.009,3818.0,+4.29
2413.T,エムスリー,leader,サービス業,サービス業,0.532,-1.15,215713600,405410350,0.057,0.062,-0.005,1815.5,-3.35
6448.T,ブラザー工業,core,電気機器,電気機器,0.531,-1.17,70172900,132029200,0.018,0.021,-0.003,3939.0,+6.06
8604.T,野村ホールディングス,leader,証券、商品先物取引業,証券、商品先物取引業,0.531,-1.02,465032650,875108350,0.122,0.149,-0.027,1611.0,+3.57
285A.T,キオクシアホールディングス,hot,半導体メモリ(NAND),半導体,0.529,-1.11,127519631000,240881147000,33.411,35.467,-2.055,64860.0,-14.10
6754.T,アンリツ,core,電気機器,電気機器,0.529,-0.90,173682800,328410100,0.046,0.052,-0.007,4029.0,-4.46
4523.T,エーザイ,leader,医薬品,医薬品,0.528,-0.93,198089300,375092500,0.052,0.059,-0.007,4552.0,+6.16
9531.T,東京瓦斯,leader,電気・ガス業,電気・ガス業,0.523,-1.24,154345000,295291400,0.040,0.045,-0.005,6146.0,+2.09
7741.T,HOYA,leader,光学・半導体マスク,精密機器,0.522,-0.59,490629000,939929000,0.129,0.173,-0.045,24775.0,-1.39
6473.T,ジェイテクト,leader,機械,機械,0.522,-1.03,58898900,112902900,0.015,0.017,-0.002,2074.0,-2.79
6701.T,日本電気,leader,電気機器,電気機器,0.521,-0.68,864967200,1659585500,0.227,0.281,-0.055,4226.0,-2.09
7974.T,任天堂,leader,ゲーム,その他製品,0.520,-0.79,1722499200,3312910000,0.451,0.592,-0.141,6943.0,-1.03
2768.T,双日,leader,卸売業,卸売業,0.518,-1.19,205256100,396082300,0.054,0.062,-0.008,5477.0,+5.77
6268.T,ナブテスコ,core,機械,機械,0.518,-0.63,188999000,364781800,0.050,0.065,-0.016,5034.0,-5.94
9735.T,セコム,leader,サービス業,サービス業,0.517,-1.12,176667000,341757800,0.046,0.055,-0.009,6642.0,+0.03
9001.T,東武鉄道,leader,陸運業,陸運業,0.516,-0.74,39682850,76916300,0.010,0.013,-0.002,2982.5,+1.36
5444.T,大和工業,core,鉄鋼,鉄鋼,0.515,-0.52,44337000,86144500,0.012,0.015,-0.004,13040.0,+3.90
4182.T,三菱瓦斯化学,core,化学,化学,0.514,-1.02,113020400,219748300,0.030,0.035,-0.006,4578.0,-3.58
9104.T,商船三井,leader,海運業,海運業,0.514,-1.09,320219900,622871600,0.084,0.101,-0.018,5764.0,+6.96
8439.T,東京センチュリー,core,その他金融業,その他金融業,0.514,-0.89,41614800,80992850,0.011,0.013,-0.002,2683.5,+4.21
7189.T,西日本フィナンシャルホールディングス,core,銀行業,銀行業,0.513,-0.83,43435300,84647400,0.011,0.015,-0.003,4433.0,+1.14
5201.T,ＡＧＣ,leader,ガラス・土石製品,ガラス・土石製品,0.513,-0.92,208138700,405916500,0.055,0.064,-0.010,6329.0,-2.29
5803.T,フジクラ,hot,電線・光ファイバ(DC),非鉄金属,0.511,-1.03,6347103200,12409833300,1.663,2.103,-0.440,4744.0,-8.52
7012.T,川崎重工業,leader,輸送用機器,輸送用機器,0.511,-1.01,1392114650,2722692350,0.365,0.435,-0.071,2792.5,+2.97
4755.T,楽天グループ,leader,サービス業,サービス業,0.510,-0.88,285021641,558541283,0.075,0.089,-0.015,795.3,-0.90
6098.T,リクルートホールディングス,leader,人材・HRテック,サービス業,0.508,-1.01,1032589500,2032705500,0.271,0.334,-0.064,12235.0,+1.33
9984.T,ソフトバンクグループ,leader,投資持株・通信,情報・通信業,0.508,-1.04,10766209000,21200706700,2.821,3.379,-0.558,5856.0,-7.95
2784.T,アルフレッサ　ホールディングス,core,卸売業,卸売業,0.505,-0.69,26048500,51594000,0.007,0.009,-0.002,2306.0,+4.25
3635.T,コーエーテクモホールディングス,core,情報・通信業,情報・通信業,0.503,-1.13,43678400,86850700,0.011,0.013,-0.002,1494.0,-6.39
5216.T,(株)倉元製作所,hot,,不明,0.502,-0.27,1517400,3023200,0.000,0.003,-0.003,158.0,+0.00
4927.T,ポーラ・オルビスホールディングス,core,化学,化学,0.501,-0.58,16315200,32545150,0.004,0.006,-0.002,1306.5,-1.17
6728.T,アルバック,core,電気機器,半導体,0.499,-0.78,133534500,267792000,0.035,0.048,-0.013,10020.0,-0.15
6465.T,ホシザキ,core,機械,機械,0.498,-0.59,66653400,133787300,0.017,0.026,-0.009,5381.0,-2.61
6920.T,レーザーテック,hot,半導体検査装置(EUV),半導体,0.496,-0.74,6723038000,13556093000,1.761,2.310,-0.549,45110.0,+1.28
6758.T,ソニーグループ,leader,電機・エンタメ,電気機器,0.496,-0.91,1088432000,2194675800,0.285,0.377,-0.092,3433.0,+2.29
6526.T,ソシオネクスト,hot,半導体設計(SoC),半導体,0.493,-1.18,789303450,1600897000,0.207,0.262,-0.055,2492.5,-12.62
6752.T,パナソニックホールディングス,leader,電気機器,電気機器,0.492,-1.13,1128372400,2295690900,0.296,0.377,-0.082,4049.0,-11.48
6194.T,(株)アトラエ,hot,,不明,0.491,-0.42,2501600,5094900,0.001,0.002,-0.001,834.0,+2.84
4980.T,デクセリアルズ,core,化学,化学,0.491,-0.96,142490800,290376700,0.037,0.049,-0.011,3738.0,-9.29
5301.T,東海カーボン,leader,ガラス・土石製品,ガラス・土石製品,0.488,-0.99,63022000,129047500,0.017,0.023,-0.006,1642.5,-1.76
6954.T,ファナック,leader,FA・産業用ロボット,電気機器,0.488,-1.13,1128935800,2311944800,0.296,0.361,-0.065,6926.0,-1.87
4061.T,デンカ,leader,化学,化学,0.487,-1.11,69652800,142891400,0.018,0.021,-0.003,3765.0,-4.42
5243.T,ｎｏｔｅ(株),hot,,不明,0.487,-0.49,25470300,52347800,0.007,0.012,-0.006,2020.0,-9.01
6923.T,スタンレー電気,core,電気機器,電気機器,0.483,-0.97,41004000,84882700,0.011,0.016,-0.005,3503.0,-1.21
9107.T,川崎汽船,leader,海運業,海運業,0.481,-0.97,290979350,604724450,0.076,0.095,-0.018,2776.0,+9.16
4902.T,コニカミノルタ,leader,電気機器,電気機器,0.481,-1.18,54975390,114257642,0.014,0.017,-0.003,634.1,+7.86
1963.T,日揮ホールディングス,leader,建設業,建設業,0.480,-1.31,103685100,215892750,0.027,0.032,-0.005,2314.0,-4.38
6323.T,ローツェ,core,機械,機械,0.478,-0.94,546289900,1143190400,0.143,0.197,-0.054,4635.0,-2.95
8729.T,ソニーフィナンシャルグループ,core,保険業,保険業,0.476,-1.00,294809399,618731522,0.077,0.110,-0.032,157.5,+4.44
4324.T,電通グループ,leader,サービス業,サービス業,0.474,-0.88,84352200,178075000,0.022,0.033,-0.011,3344.0,-0.56
4204.T,積水化学工業,core,化学,化学,0.473,-0.60,112377450,237541300,0.029,0.039,-0.009,2656.5,+1.26
1969.T,高砂熱学工業,core,建設業,建設業,0.467,-0.57,56709000,121315500,0.015,0.022,-0.007,4500.0,-6.21
6925.T,ウシオ電機,core,電気機器,電気機器,0.464,-0.93,36871500,79381200,0.010,0.014,-0.004,4240.0,-1.05
3048.T,ビックカメラ,core,小売業,小売業,0.464,-0.62,32006950,68978050,0.008,0.012,-0.004,1703.0,+3.43
3402.T,東レ,leader,繊維製品,繊維製品,0.463,-1.05,83418950,180054600,0.022,0.028,-0.006,1176.5,+1.95
1414.T,ショーボンドホールディングス,core,建設業,建設業,0.462,-0.61,18708700,40482650,0.005,0.008,-0.003,1272.5,+0.16
7803.T,(株)ブシロード,hot,,不明,0.461,-0.72,28658300,62108900,0.008,0.012,-0.005,366.0,-0.81
4568.T,第一三共,leader,医薬品,医薬品,0.461,-1.06,340121500,738545400,0.089,0.117,-0.028,2748.0,+1.63
1721.T,コムシスホールディングス,leader,建設業,建設業,0.460,-0.80,66363300,144158100,0.017,0.023,-0.006,5183.0,-3.01
1719.T,安藤・間,core,建設業,建設業,0.460,-1.04,38859150,84538950,0.010,0.013,-0.003,1823.0,+0.47
4183.T,三井化学,leader,化学,化学,0.459,-1.17,101099450,220253850,0.026,0.034,-0.008,2213.0,+4.88
8174.T,日本瓦斯,core,小売業,小売業,0.456,-0.71,15995050,35106425,0.004,0.006,-0.002,2855.0,+1.30
7180.T,九州フィナンシャルグループ,core,銀行業,銀行業,0.454,-1.09,44831100,98645100,0.012,0.017,-0.005,1602.0,+3.25
8056.T,ＢＩＰＲＯＧＹ,core,情報・通信業,情報・通信業,0.454,-1.23,39523500,86995400,0.010,0.013,-0.003,4542.0,-0.53
5333.T,ＮＧＫ,leader,ガラス・土石製品,ガラス・土石製品,0.454,-0.69,320057200,704630500,0.084,0.116,-0.032,6241.0,-11.03
8136.T,サンリオ,core,卸売業,卸売業,0.454,-0.94,718140550,1581844450,0.188,0.285,-0.097,1150.0,-1.46
3003.T,ヒューリック,core,不動産業,不動産業,0.454,-0.91,85633650,188681500,0.022,0.030,-0.008,1783.5,+0.99
3778.T,さくらインターネット,hot,データセンタ・GPUクラウド,情報・通信業,0.453,-0.65,57475100,126844400,0.015,0.024,-0.009,2902.0,+1.43
9941.T,太洋物産(株),hot,,不明,0.452,-0.58,2673000,5910350,0.001,0.001,-0.000,1340.0,-13.83
4901.T,富士フイルムホールディングス,leader,化学,化学,0.451,-1.29,232115000,515132000,0.061,0.082,-0.022,3657.0,+2.04
1928.T,積水ハウス,leader,建設業,建設業,0.450,-1.02,198073800,439782200,0.052,0.070,-0.019,3507.0,+1.12
6857.T,アドバンテスト,hot,半導体検査装置(テスタ),半導体,0.449,-1.24,8150182000,18137489000,2.135,2.935,-0.800,30830.0,+4.94
7694.T,(株)いつも,hot,,不明,0.449,-0.58,128000,285200,0.000,0.000,-0.000,426.0,-1.39
6525.T,ＫＯＫＵＳＡＩ　ＥＬＥＣＴＲＩＣ,core,電気機器,電気機器,0.448,-1.29,2856813800,6382743700,0.749,0.929,-0.181,9191.0,-16.03
7832.T,バンダイナムコホールディングス,leader,その他製品,その他製品,0.447,-1.16,204553000,457609900,0.054,0.067,-0.013,4066.0,+0.69
6503.T,三菱電機,leader,電気機器,電気機器,0.447,-1.27,690999900,1547195600,0.181,0.244,-0.063,5717.0,-1.47
3349.T,コスモス薬品,core,小売業,小売業,0.446,-0.57,88478200,198305500,0.023,0.037,-0.014,6194.0,-2.36
4307.T,野村総合研究所,leader,情報・通信業,情報・通信業,0.446,-1.23,299223100,670677300,0.078,0.109,-0.031,4889.0,-1.81
8020.T,兼松,core,卸売業,卸売業,0.446,-0.58,23803250,53409250,0.006,0.009,-0.003,2144.0,+2.53
9007.T,小田急電鉄,leader,陸運業,陸運業,0.445,-0.91,60627600,136257350,0.016,0.024,-0.008,1708.0,-0.35
4385.T,メルカリ,leader,情報・通信業,情報・通信業,0.445,-0.81,194804800,438251500,0.051,0.078,-0.027,4419.0,-7.30
4043.T,トクヤマ,leader,化学,化学,0.444,-0.79,69238500,155921000,0.018,0.031,-0.012,4740.0,+1.61
4887.T,サワイグループホールディングス,core,医薬品,医薬品,0.444,-0.52,18980900,42774650,0.005,0.007,-0.002,1663.5,-1.04
4005.T,住友化学,leader,化学,化学,0.443,-1.02,188104841,424147058,0.049,0.063,-0.014,555.7,+3.27
9433.T,KDDI,leader,通信,情報・通信業,0.443,-1.23,433494000,979109000,0.114,0.158,-0.045,2855.0,+1.78
8088.T,岩谷産業,core,卸売業,卸売業,0.443,-1.14,32446400,73290250,0.009,0.011,-0.003,1992.5,-0.72
7911.T,ＴＯＰＰＡＮホールディングス,leader,その他製品,その他製品,0.440,-1.22,185736700,421903600,0.049,0.063,-0.015,4933.0,-4.92
4503.T,アステラス製薬,leader,医薬品,医薬品,0.440,-0.90,289323200,657396150,0.076,0.101,-0.025,2154.0,+1.51
7867.T,タカラトミー,core,その他製品,その他製品,0.437,-0.50,87082100,199471700,0.023,0.037,-0.015,3459.0,+3.50
7733.T,オリンパス,leader,精密機器,精密機器,0.435,-1.19,151612700,348921550,0.040,0.057,-0.017,1712.5,-2.45
6141.T,ＤＭＧ森精機,core,機械,機械,0.432,-0.52,110473800,256000400,0.029,0.042,-0.013,3565.0,-3.05
3697.T,ＳＨＩＦＴ,leader,情報・通信業,情報・通信業,0.430,-0.81,181280301,421257424,0.047,0.078,-0.030,751.7,+10.45
9020.T,東日本旅客鉄道,leader,陸運業,陸運業,0.429,-1.20,226564300,528213800,0.059,0.079,-0.020,3566.0,+1.74
2593.T,伊藤園,core,食料品,食料品,0.429,-0.83,28493150,66440400,0.007,0.011,-0.004,2967.0,+0.12
9507.T,四国電力,core,電気・ガス業,電気・ガス業,0.426,-1.18,16908150,39660850,0.004,0.006,-0.002,1523.5,+1.77
6481.T,ＴＨＫ,core,機械,機械,0.426,-0.57,184714500,433893100,0.048,0.078,-0.030,7194.0,-3.91
7550.T,ゼンショーホールディングス,core,小売業,小売業,0.422,-0.67,126185400,298788700,0.033,0.057,-0.024,9081.0,+3.01
9831.T,ヤマダホールディングス,core,小売業,小売業,0.422,-1.04,116274079,275688309,0.030,0.047,-0.016,717.2,+9.16
9989.T,サンドラッグ,core,小売業,小売業,0.419,-0.57,36339000,86764100,0.010,0.015,-0.006,3787.0,-0.89
6113.T,アマダ,leader,機械,機械,0.418,-1.19,130515150,312456200,0.034,0.056,-0.022,2916.0,-4.14
1878.T,大東建託,core,不動産業,不動産業,0.417,-0.93,96320400,231031000,0.025,0.037,-0.012,3223.0,+1.03
6532.T,ベイカレント,leader,サービス業,サービス業,0.417,-0.66,294909600,707619100,0.077,0.131,-0.054,6216.0,-7.17
9983.T,ファーストリテイリング,leader,小売(SPA),小売業,0.416,-1.30,2380515000,5715986000,0.624,0.884,-0.261,77340.0,-5.56
5411.T,ＪＦＥホールディングス,leader,鉄鋼,鉄鋼,0.416,-0.50,180101650,432601550,0.047,0.082,-0.034,1732.0,+5.67
3850.T,(株)ＮＴＴデータイントラマート,hot,,不明,0.415,-0.64,2688800,6472750,0.001,0.001,-0.001,2985.0,-4.63
4502.T,武田薬品工業,leader,医薬品,医薬品,0.415,-1.02,432407100,1043117300,0.113,0.172,-0.059,5472.0,+2.09
9021.T,西日本旅客鉄道,leader,陸運業,陸運業,0.414,-0.91,226595400,547214250,0.059,0.082,-0.022,2927.0,+0.27
6965.T,浜松ホトニクス,core,電気機器,電気機器,0.413,-1.21,182942250,442926750,0.048,0.074,-0.027,2429.5,-3.34
4452.T,花王,leader,化学,化学,0.413,-0.54,136634700,330817100,0.036,0.059,-0.023,3214.0,-0.59
3197.T,すかいらーくホールディングス,core,小売業,小売業,0.411,-0.99,91706950,223209650,0.024,0.037,-0.013,2968.0,+1.59
8341.T,七十七銀行,core,銀行業,銀行業,0.410,-1.52,42432800,103452100,0.011,0.015,-0.004,3596.0,+0.67
6368.T,オルガノ,core,機械,機械,0.408,-0.97,82620000,202424000,0.022,0.035,-0.013,15595.0,-1.73
1827.T,(株)ナカノフドー建設,hot,,不明,0.404,-0.51,558600,1381100,0.000,0.000,-0.000,1387.0,+14.25
278A.T,Ｔｅｒｒａ　Ｄｒｏｎｅ(株),hot,,不明,0.404,-0.70,980161000,2424754000,0.257,0.443,-0.186,14670.0,+21.44
6506.T,安川電機,leader,電気機器,電気機器,0.403,-0.78,1657366700,4112456850,0.434,0.735,-0.301,5358.0,-12.28
9042.T,阪急阪神ホールディングス,core,陸運業,陸運業,0.402,-1.43,107360100,266909200,0.028,0.039,-0.011,4632.0,-0.71
6266.T,タツモ(株),hot,,不明,0.400,-0.85,46145500,115373500,0.012,0.025,-0.013,4790.0,-7.35
7532.T,パン・パシフィック・インターナショナルホールディングス,leader,小売業,小売業,0.399,-1.22,134535250,337031642,0.035,0.054,-0.019,856.2,+0.08
6976.T,太陽誘電,leader,電気機器,電気機器,0.398,-1.34,9717867500,24419167500,2.546,3.928,-1.382,12240.0,-14.64
6707.T,サンケン電気,core,電気機器,半導体,0.398,-0.50,25274000,63570200,0.007,0.012,-0.005,9731.0,-8.24
1605.T,ＩＮＰＥＸ,leader,鉱業,鉱業,0.396,-1.23,352321100,888819100,0.092,0.141,-0.049,3665.0,+7.76
6269.T,三井海洋開発,core,機械,機械,0.393,-0.55,95901000,243771200,0.025,0.048,-0.023,10200.0,+2.83
8377.T,ほくほくフィナンシャルグループ,core,銀行業,銀行業,0.388,-0.74,71256500,183550300,0.019,0.034,-0.015,7656.0,-0.05
4203.T,住友ベークライト,core,化学,化学,0.388,-0.74,63185500,163059100,0.017,0.030,-0.014,7181.0,+0.03
6387.T,サムコ(株),hot,,不明,0.379,-0.75,23674000,62437000,0.006,0.012,-0.006,10290.0,-20.72
559A.T,梅乃宿酒造(株),hot,,不明,0.377,-0.71,1205200,3195700,0.000,0.001,-0.000,1205.0,+5.79
7240.T,ＮＯＫ,core,輸送用機器,輸送用機器,0.373,-0.70,22266100,59761450,0.006,0.011,-0.005,3010.0,+2.68
7735.T,ＳＣＲＥＥＮホールディングス,leader,電気機器,半導体,0.372,-1.15,1434571000,3854171000,0.376,0.670,-0.294,16750.0,-7.79
6861.T,キーエンス,leader,FA・センサー,電気機器,0.372,-1.11,740669000,1993036000,0.194,0.363,-0.169,72590.0,-4.49
7167.T,めぶきフィナンシャルグループ,core,銀行業,銀行業,0.372,-1.51,106086450,285485400,0.028,0.044,-0.016,1513.5,-2.10
6417.T,ＳＡＮＫＹＯ,core,機械,機械,0.369,-0.73,27301100,73970200,0.007,0.013,-0.006,1695.5,+2.60
2327.T,日鉄ソリューションズ,core,情報・通信業,情報・通信業,0.368,-0.66,15564200,42339750,0.004,0.008,-0.003,3704.0,-2.04
6841.T,横河電機,leader,電気機器,電気機器,0.366,-1.10,106214400,289818600,0.028,0.047,-0.019,5770.0,+3.50
8601.T,大和証券グループ本社,leader,証券、商品先物取引業,証券、商品先物取引業,0.365,-1.33,156121750,427882450,0.041,0.065,-0.025,1865.0,+4.54
7267.T,ホンダ,leader,自動車,輸送用機器,0.364,-1.09,365670700,1005892550,0.096,0.174,-0.078,1553.0,+3.26
4661.T,オリエンタルランド,leader,レジャー・テーマパーク,サービス業,0.363,-1.04,348550400,961076850,0.091,0.179,-0.088,2613.0,-0.53
2875.T,東洋水産,core,食料品,食料品,0.361,-0.96,60387000,167359000,0.016,0.027,-0.011,10590.0,+0.19
7309.T,シマノ,core,輸送用機器,輸送用機器,0.360,-1.04,141446000,393055500,0.037,0.069,-0.032,18605.0,+9.51
6460.T,セガサミーホールディングス,core,機械,機械,0.356,-0.67,35992100,101012200,0.009,0.019,-0.009,2431.5,+1.14
3064.T,ＭｏｎｏｔａＲＯ,core,小売業,小売業,0.355,-1.17,66892050,188678200,0.018,0.032,-0.015,1862.0,-4.07
4676.T,フジ・メディア・ホールディングス,core,情報・通信業,情報・通信業,0.350,-0.80,45380900,129722800,0.012,0.021,-0.010,4018.0,-2.57
6103.T,オークマ,leader,機械,機械,0.347,-0.97,37996000,109361750,0.010,0.019,-0.009,4945.0,-1.88
4544.T,Ｈ．Ｕ．グループホールディングス,core,サービス業,サービス業,0.344,-0.65,10552100,30642100,0.003,0.006,-0.003,3297.0,-2.48
2484.T,(株)出前館,hot,,不明,0.344,-0.39,837500,2436950,0.000,0.001,-0.001,131.0,+3.97
3436.T,SUMCO,hot,半導体シリコンウェハ,半導体,0.343,-0.82,2691270900,7842939300,0.705,1.365,-0.660,3785.0,-30.32
9616.T,共立メンテナンス,core,サービス業,サービス業,0.339,-0.71,56031800,165061300,0.015,0.031,-0.017,3079.0,+6.52
8303.T,ＳＢＩ新生銀行,core,銀行業,銀行業,0.337,-0.71,80792250,239574750,0.021,0.044,-0.023,1449.0,-0.58
6762.T,ＴＤＫ,leader,電気機器,電気機器,0.337,-1.38,762679600,2262224500,0.200,0.359,-0.159,3122.0,-7.03
6370.T,栗田工業,core,機械,機械,0.337,-1.13,62457300,185358700,0.016,0.031,-0.014,9047.0,-1.45
4911.T,資生堂,leader,化学,化学,0.334,-1.24,229710300,688281300,0.060,0.107,-0.046,3113.0,+11.42
150A.T,(株)ＪＳＨ,hot,,不明,0.333,-0.58,14512500,43563100,0.004,0.006,-0.002,642.0,+78.33
9861.T,吉野家ホールディングス,core,小売業,小売業,0.332,-1.21,50714900,152607900,0.013,0.026,-0.012,3498.0,+1.22
1812.T,鹿島建設,leader,建設業,建設業,0.332,-1.56,123785600,372959700,0.032,0.057,-0.025,5653.0,-1.93
4673.T,川崎地質(株),hot,,不明,0.328,-0.44,1447500,4414500,0.000,0.001,-0.001,4830.0,-5.66
8570.T,イオンフィナンシャルサービス,core,その他金融業,その他金融業,0.321,-1.33,11864850,36960000,0.003,0.006,-0.003,1561.0,+0.64
7640.T,(株)トップカルチャー,hot,,不明,0.320,-0.25,86200,269550,0.000,0.000,-0.000,173.0,+3.59
6740.T,(株)ジャパンディスプレイ,hot,,不明,0.317,-0.63,8480900,26780000,0.002,0.009,-0.007,47.0,-9.62
7807.T,(株)幸和製作所,hot,,不明,0.308,-0.40,171400,556650,0.000,0.000,-0.000,857.0,+5.28
5801.T,古河電気工業,hot,電線・光ファイバ,非鉄金属,0.308,-1.27,1261214300,4096602400,0.330,0.656,-0.325,3557.0,-5.67
3994.T,マネーフォワード,core,情報・通信業,情報・通信業,0.304,-0.60,62587200,205793500,0.016,0.040,-0.024,5173.0,+6.37
4768.T,大塚商会,core,情報・通信業,情報・通信業,0.303,-1.06,62042100,204687900,0.016,0.033,-0.017,2968.5,+2.75
7201.T,日産自動車,leader,輸送用機器,輸送用機器,0.300,-1.27,190960680,636223384,0.050,0.096,-0.046,330.7,+6.37
4575.T,(株)キャンバス,hot,,不明,0.299,-0.67,4204800,14057100,0.001,0.003,-0.002,725.0,-6.57
4004.T,レゾナック・ホールディングス,leader,化学,化学,0.296,-1.33,637105500,2153979500,0.167,0.333,-0.166,15560.0,-4.74
6951.T,日本電子,core,電気機器,電気機器,0.292,-0.75,51167600,174994100,0.013,0.034,-0.021,8240.0,+4.40
2997.T,(株)ストレージ王,hot,,不明,0.286,-0.42,534800,1872700,0.000,0.001,-0.001,1337.0,+0.00
9399.T,ビート・ホールディングス・リミテッド,hot,,不明,0.279,-0.48,511897,1837147,0.000,0.001,-0.001,14.0,-33.33
7501.T,(株)ティムコ,hot,,不明,0.275,-0.61,150100,545000,0.000,0.000,-0.000,1501.0,+3.52
7808.T,(株)シー・エス・ランバー,hot,,不明,0.250,-0.40,274500,1098200,0.000,0.000,-0.000,2745.0,+5.98
268A.T,リガク・ホールディングス(株),hot,,不明,0.245,-1.41,118248500,483508000,0.031,0.074,-0.043,2308.0,-8.19
4935.T,(株)リベルタ,hot,,不明,0.240,-0.67,16892800,70502000,0.004,0.019,-0.015,290.0,-26.02
9502.T,中部電力,leader,電気・ガス業,電気・ガス業,0.226,-0.88,128288950,567758600,0.034,0.107,-0.073,2968.0,-7.08
5711.T,三菱マテリアル,leader,非鉄金属,非鉄金属,0.223,-1.30,90820300,406488700,0.024,0.064,-0.040,4304.0,+4.72
6336.T,(株)石井表記,hot,,不明,0.191,-0.83,3396000,17798800,0.001,0.003,-0.002,1695.0,-14.82
2371.T,カカクコム,core,サービス業,サービス業,0.185,-0.55,15290900,82544150,0.004,0.018,-0.014,3641.0,+0.64
5013.T,(株)ユシロ,hot,,不明,0.179,-0.48,1766900,9855950,0.000,0.004,-0.003,2947.0,-12.16
6327.T,北川精機(株),hot,,不明,0.169,-1.01,42626000,252256000,0.011,0.044,-0.033,4050.0,-33.82
542A.T,(株)ビタブリッドジャパン,hot,,不明,0.164,-0.49,320500,1956900,0.000,0.000,-0.000,1068.0,+4.71
4597.T,ソレイジア・ファーマ(株),hot,,不明,0.149,-0.48,759800,5100400,0.000,0.014,-0.014,29.0,+11.54
472A.T,(株)ミラティブ,hot,,不明,0.139,-0.55,2195400,15745100,0.001,0.005,-0.004,548.0,-13.29
4591.T,(株)リボミック,hot,,不明,0.090,-0.92,805100,8987550,0.000,0.002,-0.002,75.0,+2.74
6573.T,ＣＲＡＶＩＡ(株),hot,,不明,0.081,-0.43,70000,867400,0.000,0.000,-0.000,28.0,+12.00
4833.T,(株)Ｄｅｆ　ｃｏｎｓｕｌｔｉｎｇ,hot,,不明,0.021,-0.60,126900,6079350,0.000,0.002,-0.002,46.0,-19.30
8918.T,(株)ランド,hot,,不明,0.015,-0.44,6100,408200,0.000,0.020,-0.020,10.0,+0.00
5240.T,ｍｏｎｏＡＩ　ｔｅｃｈｎｏｌｏｇｙ(株),hot,,不明,0.012,-0.52,260000,21674050,0.000,0.015,-0.015,163.0,-21.26
