address,pnl_rank_window,account_value,n_fills,median_gap_s,is_bot
0xe6111266afdcdf0b1fe8505028cc1f7419d798a7,128214318.43,1002142251.36,0,,0
0x17c3c8fdbcb7d1b240ce08965e09b1fc91cba868,14951809.78,24192534.56,2000,4.9,1
0xfc667adba8d4837586078f4fdcdc29804337ca06,13040980.84,73707832.41,2000,0.4,1
0xb3bd5fafb3dcb7ff0d27a6dcdb1974a2f8ac221d,12147216.6,71364867.5,0,,0
0x8cfac7c6f03e00db2f298699df96933a9694b6ab,9105144.99,9769447.01,0,,0
0x7fdafde5cfb5465924316eced2d3715494c517d1,8122353.76,39550054.47,2000,1.8,1
0x4e23288cee4960f9f962195c22948e4bc7ae20c3,8047649.51,24999231.15,2000,0.1,1
0xfe7ce058edc7cfcde9ef8262ba51f8d4796ab7ae,7503091.74,17005259.63,2000,1.2,1
0xebe126adabe1a8f08d3ce53b45e7cc994ca14070,6943915.65,18226146.23,2000,0.4,1
0xfc27136e42af1732ddc9ce2605ea9bff1b959d9d,6542373.61,16142020.89,2000,0.4,1
0xa312114b5795dff9b8db50474dd57701aa78ad1e,6039360.07,24526450.64,2000,3.9,1
0x1ab185be5ff61f7b678d6a871d439307cd0752e3,6038335.14,120404313.66,0,,0
0x0ddf9bae2af4b874b96d287a5ad42eb47138a902,6019395.26,23460969.11,2000,0.5,1
0x0ad9e656d9e6211d0ea1c5462342e1fc94cc4cbf,5293367.04,10293363.83,2000,0.2,1
0xb83de012dba672c76a7dbbbf3e459cb59d7d6e36,4966157.29,93617423.85,2000,0.9,1
0xefd3ab65915e35105caa462442c9ecc1346728df,4776732.21,74143.34,2000,3.8,1
0x9e8b1e51c642f4c8b87c6ba11c53d516a218afc4,4711031.2,10376530.01,804,6.9,1
0xcf90cfecf74e631feea816d02e757c0c8e895c0e,4656706.19,14571681.96,0,,0
0xf822fa0fd364c573fcdb7009fcf47601bc8be01a,4516082.67,41763177.5,2000,3.2,1
0x6315c7d325ea3508ad503f197d1671e097d0074a,4416255.83,17380051.44,2000,3.3,1
0xa31441e058492bc7cfffda9aa7623c407ae83a81,4338044.66,14832211.83,2000,1.9,1
0x60a8c761f39696b3b419f31dcda20b405cb685f6,4177633.86,32570334.67,2000,1.6,1
0x152e41f0b83e6cad4b5dc730c1d6279b7d67c9dc,4118611.51,17146446.85,2000,0.2,1
0x0d0707963952f2fba59dd06f2b425ace40b492fe,3999453.93,28549477.69,0,,0
0x64a4fbb71858f681f3fa10a42b34180a9a48088d,3971156.53,21401599.25,1,,0
0x32008fcb6bbd16532afc83ca8b6c920dde22c407,3649187.05,14388367.9,2000,0.2,1
0x9cd0a696c7cbb9d44de99268194cb08e5684e5fe,3288362.99,487227.55,1,,0
0x77375a8c9d13bf79afb2a87f1b0ac1dfd5f5bf66,3170170.0,38920819.19,52,122.9,0
0x3dc908374e11623d8eb9f07dfc7a2e5e803a54b0,3161696.2,22995362.22,2000,1.3,1
0x251f933e62283b6178d6f8c5629859dfa8b96e5d,3146897.4,21562329.29,90,6.8,1
0xd47587702a91731dc1089b5db0932cf820151a91,3062314.66,53377923.56,2000,0.5,1
0x091159a8106b077c13e89bc09701117e8b5f129a,2980239.95,9172898.2,2000,0.4,1
0x987f82a4a19848eaac4fe0be550d1eb4e1518573,2949537.03,34543626.68,0,,0
0x92ea19eceb7a8de0f50978a1583a5d8b018050e9,2939794.12,64580953.67,943,0.2,1
0x7fba7e745bd97f828c824589680749b55a8c04ab,2881225.63,7221903.56,860,0.3,1
0x936cf4fb95c30ce83f658b5bbb247e4bb381bb0f,2847263.08,9886958.91,2000,1.0,1
0x87f9cd15f5050a9283b8896300f7c8cf69ece2cf,2809606.57,80855046.04,0,,0
0xa445a0a15b1d50fa0c4bfe6796d9447e0da5329d,2786978.42,15408603.52,2000,0.4,1
0x9dcf1c87b82a35519a430457c1157f21e68f302d,2702875.69,11847019.95,2000,0.1,1
0x57dd78cd36e76e2011e8f6dc25cabbaba994494b,2403975.54,18317714.82,2000,0.3,1
0x6eba10acaaf584f662691a13795aef5741287359,2368075.07,34055030.17,0,,0
0x08e9c89f46dccee91bdb85c6532eb93a4c335efe,2350047.93,34443630.24,0,,0
0x123dbca6a27005a3c4ce10cb66ee8ece8fc13bff,2301265.6,5717754.07,2000,2.9,1
0xd3cb1823da2ff584dec3f49ef6a3eea51471e5bc,2278623.47,7546704.54,0,,0
0x45d26f28196d226497130c4bac709d808fed4029,2266632.65,30276267.57,613,1.8,1
0x218a65e21eddeece7a9df38c6bbdd89f692b7da2,2260418.42,1523397.42,579,0.8,1
0x8af700ba841f30e0a3fcb0ee4c4a9d223e1efa05,2203733.18,22618319.46,2000,0.9,1
0xcf5343ba750a6e30afbb1dadda08bc78f8c8ee11,2179053.72,13276169.33,2000,1.5,1
0x66f889094739dbb7d20aa60f645acd88feba75a9,2141436.76,1632853.74,2000,0.4,1
0x8def9f50456c6c4e37fa5d3d57f108ed23992dae,2126537.37,100534884.09,2000,7.4,1
0x469e9a7f624b04c24f0e64edf8d8a277e6bf58a5,2072602.28,17529812.75,2000,0.4,1
0x51f63885534cb494f4592a0311551f369bff2b39,2070556.07,4109050.59,2000,4.0,1
0xecb63caa47c7c4e77f60f1ce858cf28dc2b82b00,2003744.77,100067232.73,2000,0.4,1
0xc926ddba8b7617dbc65712f20cf8e1b58b8598d3,1989407.52,12740963.02,2000,4.1,1
0xd8c5228c515db3043dfa0c8cd6f22450ee9a99b0,1875884.84,18186209.38,2000,1.6,1
0xad227f63d34e7251c1d0ab65e64eeea07aee4e44,1867934.47,4342159.99,2000,2.2,1
0xb798aef79972ce8f73d47b9ebbcda6bbb7ec4fbf,1836040.17,8820708.67,570,0.6,1
0x4c78a97cef589b01bb91dbf893fffa14243d2444,1778159.81,10828597.65,2000,1.5,1
0xaf0fdd39e5d92499b0ed9f68693da99c0ec1e92e,1769842.13,13551130.09,1138,1.5,1
0x48d826da83e69844f2f84b2db50703a933d137a2,1769028.29,6340675.3,2000,1.4,1
0xa65ce1d604fa901c13aa29f2126a57d9032e412b,1755102.12,12237526.45,403,0.1,1
0x5b5d51203a0f9079f8aeb098a6523a13f298c060,1734745.39,30242529.88,2000,0.9,1
0xaeaab54bbf65bfd6efed7d2eb68372298e3c2416,1720418.91,9168804.54,522,4.2,1
0x007c20e5c339015c924735cf76cb092bc5d9bacc,1681424.18,5199094.79,7,100.1,0
0xd67ca2c6f8bc84acf4fa4472b82a8740dc0a53ff,1656474.67,3122469.95,2000,0.4,1
0x484bc1608211d0604bf70bae72792a56884562f8,1653463.42,19892222.41,2000,11.2,1
0x91a9cadcd7e36cbe8ff604cb634307d7b7643f70,1649238.98,4893772.49,160,0.7,1
0xf517639a8872e756ac98d3c65507d2ebc25cc032,1617586.04,8578050.6,2000,0.4,1
0x610b8dd6b392d010c2b6ad8d121dfc09524cb613,1595026.44,4113967.31,950,0.5,1
0xd62d484bda5391d75b414e68f9ddcedb207b7d91,1583509.54,9044342.17,0,,0
0xfd9415c5172f3ba22862870a7ff2de572cae1aab,1577422.03,5808286.93,0,,0
0x49e96e255ba418d08e66c35b588e2f2f3766e1d0,1572387.12,26812190.71,2000,2.3,1
0xcac19662ec88d23fa1c81ac0e8570b0cf2ff26b3,1552701.36,20568058.35,2000,8.5,1
0x3b883b85fd41b81ef23b6041248bc6ac0b1c04a7,1539527.23,2612645.22,2000,0.3,1
0x38de32620cf96426b87274ad2331c95f6dab63bc,1530679.82,10815707.51,0,,0
0x7839e2f2c375dd2935193f2736167514efff9916,1515558.73,13178441.29,39,12.2,1
0xebe837cd345469cbc5d6e1fd3d15ee5079ac885f,1507253.48,11477177.7,527,0.4,1
0xa6ee1ed1ae80b8352603654b39f5e7b9bedd5078,1507027.01,4824184.94,2000,0.4,1
0x4cd80aa0ce4881eb8679eda1f6fbe3d89aec0f7f,1415379.22,2121506.96,410,0.3,1
0x0c349d9b92fbd172bbb5a17a9db0a673a6a10ad3,1405844.74,1671764.74,2000,0.4,1
0xe0ffc829349c88c159462942ad885f12130e7610,1384944.34,8730822.54,100,0.3,1
0x5bba1df1bd0d44250246ef5b4697e9b847530dc4,1358587.03,2211193.28,2000,0.9,1
0x50a4d39bc020be2c86954eec2670541d300f8168,1336324.74,5993214.92,1257,0.5,1
0x71dfc07de32c2ebf1c4801f4b1c9e40b76d4a23d,1293451.8,7532266.47,2000,9.2,1
0x3bcae23e8c380dab4732e9a159c0456f12d866f3,1268469.46,11081858.92,2000,1.0,1
0xd05808946809c180d190608e13f473db30aa8524,1260986.1,1898443.33,689,1.6,1
0x42b6d907f36255d48f70db8b4a2684088a162634,1254148.19,4483247.12,2,14.5,0
0xc6758a779bccee1ef0190dbe8292fdf44076795d,1249376.69,2003975.38,627,0.2,1
0x9c89f595f5515609ad61f6fda94beff85ae6600e,1237241.34,10757057.25,0,,0
0x6df99d59cdada18ade521e05edd5e6a2ec91b734,1228093.31,6926968.61,13,31.5,1
0xaf2896f9de201cf15d0bef9a8e643627ad2253b2,1210867.17,6449820.6,0,,0
0x42bc06d636e9a9a93edb1ddf781ee97821a73946,1205967.65,2507747.15,2000,0.2,1
0x350e33a777d510616fbdb483d1de3b50d1edfcfb,1200203.58,3889701.68,2000,2.8,1
0xe867fbdad3291530e41530301ecb77693850c78e,1193245.45,73258663.04,1852,1.0,1
0x1116b5fcc070945062e8879841c29807db373d0d,1179281.2,1068852.93,2000,0.3,1
0x0c4a3a7ac74d43732f9b5ea507f01ab72a381b19,1143571.01,3156568.84,20,1085.3,0
0xe7ec7fbf4f195fc8e57d814e15c3a2857cb632a3,1140312.82,11287852.08,65,0.1,1
0x591540f231055743a37f691c3ffd50e4e53561ab,1133913.41,6967928.58,0,,0
0x8372e5a546ce84e32d638a7934da41018f75ba8c,1129935.74,28022975.93,0,,0
0xc59498175d6d317642aeb97f895a7ce1aa992191,1122762.35,5950113.03,19,0.5,1
0x2d23b731e5f04996a2dfdbe434c7d922afdb5e00,1122384.08,7594946.85,1,,0
0xb1ec7febea4f841d525785955b7fe0e812d6e86a,1105283.14,5792978.5,2000,0.3,1
0x53517267db72fca16edf4260eadb71d229c78f8d,1089406.4,6906604.99,0,,0
0x5c26dfc723e7a1da7b6c3bd5cbd72716d09425c2,1086860.98,3000228.52,2000,0.6,1
0x35270069b7a3c6d8c2caf73965f07a8a8b051e16,1081222.85,13238165.07,1460,1.8,1
0x72774e2fe1992d5da8c6e9cef73fd2ab980c0b98,1077652.72,1911249.48,2000,0.4,1
0xbcd420d13362532756c968f663f96ba95e240dd2,1076677.59,4710716.67,2000,1.1,1
0x4f7634c03ec4e87e14725c84913ade523c6fad5a,1074772.49,3563065.35,2000,0.8,1
0x6bb971430554e3af58fbd469bce46ab2359a2d23,1065153.02,3726637.31,122,0.8,1
0x9cc53c5af67fb83a16cc41f61e242bade875ab3d,1063449.86,2147159.24,2000,0.4,1
0xae6446c95cc4e455e9cf56f28757ab728d88e81e,1041547.29,10744554.92,0,,0
0xfc98b6ec7f59ea13354bae6171a9120692fb8777,1036066.87,1242327.96,1339,3.7,1
0x960b6c2c4b1498681b8422eb572a8b3a6aa3f0fc,1033296.16,16909181.64,1151,0.3,1
0xf02d16a272a842f8bac1d9a9e773aba1933454c6,1015810.05,20014652.85,2000,0.2,1
0x364a45829e8ce2940d8cff911076d8dec40b2e73,1011429.69,11427.89,699,0.2,1
0x5986347c1d0133d02d307f08bb1efd44c2eb89d9,989880.92,3299601.85,1894,0.3,1
0xaa3d56e9695f75eecd6e3e78546154b727147b8a,988390.01,8965970.0,0,,0
0x25882e0ad0a1a88f849d5622a759fb5ebe17f726,974670.07,6893283.77,0,,0
0x6355f7cf36b24044cd5b089a845113327d0ee58e,965407.47,13477533.72,0,,0
0xdb6f5c58bb13d8aa101b0a5d1a70f737b5d1cd1c,965186.54,115291.33,2000,2.2,1
0xdcac85ecae7148886029c20e661d848a4de99ce2,960630.99,18678000.03,149,1038.4,0
0x2025137a136bea7446deba681cbfc7cf1970840e,956109.89,5747087.54,2000,0.0,1
0x8cc94dc843e1ea7a19805e0cca43001123512b6a,956017.1,5969672.53,2000,1.0,1
0x4ff9b58ed112bf3df108d1d62bd95e7352ef38d3,951001.64,7260907.79,1450,0.2,1
0x6daec5ff434924e0839358e710e6ae5f158590de,949977.73,1978677.07,2000,0.4,1
0xdf9ea6ec3b7109935ccb4fb267e15ac1fb077ab1,934392.81,3255457.43,2000,2.3,1
0x69906b0ed626ca01a4b7c001e5711e5714ccf207,925267.97,6079023.42,2000,3.8,1
0xd487e26c62ed8c28ce3cc70b5791e501c2934982,921758.12,1920670.12,2000,20.4,1
0x4937c6b353864c7586198eb42b1c91dc917e0bd6,919069.92,2319313.06,2000,0.9,1
0xa55e490ab10f1e90b288a5f69c96f9e47547ae2e,916511.17,8078302.15,2000,0.9,1
0x2d99fe0f36c1aebd28a1a2c0e82e8ca13c2ea351,885294.73,7642311.46,363,0.5,1
0x325edd95bb016c36027ce3b9f7595af7094a9564,874433.51,6378429.79,935,2.2,1
0xa1a2401268b976cb46c35550f2b2428908dd53cb,871814.27,5501561.66,2000,0.8,1
0x15b325660a1c4a9582a7d834c31119c0cb9e3a42,866344.48,4029745.1,0,,0
0x0facac3bd128fe6d799898a059d3634b877c7a0a,864476.76,2120735.4,2000,0.8,1
0x525232cb6ed5030d2b052b36bfc0baec96986ee3,860244.53,7669852.67,184,0.5,1
0xe0698483810b7ac6ece05988efe06707fd8049f5,857574.71,5205492.56,1887,0.3,1
0x049bdc370620beab340b01072fa580fd57745e7d,847555.11,2047418.79,2000,0.4,1
0xc7290b4b308431a985fa9e3e8a335c2f7650517c,847155.03,2078267.3,89,17.2,1
0xe24166173f1e956845a0660c8b26db334dced71a,845395.66,1436220.37,208,4.0,1
0x8ed318c5eefd8c9b15b6ee351734c8a350b2f23a,838891.38,3053618.06,517,859.7,0
0x399965e15d4e61ec3529cc98b7f7ebb93b733336,829372.46,15383618.62,2000,0.6,1
0x79ec68d35878cedf61a4363b40ec30b89698bcad,821088.08,3324407.81,2000,5.4,1
0x461cc78cc9ddd66b0778aea759bdf0866a5ad2f2,810611.42,583740.68,336,184.1,0
0x5559da6ec434c5723d0ce9c4da7f29e3f8a3d43b,797964.19,6703279.93,0,,0
0x5647249079e257329ecb6f46ed41821d3c69e7de,782023.93,3239424.63,2000,2.3,1
0x992d92fb337a867f2629e440e149ca3bb98a8dc8,777224.2,10218073.21,0,,0
0x051c2e6d49cf82ebc47f08f9b85800f94fc9693c,766993.09,5825391.4,795,2.9,1
0x015354106478dda69c4aae3c0cf801290b738052,761679.7,13912803.43,317,0.2,1
0xf704ebc79aee732265c7c986fea50a9c01ab7f8d,754588.81,5093418.29,7,307366.4,0
0x8e096995c3e4a3f0bc5b3ea1cba94de2aa4d70c9,742063.53,2931017.69,1310,3.9,1
0x9ffdf919da72213588f7517598394cc5535bce40,741981.17,8342533.67,1112,0.7,1
0x089fe537f4b2af55fa990bc64ff4125800bba4f8,736199.85,11640110.31,408,0.4,1
0xfe764b90cad3965d6e98c03794959b58c065c38b,723413.45,7654517.57,0,,0
0x992ec71207c9e183e64c81461908f1a1a783af6a,721951.47,6855116.21,178,0.2,1
0xceec48581b3145a575508719f45da07dc57fa7ce,719574.82,13380416.21,124,5.4,1
0xf4a3c6c39424208803feff01d7f3c809cb88fd1c,715261.34,6035078.56,576,0.1,1
0xda744273f80b22412417f7cfe0503f3d721f987d,709585.15,6059304.93,910,0.7,1
0xb69928c8891fda94f534f79b8acfe3b83773392e,706997.36,1508692.43,1605,0.4,1
0xb319964af11f5d8975e729f93e81a1bb34e06ffa,706608.34,4191701.12,0,,0
0x51f3a19c1dfd8d7fe670e43ce0f66648789c8b34,704419.1,1970252.33,299,0.2,1
0xdd9f274410c8c704bdbb599dce6c4fb34be4f50a,698403.97,16519139.07,311,0.3,1
0xa4dedda59f2908b92ae192cfd494839373bcb3c4,690941.82,2153002.54,678,4.0,1
0xdeb0b9c1e1b234981c4731ea927c464449c1ade2,685243.01,6870115.81,1535,0.3,1
0x29de2668d0c8a5879ebb2f6afbec1c6f485a3e93,680748.54,4135112.59,147,5.7,1
0x4b1c09fa8322548360a76a3747e32a60a864bc38,678490.04,1953665.15,2000,25.6,1
0x418aa6bf98a2b2bc93779f810330d88cde488888,676610.55,4539829.38,2000,1.0,1
0x7249f79f2e159df0d90b2f7a7f268b997f109cde,665587.09,6810242.25,0,,0
0xfc692a90cb4e98eb4761d84a6ecc6cd8c577acf3,661380.94,6825125.97,0,,0
0x404ca2035b37bf2e83505134ebcf8d03babb5f03,636432.83,1086509.07,2000,12.3,1
0xed48b856556a69c7c40229c9c4c829b909257c9b,635679.79,2508062.65,74,0.2,1
0xa7da476783090e6bcad1643ac5a0f31ddb84204b,622235.98,1338013.44,15,0.5,1
0xeee0d806e4f0a427277433d6b580619918770b53,621642.59,7075385.68,0,,0
0x6859da14835424957a1e6b397d8026b1d9ff7e1e,614520.23,8697761.03,2000,2.2,1
0x93ab7dbdeb996806454de19c35c8247f4b2511f8,609170.85,4610473.2,9,14.9,0
0x880ac484a1743862989a441d6d867238c7aa311c,597462.75,3597596.0,2000,7.6,1
0x834ce0cb3092a2ab56d0a636c0bd678154b4c61f,589553.82,936430.97,519,0.7,1
0xe927f4a34074229d5432c17091af8828514498ef,585709.9,3712527.18,0,,0
0xb4caaff781251594911cc76aec61cef46ba00894,580437.88,2178325.52,2000,10.0,1
0xfdf891f2b214a4c9374d26595ec6d4080262e381,578375.72,2584553.19,765,0.4,1
0xf929122994e177079c924631ba13fb280f5cd1f9,575336.26,1575333.43,1733,0.4,1
0xfce053a5e461683454bf37ad66d20344c0e3f4c0,575248.6,4861718.72,707,0.8,1
0x4c46f7295a1fe70d2ad04dfd5fa0e8007b17cba5,569905.68,900339.86,34,1386.6,0
0x8c96e5a2d770f9f2c9d2464ce4e741df0b2bca57,567440.03,1601445.88,855,0.8,1
0xb62be9197c2755c45c8d60f62a1f5c9056411d6f,562520.67,4272233.16,0,,0
0x041836d6c0617c694b70b57680f45905811076db,561135.77,788149.81,2000,0.7,1
0x2fe21fc5130e953b862d4a6048cfd016ecf3974d,558714.97,10489296.28,348,132.5,0
0x1e37a337ed460039d1b15bd3bc489de789768d5e,553880.76,9036147.91,2000,26.0,1
0x237152b038d88f4156a0cd71090462de7e3f0883,542145.96,4542145.56,15,70.2,0
0xec7f9f5b31b8f5da6ac6c0973bbd496e16f9df39,542051.63,4543894.71,2,49.6,0
0x004edcd40360e293e4cf260d2ebdf8c7076c1bb8,536459.04,4137759.59,30,0.3,1
0x288ed4efc8fbd1e42a06fe083ea942d20c90b336,531556.95,1733309.04,876,1.5,1
0x8bb3543b50e229d8639f0c46153d70a1bfb5ccac,530404.92,3334267.65,4,0.1,0
0xc5f033a47dde827133850ced50009c3802c989ba,530093.72,1212684.13,0,,0
0x3eb6bed67d046fbffb8ada21167e592f3fef5470,529623.62,3410055.3,2000,4.5,1
0xec4a6f59960fb55a7fa49262e2628687b322cf62,522163.85,1705396.0,2000,0.3,1
0x24fb6523036ebcb3cc51deff138066dccf6bed0f,521082.16,622764.41,1778,8.6,1
0x1714fa1d4db089a7dd036fc8d1a9d1fd759a0250,519914.0,988855.34,2000,0.2,1
0x005844b2ffb2e122cf4244be7dbcb4f84924907c,517438.94,4611587.88,1013,4.4,1
0xdfc24b077bc1425ad1dea75bcb6f8158e10df303,515512.93,261423440.96,0,,0
0x781e95fdc049433565cf8e05265361b8402196b7,512810.65,1139168.4,2000,8.9,1
0x4c6452f18d5967f1f7e9884bc5cdfc60452e015a,512041.43,3913038.44,0,,0
0xbc1bc64be47052fbab69d12fe5da1c3327788d1b,504787.16,7226572.8,681,1.4,1
0xe091330c53b971ed4e886f902f18e8544a8d6705,504758.39,1206362.28,2000,2.0,1
0xe09726ff25f5001f37b15049f54116cb83d7d0fe,502192.7,4514803.32,2000,0.5,1
0x9237794d8e5c6eb247b20f2e5edd9ad5f530d8ec,500985.11,1816559.17,166,9.6,1
0x0748e296e5a350ec36c8487a1cea406e1b57d4b2,500131.77,4971708.24,2000,0.2,1
0x3d89bcea338f35edfaeb313b1c713978c6dceb14,497810.92,2172639.98,2000,2.2,1
0xdf52df044f1b150dfa79590909cdac6ad83d59fc,494766.17,1586994.08,2000,1.0,1
0x2a8a9673b0a1512fc2a71781bcadb3f35d277ae0,494658.24,3439207.71,0,,0
0x341892ca9af16ff90c91bb4a119655dfffb0e5d3,486454.23,299420.77,1581,0.6,1
0x06cecfbac34101ae41c88ebc2450f8602b3d164b,486271.75,2738195.57,828,0.9,1
0x13d92e015d4a8a99ab8490fef42fe83e754116e1,479284.29,686553.54,117,3.7,1
0xca230e816bdb34a46960c2f978a30a563d1ae9e0,478149.86,1764927.22,2000,1.6,1
0x89d45335da7037b97b9dcd526b8c7e71843263d5,475502.54,3421952.05,0,,0
0x1ce8ed87b7b4cb60f0cc3664bf1fe216163ff55a,467068.26,1924335.14,249,0.4,1
0xc30c7ea910a71ce06ae840868b0c7e47616ba4c9,466903.41,1670806.4,1534,116.3,0
0x2fcb6898d5a0623de19c3691904927685014c4d8,463837.25,4714061.94,797,0.5,1
0x79399dac99daa4a77d2bcd8ef6f5abf5966468e7,462442.61,712721.51,384,0.2,1
0xbd1c84113c6deb5044be0c2221f9e9403811ff0e,461084.96,4461084.76,2,9.9,0
0x5bc43f38c2ddcd85857f218674cd384f172c3b0c,452967.79,2220424.6,2000,1.1,1
0xeeb56331b6a250fe2dbc123f08bdb87aa9840464,451162.84,9037247.53,8,154669.9,0
0x4a20b9496610941053858bd0b7e92493f44c3c26,450112.93,7482108.47,19,3.7,1
0xdbd1bac81ad581c7198c9d155ca468f32a0c29dd,446717.77,2499574.45,549,1.1,1
0x3440f23a87f1950e7a88cd248fd270e92d1132c5,443275.79,3341999.21,2000,5.9,1
0x265eac78fb57495674227c93065d67abe6f97f70,442831.58,11921410.07,2000,7.6,1
0x71b117d68974aa4c5615669ae70e8e13ce7479c8,440527.79,258078.41,2000,0.2,1
0x641edd3f198101eb13ce9228a415cbf02b62b6c8,440309.03,1315732.38,2000,2.9,1
0x16a4814e8eb502c56cebd73f9c8ac7fdee29c042,438981.55,8112022.97,0,,0
0x4a96036fb1529561fa3eeeb2781fad2d4f25500e,438597.0,2709296.4,817,3.5,1
0x8df6b6588cc026a4f5bfeeb786e611911c0263cf,438309.95,5569962.2,0,,0
0xb4eac34db4f9d1270d078495d367cb2e587cf6e8,436589.75,758241.75,1037,0.2,1
0x88250cf2f6402e856bc85fc65095e4a48bb12cb7,434898.31,676868.74,2000,3.0,1
0xd51b48fa7b9c4e408aa42eb7ad0b87ce73110d9e,431361.24,2353173.43,0,,0
0x985f02b19dbc062e565c981aac5614baf2cf501f,430309.42,4175533.75,2000,1.7,1
0xa4add8273d7f47318675bdfbcce3e9648cdb4509,428822.06,2920192.34,1648,0.4,1
0xdfe5195e7cc1a2eca9b0df09d4646472a8c4a402,428320.98,2284603.02,14,3150.2,0
0xc0424caa9ecc593556aad63894c85d3e36ec81e3,426296.26,9633391.87,0,,0
0x54dbc1fbf6b1cd59807db61109b1d9eb91fd1a04,422409.31,2671327.21,1003,16.2,1
0x81d4163289cf61a0eaaac4862cb88ef0f4215c29,422137.1,3664408.3,63,6.7,1
0xaea8e3bd369217cc6e3e6abddf0da318fba8e59b,421573.38,5961269.11,2000,3.7,1
0x05936f6a5ea9abfbfcc690f1a6140d97e80640f9,420140.79,1932632.65,37,3.5,1
0xdc995178bb7dfe5c2c4e926fb4da863ec01f0ddd,418207.72,4413806.08,254,0.1,1
0x06b5659f16110319137220d1efd680053f5e72a2,414515.02,18916132.99,0,,0
0xd210bd2ed3fafe7a4de5b079392823c81b0dc56a,414473.05,1863686.25,0,,0
0x20567571c1602360562af269970cb7dd4fb18396,414407.93,2060619.52,22,1.3,1
0xea0027b6ea9b6d7d401b5266979cc3b3ca87a918,409130.12,6558447.71,90,0.7,1
0x3e516cf3c9d4f29fae6c1324c2414dc872fc9c09,407807.63,2741292.89,1206,2.6,1
0xbf6dd537825deeec24eb456e133c91b8d014ecc0,404688.09,1630047.49,1,,0
0x3e7a0eca8b624b75034ad820fa291425f21f1589,404655.65,3580224.98,763,4.9,1
0x3ee505ba316879d246a8fd2b3d7ee63b51b44fab,402254.42,4527871.64,1045,1.5,1
0x6fbb33de5f39c690d2decb95b9ab46ed0c83e3bc,397075.02,3769813.17,92,4.4,1
0x770493a14c49ea81192b5191a536f0530041311b,396277.46,622335.72,2000,3.6,1
0xcd2123d3f00325fa83b2743ed85844f8d4bb9826,392171.03,1630084.2,1,,0
0x08bf75d17046412ae08c95b6106993f714487872,390685.81,696277.82,58,0.3,1
0x47a127f496d001f187ac65fc24852274dc51d080,387184.52,6858886.77,561,0.2,1
0xfeec88b13fc0be31695069f02bac18538a154e9c,386668.87,93264.0,2000,3.2,1
0x7be1cba648ebe1ab8084244d23f28d68a86480d8,379341.85,23713546.29,4,30224.5,0
0xd71d2ed4f32eb5067bdba0b95eb1b2bb2fedf99b,378852.51,2216646.82,0,,0
0xfdea22fdaae54e119032dab1f9c988a637f651aa,378470.87,5217623.53,403,1.0,1
0x0048d42f232164a85a41f15ccf26cf859e58b108,377902.09,5561980.91,384,1.0,1
0x08bed3f9ae9b3db6bf9b5de117e0309e028e7aa4,376449.7,1596120.56,830,0.7,1
0x9c68cd0568eb47bad36ecd8090e6c1d1396a7783,371886.26,651121.93,592,1.1,1
0xddfe0b953e0c88aaa8f01f769ffeb8c856e80f51,371191.21,599491.54,2000,0.6,1
0x7ee6b077b59f4417bc36d41bb65365644315db10,366274.12,1079768.69,2000,5.1,1
0x8dc440b31a8953ec8e0ee780dc5f15dd6e30c031,365622.53,3067428.51,0,,0
0x517bb82ad25d90b9d9e0af57682931c44f7ff64c,365255.47,565359.28,581,12.5,1
0xe7e3cdba6cc8a60c31c09279e69a0bec6e392901,360218.05,5230351.17,308,0.8,1
0x091144e651b334341eabdbbbfed644ad0100023e,359666.06,21637.59,2000,2.2,1
0xf4f7cebbd2c7b6dee34ab29fa55a116eff25239f,359595.68,2195328.9,0,,0
0xe2f86feccb1207710a442bc4e27a0701a290275a,359516.55,5002589.88,501,1.0,1
0xf2500dbc34617daf22b5186a1bfb9f5f3a33ae13,357586.08,4578016.59,369,0.1,1
0xa98143608a6846453c88f29506d64a8b85532e65,357103.67,15222715.92,21,87.3,0
0x6e4d247f512930479d6ecca103298ac97374775c,356223.22,1717662.13,35,19.8,1
0x6fa6f42d2e41327e27fe7f416a823cef7050825e,355789.8,724991.45,1,,0
0xa20fb0c9e04063eec5be286e9269028d966646fa,355638.07,1492311.93,586,0.7,1
0x9a5cd14dc064069b608da0a01d403963dc410a84,354896.08,1354895.88,2000,0.3,1
0x7583b5364597736a6a72c4ba61ede0a4a37ef4de,353746.76,993566.06,0,,0
0x02c792bb17ce731d3a7dd6209db9aedbb78b756c,352276.51,2958363.02,1529,0.4,1
0x780825f3f0ad6799e304fb843387934c1fa06e70,351939.87,1086564.78,1790,1.0,1
0x21735e9daea7d836536d346ee280789d912082f9,350837.21,288844.19,68,7.4,1
0xb215c5a6fa4335147185ba2f03ea79c5a4eec70c,350639.27,255502.82,1203,0.5,1
0x67fcc46ed2a63971697dad2fc7bb0091fe89e51d,349999.65,1756575.3,2000,2.6,1
0xdfd526409007db0d524a62dedaaba7706736d88e,348764.71,23015724.81,1,,0
0x408d807d1dbb778f59a9c088e56d4c27bdd362ac,347769.82,766448.34,341,617.4,0
0xb62aba8182bcd9d86c1cf85f995d6078663fba78,343725.01,820920.44,0,,0
0xcb3b1b5645d7132b88b9f4f231be0563d9244e47,341242.65,1113047.65,278,0.3,1
0xb952fb6b4cee4ff4591c6d6eba1508068b62e9c1,341096.27,68404.87,29,19.5,1
0x5b6d236e39a4723a8f79db93cfd1af4d228f9c60,340574.87,1509352.34,2000,0.7,1
0x420a4ed7b6bb361da586868adec2f2bb9ab75e66,340496.34,855326.43,0,,0
0xf62edeee17968d4c55d1c74936d2110333342f30,339167.0,994531.64,69,52.1,1
0xb1505ad1a4c7755e0eb236aa2f4327bfc3474768,336798.65,3013460.77,0,,0
0xb7dbd6012313c5f7d5fada7eb1213de2030970c4,335686.75,2694426.41,2000,19.5,1
0xc4643e390f49d1616b5108bf0eac309f7c0eb868,334013.53,867115.85,1458,0.5,1
0xd6ef5649200101eb44ce8949f4cfb167b0c5a07a,332004.57,70466.03,2000,1.1,1
0xe170ed9d77792397271d564c7161351d69fe9300,331817.71,981737.95,511,3.3,1
0x7717a7a245d9f950e586822b8c9b46863ed7bd7e,329498.71,7054131.35,2000,0.7,1
0xf1e2783541c3edbe783c6b89e7cfd493c7894af5,327899.81,1038926.48,2000,0.9,1
0x0a776abbaae0e2161d0e131f57e605efbea4b99b,325425.78,2227296.41,0,,0
0x8250a7f9fca9c33e68eead8c05c1d58c8fd70d13,322862.06,828744.53,252,0.5,1
0x61387d7e85508811de339276e013e0517f3782ad,317113.22,4377186.06,28,83474.4,0
0x5e3d11b548c84074bba0f4fa96801cc0aaf677ae,316596.72,1883704.34,0,,0
0x28233e5edddfc9f71f0cecf58ca98f6a2ca11f43,316078.42,1664382.5,2000,5.1,1
0x86a8c6ad0e90d3a3c25fcadcbf20ab9e89013137,314997.9,1639239.22,685,2.4,1
0x962bdd83c3943fe08b62101fd9f9a8b923a0b475,314524.31,1236007.22,849,1.0,1
0x2b804617c6f63c040377e95bb276811747006f4b,305858.6,1801164.7,0,,0
0x615f9484c8f46ca4fd4d2c0291c42661043a3d87,304634.94,522428.44,2000,7.8,1
0xd1dd6d99c5fb5d31ff52eacce5046c7158859e85,303670.47,3598828.64,2000,0.8,1
0xb885ed57cd16985f347d26f13a79dc4abd2e3c54,300766.64,2814140.76,82,1.0,1
0xdf954bbe619273a56e0cfa90dad8382195dc7d72,299890.93,10229575.02,2000,2.8,1
0x1cb4ded7cec0e6e323400cc4140315325c11a352,299843.45,509841.85,2000,0.2,1
0x20ad988487d6a53fea7918657f45fe0bb8fd8183,299004.08,64538.77,971,0.3,1
0x598930e14f4496e77593d0ccc6d7ab2e9179bc29,298731.26,517566.13,2000,1.1,1
0x47f5a6397b79deaaca5c456503e7c1a49357b942,298480.66,1537989.8,1134,16.1,1
0xfc1ccff3fa575ce4297ac24aa00c06946bcf40da,297616.94,9692274.46,2,103.0,0
0xb69eec8fea0081343c3b09e652ba1fa7dcf7033a,297364.04,170895.82,410,0.5,1
0x558072bed86151b5f992144785e4c4f8059f9c55,297159.46,4541005.91,12,5.8,1
0x15c896c9d01c194c58c4d77775e183f82acaeb2e,297075.1,1790715.34,0,,0
0xe310623f7c93a4a396faed2a4f168f682744d444,295196.97,818972.15,2000,0.4,1
0xe5ac6d42ac6e553a3541b09d322f864f6d7abbe3,294134.97,6886324.1,5,56.4,0
0x4ce423197edc972896d16cdb410b212c2b675633,292793.78,4007865.39,257,2.1,1
0x3c2b861589a19fdd287b34ff365abdf16c9ab911,292070.54,2158053.9,0,,0
0x90882e7c28ddf0ac1177033a310aeed8eff25e90,291535.5,524914.14,109,15.0,1
0x1e771e1b95c86491299d6e2a5c3b3842d03b552e,290213.25,5393053.63,788,1.6,1
0x6f97b7de6be7b7771e975e46bae96c35e332e172,289976.92,181452.14,2000,0.8,1
0xe4d1fa7e6141f9131345117bdb8b5701bca67662,288698.17,1209465.71,36,6.1,1
0xfb751fa655f5e7cb9e4a474cf616e1439600bec2,287462.72,2130765.95,1,,0
0xb93e8178c32ed60c61a9e74169867fecde23aac3,286443.98,2149529.93,0,,0
0xa981e5fbfa02325ae0668fdf01df63652c7fb882,284337.49,1594236.01,0,,0
0x7ca519838f6d8dbbd8488b63f5f2cc461b89028c,283520.17,308501.04,1677,1.4,1
0x2e30c32738a28833e3d85189c04895c25ee54cb5,283438.94,1073693.43,2000,116.6,0
0x065612c177776f3c635dff181edf170f9c196a05,280153.77,806538.96,2000,2.2,1
0xa928963ed086e2114352f1432bc20666f882bddf,280034.85,2182544.51,0,,0
0xbe4e91ae63090eeb4165dfcfc35db3a4eb76e75e,278621.44,2124945.45,570,0.4,1
0x77746ff04a7014752ab12d81d531aa5e50775343,276507.82,7099276.74,375,1.3,1
0x8d135688e0301585da98c6ceb676c051976b275a,275314.06,2036696.51,0,,0
0xa40ee97b4352307b7745a2cb12bb475b80faef13,275300.56,2649178.55,1,,0
0x8bae3527e5a33fa0cf184f37bc112d071463ab6d,274413.82,5091134.45,485,20.6,1
0x2c6f7831be3fe15cc7025672f27623a921553725,273392.59,2424685.44,54,0.4,1
0x587ff51f8aa3aebc99d56793d1b0e67d43f66323,273096.51,2059848.68,0,,0
0xb28bdcb4c7db9370b73f6dbd57671416a0a57dd6,273060.68,478627.53,2000,0.7,1
0x3fc56e944aa7b1594c85861b2d46a07f82a2c0c1,269658.12,3103492.1,2000,0.0,1
0x156fdf14cdb80c9623b5eb06a164a799aa719119,268280.57,1431864.61,0,,0
0x4099d1765fe640154a47d33ad58efd9ed12e50c8,266330.35,1788930.55,2000,0.2,1
0xcdb62f3e1d97035b42fed8b06f2c88776e650e58,265000.69,2165724.31,0,,0
0xc74a955d699b771a8c3be0a425567e31bde1ab93,264963.87,464260.22,18,0.6,1
0x6a02aedceac5a6813d960e4dae1910d9c458e77c,263240.2,1032014.05,139,0.7,1
0xf182e4bc5f038ded53e0d72b781b1bf37ce36c91,263120.24,4234585.65,0,,0
0xb190075e8027cc2df5d3b7749e4548fa8e56fa18,261104.83,6029482.05,90,1.5,1
0xa9d90f0eb0993390bd02a2c50cee658ebd01b48e,260364.36,834538.26,1436,2.5,1
0x5272f37ecaa073e5a0ea07618145939e5e6cfcd9,259940.73,1088960.77,434,1.1,1
0x0b8095ad960526caa85633fb688a3ccd5bc7410e,259868.6,2050043.49,650,2.0,1
0x3313f43b25e30f8c362844f6cff71b31e0a4e0b5,258598.06,2102550.07,0,,0
0x4fe53e953f1ff4454d144cb6f4fee3f2ca9363fe,255858.64,2070460.84,579,1.0,1
0x0131f07e8d7fc4bceed532120e08fa591a9af04f,255685.11,1577531.76,8,9391.5,0
0x21cb3718574f7018f6c38f122f74db28922fccc5,255539.59,2121201.44,0,,0
0x2e26ef0a7c6e584e9d5d03db98bec8f75a2433b7,255444.33,2030486.31,0,,0
0x83dbc7524ece5a0ce2c8233c93745d6c58cdf50b,254747.79,446975.43,1310,3.4,1
0xaac091f502a773498fb9336f41500fd13098245b,251408.14,3632733.26,238,0.3,1
0x09910910870960d20533857f391f1118cb48f842,250379.34,2058333.44,0,,0
0xc8116a8778191e351067c64bc9b80196ad3cf6e0,250129.47,1022697.88,2000,1.3,1
0x45f12ecc6a58797aae2b805d6aa3d9ac96462f14,249940.98,4343711.76,579,1.1,1
0xd05d2e015b9ed6f17f2111cf1ac7ae229155816e,249710.89,628757.66,690,0.4,1
0x39761615093bbd473af359068d075a2b03b99857,247374.47,1371112.26,429,0.2,1
0xa9b95f2a2e7ef219021efc5c04c32761b8553bbd,245630.32,36438144.74,11,390.6,0
0x10b6f072fabe21bc72ffd77ff5d4414e6cef2980,245026.73,521877.29,16,103019.5,0
0xd93db9fc95c19c1eaab854281890e9e77b18ae3f,244264.63,532997.22,1307,2.6,1
0x01d734e9e7847248864c2c7bbab16c4d5e04a990,243556.88,9079021.77,0,,0
0x885989fd94d30c150e6eaf897090509bce4f6aa8,243481.17,1668614.17,373,0.5,1
0x1523a34418baf92316cab7e9bcb722487bb7fb6c,243032.28,5274987.33,326,375.2,0
0x324563717b20e19e71c5440aff6c9762ccfc08cc,242521.99,1144859.87,75,1.3,1
0xbe19541903f64af97bcf8436f4d15bf3a56b8bd1,242371.53,5340368.09,2000,8.6,1
0xb42943e70cb3e27ce45c8c6008b623f292b5dd04,242311.55,1098439.38,0,,0
0x05b83adda81eb20472283fe926000a3e17e97d26,241682.5,1414072.03,0,,0
0x81196517de1d77ebc8a1951c3ea1a103e732479c,240788.75,4938424.08,0,,0
0x3aadb627871e60c026a39bc9285ff22c615d415b,240207.25,1981051.74,0,,0
0x99b1098d9d50aa076f78bd26ab22e6abd3710729,239706.05,198552.53,2000,4.8,1
0x07fd993f0fa3a185f7207adccd29f7a87404689d,239186.94,5410687.15,2000,4.0,1
0x7d1d11fae1b69fe347de53e2461de2686ebe11fc,238276.72,688371.72,2000,0.5,1
0x57d059d9e95690ad0dc0a225bf4529d5e3927a95,238030.69,1956580.8,0,,0
0xec9045405a878d01cdb836f82a6dd2abd49a169c,236785.77,729767.24,1,,0
0xc5e328dfeb77f60bfb614e915217477c0eac0c42,235935.37,293969.87,2000,0.8,1
0xe330ac756dabf22466317a01f5d1e9baa00e77a1,235740.79,1756038.72,2000,1.1,1
0xd4eeed940e2c0b4b13910128fad5e0bc987e759e,234884.62,759942.5,1025,1.3,1
0x42fd5648cf21c158d15e4f58785760755b3f6623,234453.23,2195138.12,77,297.6,0
0x6fededdbee4f25ad1ccb1bbc30dda3ed0fe9fc23,233590.39,828471.09,162,42.6,1
0xa82fe73bbd768bc15d1ef2f6142a21ff8bd762ad,231399.52,5122919.71,0,,0
0xd13552538def5cecc78a20aa2236573f0bee6443,229944.83,1571957.98,326,5.7,1
0x215b369a532dc84654c244449cb119986ceaf603,229481.85,1599972.35,1865,0.9,1
0x7725a7f2bb0e1c448d6fe361d53c840486ec6557,228375.19,849734.66,1,,0
0x00b43bdee2d3fa676ab06739bf1d52f4bad6591e,228349.12,3378312.7,0,,0
0x321f7193eadbacb67eff00f76b975a487e5b1c84,227698.03,701028.12,220,0.6,1
0x5a7a6b69c6382000fd35711fd28440f415417318,226864.09,3772215.26,28,13.6,1
0x00897e2d7168165b81558c3cd9257efb007f2410,226792.53,1427547.33,2000,1.7,1
0x483848d2c8f7f69b51cb7b39c7d8c3c30f333d79,225619.22,1872032.99,68,40.2,1
0x2669f508f456efae73c86d99d373f885c7b32b39,224815.94,1655769.17,151,1.9,1
0xeff7fe671d9a7acf86f48994bc5d5161042415b6,224648.03,267861.74,353,1373.6,0
0xe2e4f2a725e42d0f0ef6291f46c430f963482001,224235.6,2780593.35,0,,0
0xe79d69fd1ed52dd14d7f55155259519ea20d0534,223776.43,949080.3,2000,0.6,1
0xfe4dec8543b0b9cec0c897a689f7af7bddb02192,223663.14,305937.06,2000,0.4,1
0x9fc80128cbd8611f2b2f28a8338ea0a8b537cdb3,223650.97,1349205.87,0,,0
0x6ab3af472fd676fdde0a13f6736b0ac64356bb06,223396.91,4899769.77,713,70.4,0
0x96a7923964dbfc5010079619e8af33ce240f79df,220080.62,2219440.19,87,10.5,1
0x427070e33d630b0476bedba5d53db224913eb946,219494.92,852337.13,2000,0.7,1
0xb86dad6ceedd625cb860e6762516f9647f2ef2f3,218646.11,2389965.63,0,,0
0xf74deefc2d993bf56f54ad2a7c0c42bf3f6c2982,218435.25,951592.83,467,0.2,1
0xe6be29062571bec454a8f15e74af12224e1c2a06,218094.9,1297746.29,0,,0
0x03b9a189e2480d1e4c3007080b29f362282130fa,217255.97,62439526.53,102,109.1,0
0x80f0cd23da5bf3a0101110cfd0f89c8a69a1384d,217137.02,5088102.96,0,,0
0xd73ccad927132be4237ab8bd705eebdf70a694fc,216845.42,1189793.29,1,,0
0xd7b8209d95d4c05faaa505671211058d51529f55,216216.98,556852.05,1968,0.4,1
0xc3610d02548cdb1a30ede87c5dc0d2ffe5b9b99f,215926.75,1204683.54,4,16.5,0
0x9e2cbb5d800181c1ef21b25010dc4ea80eeb5508,212807.72,2934246.42,859,6.2,1
0xb0fbfefc6c325964d0ffc3f909bdda80b8421326,212614.9,1459159.99,23,0.0,1
0xd733e6e0ffa461902ff3c63556b31fd41233d525,211367.43,883861.43,65,0.8,1
0x001a1a5eb6800e78197b92a527b3ba8b8d5bfef6,211144.9,579698.4,0,,0
0x0a26016918a1ad8e57b899ea9484ce0ac87d5255,210789.65,35949.52,126,0.8,1
0xe0bf8c96795d2df0b61b3b17e7cfd7d3ba13d4be,209146.77,568919.52,66,2513.0,0
0x31091bba80d143acdef6783008c0c3320b69f534,208960.1,2371941.41,0,,0
0x1700acdd94010de35087b45b601d0e1b90c2697f,208565.25,1331874.31,2000,1.4,1
0x2057d4f2b6ea957b63371980775b0a5505a438f0,208328.98,2463213.67,157,47.5,1
0x20bc9cd229dfd681740834d9b4f55641ce435da3,206917.6,253084.6,150,15.6,1
0x9751cec58be43e0e27d57ba49ac3d68ec269a97e,206697.48,5986863.06,1871,0.6,1
0x4b5007ae7a52decad11a172f2e5d419acf5ea575,206553.5,2446823.61,0,,0
0x7176cec39ec2c66d545f85c90a217a9cb131dd3e,206304.93,2513158.8,3,77956.6,0
0xdf86c7c9069e9bd5bac9d97e21f9aa10f728fb86,206106.61,610407.32,2000,0.9,1
0xf3eb9dc9626800f5c2157a14adfaba2177e1f7b5,205218.89,705779.53,398,15.9,1
0x0cc7cedb0935ceab0b4a6b38ee7dcfd403b19a7b,204885.71,1417327.58,1021,0.4,1
0x8f78cb4c11dd66b99b2172b4c1ae05843bde87e7,204544.3,367623.22,13,326.6,0
0x9db81630393e5cdb66b4e959c556b089c2005c80,204492.94,549870.5,0,,0
0x598945346525e8cdcf6a8d441eb2c88bb36199b8,204301.82,372692.79,1165,1.5,1
0xdb095d5a4f412fc6b14e6204c1db78bd14becbc1,203623.32,9279406.57,703,1.2,1
0x0134c6a820166dabbd5b6d582858af1fa9956c03,203031.46,2503394.14,2,27.2,0
0x4112f219d4f9ea0890b5eb9b915b15521363fddf,202266.87,280958.05,698,14.8,1
0x5ac99df645f3414876c816caa18b2d234024b487,202223.2,4974558.88,0,,0
0x6fc0af3756c7300943019e7349bcfcb80e76966c,201774.09,1431846.54,2000,6.9,1
0x51651b81c895e654e5402a3fc371e3b60b0dfb1e,201476.74,442108.28,364,482.9,0
0x321f13fa322c8c446eb0c50f54d0af8cca859714,201369.68,2533940.94,1,,0
0x38042d713af713f0275b00640a83654db91ea543,200470.89,678594.07,1236,0.3,1
0x14e2ad432297508f8ef3b26d7e99e81d64d05b57,200392.46,420113.3,855,0.7,1
0x75865ffa59ae4e083c501ab087f9bf7a3bda05ac,199683.22,1202373.73,0,,0
0x61a18d9f7209976784ccb95ba79e88aa8512b540,199533.42,2292266.04,0,,0
0xd852e3a7a2abca6aecd0fa39147851ae96eba5d7,199444.51,4328934.3,0,,0
0x548568d31ccdcd835d4b31b0fff244c9728f08a0,199003.52,613506.34,2000,0.3,1
0xa87a233e8a7d8951ff790a2e39738086cb5f71b7,198883.87,21684864.69,6,0.4,0
0x3dd462347e7b42b5a3ea15132b677a4978af7a81,198615.36,407254.5,2000,10.6,1
0x49cc51be313f02030e02a51540096a725575a767,198470.92,1725899.96,0,,0
0x07850332440f2ba1dccb3dfaa709ce3511a1223e,197443.78,2291151.38,0,,0
0x0526345bf8e09eb32256008c2844c8949ee3bb9a,196872.01,211782.75,2000,0.7,1
0x321629f449e6dade5c365cd7b430d6d8168e106b,196794.06,1069639.21,177,505.0,0
0xb947763b6e64b4441b02562a63fda94f6b805162,196218.69,602887.27,412,0.3,1
0x9031a11765816d5f57fdfd7f0ce4b8f375a0bacc,195024.88,180627.78,1747,2.4,1
0xaa8253fb249498d0b6c31106539aaea0c76b9556,193750.71,3052054.54,896,0.4,1
0x5a1df0f792d811eb2ab2fd1a58882d05635dd801,193643.31,12563861.85,0,,0
0xc7f94fb3b3ba614b9b2bf80697ab5a31917005a2,193358.63,999576.54,199,0.4,1
0x4321bfc3b43d538bc2b6dfbcf22a367719aea936,193338.61,1149455.29,394,0.3,1
0xeafeb427766b867ce019333936285a5a9febd739,193317.05,659283.46,73,16.4,1
0xcc221419e754b43b2b5a9482909d8892ef70c838,193117.05,1038930.1,0,,0
0xa0a1a22538ca412d9e66588676ace18e231971dd,192879.29,2285626.73,0,,0
0xb7e0b9fbc9479330d70bcc82a7d4325a20e8d1aa,192583.82,607111.77,1360,2.8,1
0x16b926fa9ff63502c0c7d28ce46889835184fce7,191913.32,1719342.36,0,,0
0xb36147aa91470d1f63743d3c85a7de79148a0aa0,190848.15,264684.88,2000,2.5,1
0xac6da909f2132e680aa4998263da00f519c1946b,190551.39,779958.49,2000,0.4,1
0x7caa2510a661f65e5b1dd9ea180d6447f055948a,190110.04,1113373.12,0,,0
0xbd1b3513bb0ce1529242cfb28926618809592362,189254.55,476499.03,2000,1.2,1
0x6fc072c0dcc630f23b29f7c42a5c7c739584ebf5,189248.96,3540770.62,334,3.6,1
0x782e432267376f377585fc78092d998f8442ab83,189220.93,600302.97,154,3.0,1
0x064e89061ce80cb1b41a2d2963d48d2e8cabde4a,188158.52,223225.34,1140,0.2,1
0x7ea90af38397575a372e36bdc0f5970fb512fc7f,187496.55,5163860.35,452,0.3,1
0x56cd86d6ef24a3f51ce6992b7f1db751b0a0276a,187246.38,2652354.51,0,,0
0x7177edd4e52e01f5f78093a8834529c31424c621,186887.93,1386135.25,2000,11.0,1
0x9abb9d9c10d1512148e9e0074547f0e6785c84d8,186674.32,1008406.15,413,0.4,1
0x107a3e62969957f4c0be0340f457f1298acfe78e,186334.09,284266.03,2000,0.6,1
0x36cc6ef64c86474e2acae9b1579739c16c7268a1,186012.56,2299375.69,0,,0
0xda0be2134fd4e65a4d237e8f390863c4be268829,185355.72,1712784.76,0,,0
0x877129026b8cb3ff1ed6c44c4a968bb92d67a302,184408.74,246536.73,2000,0.6,1
0xc5ed4501500fcbfb2b88fb7f0aa52f834ed44346,183740.07,760256.57,2000,0.8,1
0x3a122449de235a40481689442271c0731b805d69,183625.32,1174475.21,188,0.7,1
0xfc37faf026597474691dca71ed9dcae1a6633b84,183606.53,385469.57,675,191.1,0
0x66778547fc5b3e2b2e9cecb943f560d49efb171c,182913.73,504198.54,1067,6.3,1
0x0e41eb80e9a39ae7b887a94f6a88f6c791e26359,182497.72,5992919.32,0,,0
0xc84b3f4b3fa29d38e60b318e5d8a84802ef7cbeb,182160.24,833498.81,1333,0.8,1
0xee8eaf4bcd2342342bf3b1405325c8a5649c0dd8,182098.26,2250583.57,0,,0
0x3e6805e8694bb2b717a828c1bfa32df5d6580cc9,181775.07,692137.04,863,1.3,1
0x95da8596c44dd09f4b8becce87ad3b7894fb2328,181728.32,1107955.52,2000,0.7,1
0x77fd1ed264efad567c1bcb955874c6ef41e7a78c,180798.63,1058841.14,0,,0
0xe31501c472d557bfa145ce105d325fb2dd4cb867,180589.85,552004.16,2000,1.8,1
0xdbcc96bcada067864902aad14e029fe7c422f147,180457.91,3585024.13,274,0.5,1
0x2cef0a7f84e722c77b271862da5fe2387028fa20,180272.15,718370.45,2000,5.5,1
0x0f445d33b534608d75d4e0c9da9f2162b63319d0,180224.78,1707653.82,0,,0
0x052f43d5abfb51b2b7ff49b9a0ebb125b808d4ce,180074.79,1707653.82,0,,0
0x633fe8fa1940888c7e81f1af57116c77b2fe1bda,179620.06,669389.66,1,,0
0x6041f881358c71d64bc9253c9ba0391df69f7d98,179557.8,1798728.28,237,0.6,1
0xc94285029b3a5efaad09fe55e36320e6fbf82bf6,178530.22,1104304.05,25,0.9,1
0x5928eeea04b3e5708fe2e7c54209b5758fa17d4b,178468.07,2379392.56,0,,0
0x82063340e28d0e4327a152563eda08094df98663,177726.41,239938.1,1383,19.0,1
0xebcda26432c1e2a46898d9920759438f86c8fcf4,176839.8,591043.49,267,19.2,1
0x3cb50e608866225a8804d1b61efb6507c56c6617,176125.46,2253684.35,0,,0
0x4334ff1dd9fa46667b718a6f8a489c3d0079b44b,176062.97,255111.3,2,411711.8,0
0x0ec315491f9b05d9b9cdb0b060553671fcdec1f1,175129.34,119360.91,327,16.8,1
