timestamp_et,epoch,ticker,open,high,low,close,volume
2021-08-23 00:00:00,1629691200,FSLY,40.779998779296875,45.58000183105469,40.59000015258789,43.75,14225600
2021-08-30 00:00:00,1630296000,FSLY,43.86000061035156,48.22999954223633,42.79999923706055,46.689998626708984,15630300
2021-09-06 00:00:00,1630900800,FSLY,46.689998626708984,47.25,43.7599983215332,43.97999954223633,8902100
2021-09-13 00:00:00,1631505600,FSLY,43.97999954223633,45.189998626708984,42.654998779296875,44.869998931884766,12287800
2021-09-20 00:00:00,1632110400,FSLY,43.61000061035156,44.5,41.56999969482422,42.040000915527344,9440800
2021-09-27 00:00:00,1632715200,FSLY,41.5,42.970001220703125,39.310001373291016,40.560001373291016,11589600
2021-10-04 00:00:00,1633320000,FSLY,39.68000030517578,41.08000183105469,36.619998931884766,40.310001373291016,14414000
2021-10-11 00:00:00,1633924800,FSLY,40.13999938964844,45.689998626708984,40.042999267578125,44.88999938964844,10751600
2021-10-18 00:00:00,1634529600,FSLY,44.38999938964844,51.59000015258789,44.150001525878906,48.189998626708984,20919200
2021-10-25 00:00:00,1635134400,FSLY,48.0,52.59000015258789,47.20000076293945,50.61000061035156,16073900
2021-11-01 00:00:00,1635739200,FSLY,50.61000061035156,58.619998931884766,48.209999084472656,49.790000915527344,29379300
2021-11-08 00:00:00,1636347600,FSLY,50.0,53.51499938964844,48.64500045776367,50.61000061035156,10612900
2021-11-15 00:00:00,1636952400,FSLY,50.77000045776367,51.029998779296875,43.84000015258789,43.91999816894531,11488200
2021-11-22 00:00:00,1637557200,FSLY,43.56999969482422,43.91999816894531,38.279998779296875,40.529998779296875,11746500
2021-11-29 00:00:00,1638162000,FSLY,40.494998931884766,42.220001220703125,35.20000076293945,35.91999816894531,19573200
2021-12-06 00:00:00,1638766800,FSLY,35.36000061035156,44.08000183105469,33.54999923706055,40.439998626708984,14989700
2021-12-13 00:00:00,1639371600,FSLY,40.439998626708984,41.720001220703125,37.474998474121094,40.68000030517578,13102800
2021-12-20 00:00:00,1639976400,FSLY,38.91999816894531,41.0,38.029998779296875,39.380001068115234,7275700
2021-12-27 00:00:00,1640581200,FSLY,39.29999923706055,39.7400016784668,34.757999420166016,35.45000076293945,12348900
2022-01-03 00:00:00,1641186000,FSLY,36.0,36.619998931884766,30.700000762939453,33.0099983215332,14501300
2022-01-10 00:00:00,1641790800,FSLY,32.2599983215332,35.33000183105469,30.079999923706055,31.219999313354492,12140300
2022-01-17 00:00:00,1642395600,FSLY,30.549999237060547,31.709999084472656,28.09000015258789,28.100000381469727,10932800
2022-01-24 00:00:00,1643000400,FSLY,26.799999237060547,28.34000015258789,23.5,25.049999237060547,18675300
2022-01-31 00:00:00,1643605200,FSLY,24.989999771118164,29.610000610351562,24.959999084472656,26.780000686645508,13310400
2022-02-07 00:00:00,1644210000,FSLY,26.809999465942383,29.979999542236328,26.15999984741211,28.15999984741211,10980100
2022-02-14 00:00:00,1644814800,FSLY,27.670000076293945,29.989999771118164,18.520000457763672,18.700000762939453,58481300
2022-02-21 00:00:00,1645419600,FSLY,18.309999465942383,19.790000915527344,16.40999984741211,18.690000534057617,40488200
2022-02-28 00:00:00,1646024400,FSLY,18.579999923706055,18.93000030517578,15.220000267028809,15.390000343322754,39896000
2022-03-07 00:00:00,1646629200,FSLY,15.449999809265137,15.920000076293945,13.880000114440918,13.890000343322754,31618400
2022-03-14 00:00:00,1647230400,FSLY,14.069999694824219,17.280000686645508,13.010000228881836,17.06999969482422,33541900
2022-03-21 00:00:00,1647835200,FSLY,17.0,17.899999618530273,16.280000686645508,16.68000030517578,18427800
2022-03-28 00:00:00,1648440000,FSLY,16.75,18.959999084472656,16.6200008392334,18.709999084472656,18459700
2022-04-04 00:00:00,1649044800,FSLY,18.860000610351562,19.6299991607666,16.989999771118164,18.1200008392334,23826900
2022-04-11 00:00:00,1649649600,FSLY,17.610000610351562,20.030000686645508,17.209999084472656,18.8799991607666,29222000
2022-04-18 00:00:00,1650254400,FSLY,18.790000915527344,19.899999618530273,16.559999465942383,17.020000457763672,21597600
2022-04-25 00:00:00,1650859200,FSLY,17.0,18.110000610351562,15.630000114440918,15.899999618530273,23162800
2022-05-02 00:00:00,1651464000,FSLY,15.8100004196167,17.305999755859375,12.640000343322754,13.119999885559082,32147800
2022-05-09 00:00:00,1652068800,FSLY,12.8100004196167,12.880000114440918,9.5,12.279999732971191,34658500
2022-05-16 00:00:00,1652673600,FSLY,12.109999656677246,12.550000190734863,10.989999771118164,11.930000305175781,23249000
2022-05-23 00:00:00,1653278400,FSLY,11.800000190734863,13.244999885559082,10.555000305175781,13.180000305175781,18694600
2022-05-30 00:00:00,1653883200,FSLY,13.1899995803833,13.520000457763672,12.239999771118164,12.430000305175781,16763600
2022-06-06 00:00:00,1654488000,FSLY,12.75,13.65999984741211,11.329999923706055,11.520000457763672,17875200
2022-06-13 00:00:00,1655092800,FSLY,10.979999542236328,11.180000305175781,10.0,10.9399995803833,21781400
2022-06-20 00:00:00,1655697600,FSLY,11.180000305175781,13.595000267028809,11.119999885559082,13.199999809265137,32745300
2022-06-27 00:00:00,1656302400,FSLY,13.270000457763672,13.550000190734863,10.989999771118164,12.050000190734863,15755500
2022-07-04 00:00:00,1656907200,FSLY,11.84000015258789,14.414999961853027,11.529999732971191,13.5,15228800
2022-07-11 00:00:00,1657512000,FSLY,12.75,13.029999732971191,11.039999961853027,11.640000343322754,18251000
2022-07-18 00:00:00,1658116800,FSLY,12.020000457763672,12.899999618530273,11.1850004196167,11.510000228881836,24572200
2022-07-25 00:00:00,1658721600,FSLY,11.350000381469727,11.520000457763672,10.515000343322754,11.369999885559082,13886700
2022-08-01 00:00:00,1659326400,FSLY,11.300000190734863,13.270000457763672,10.880000114440918,11.270000457763672,24057000
2022-08-08 00:00:00,1659931200,FSLY,11.399999618530273,12.739999771118164,11.140000343322754,12.1899995803833,19584600
2022-08-15 00:00:00,1660536000,FSLY,12.0,12.420000076293945,10.244999885559082,10.329999923706055,16615500
2022-08-22 00:00:00,1661140800,FSLY,10.210000038146973,10.449999809265137,9.119999885559082,9.270000457763672,21038000
2022-08-29 00:00:00,1661745600,FSLY,9.109999656677246,9.845000267028809,8.4399995803833,8.470000267028809,18953800
2022-09-05 00:00:00,1662350400,FSLY,8.479999542236328,9.800000190734863,8.274999618530273,9.789999961853027,16266500
2022-09-12 00:00:00,1662955200,FSLY,9.930000305175781,10.520000457763672,9.210000038146973,9.279999732971191,20837500
2022-09-19 00:00:00,1663560000,FSLY,9.109999656677246,9.449999809265137,8.119999885559082,8.390000343322754,12487900
2022-09-26 00:00:00,1664164800,FSLY,8.399999618530273,9.529999732971191,8.180000305175781,9.15999984741211,14410000
2022-10-03 00:00:00,1664769600,FSLY,9.210000038146973,9.649999618530273,8.494999885559082,8.630000114440918,13485700
2022-10-10 00:00:00,1665374400,FSLY,8.65999984741211,8.65999984741211,7.320000171661377,7.440000057220459,12954200
2022-10-17 00:00:00,1665979200,FSLY,7.630000114440918,8.739999771118164,7.630000114440918,8.369999885559082,15422300
2022-10-24 00:00:00,1666584000,FSLY,8.3100004196167,9.109999656677246,7.769999980926514,8.579999923706055,12598300
2022-10-31 00:00:00,1667188800,FSLY,8.529999732971191,9.09000015258789,7.900000095367432,8.65999984741211,21304900
2022-11-07 00:00:00,1667797200,FSLY,8.739999771118164,10.149999618530273,7.949999809265137,9.960000038146973,18812100
2022-11-14 00:00:00,1668402000,FSLY,9.800000190734863,10.850000381469727,8.515000343322754,8.930000305175781,20416800
2022-11-21 00:00:00,1669006800,FSLY,8.670000076293945,8.8100004196167,8.039999961853027,8.550000190734863,9007700
2022-11-28 00:00:00,1669611600,FSLY,8.4399995803833,10.510000228881836,8.404999732971191,10.199999809265137,17139200
2022-12-05 00:00:00,1670216400,FSLY,10.119999885559082,10.34000015258789,9.1899995803833,9.520000457763672,12810900
2022-12-12 00:00:00,1670821200,FSLY,9.449999809265137,10.789999961853027,8.6899995803833,9.0,19653700
2022-12-19 00:00:00,1671426000,FSLY,9.020000457763672,9.039999961853027,7.71999979019165,7.960000038146973,11222000
2022-12-26 00:00:00,1672030800,FSLY,7.730000019073486,8.229999542236328,7.150000095367432,8.1899995803833,14685300
2023-01-02 00:00:00,1672635600,FSLY,8.369999885559082,8.59000015258789,7.96999979019165,8.479999542236328,10809600
2023-01-09 00:00:00,1673240400,FSLY,8.729999542236328,9.859999656677246,8.65999984741211,9.65999984741211,14123600
2023-01-16 00:00:00,1673845200,FSLY,9.6899995803833,10.699999809265137,9.550000190734863,10.239999771118164,13382800
2023-01-23 00:00:00,1674450000,FSLY,10.300000190734863,10.890000343322754,9.539999961853027,10.550000190734863,13663500
2023-01-30 00:00:00,1675054800,FSLY,10.300000190734863,12.329999923706055,10.050999641418457,11.319999694824219,17610500
2023-02-06 00:00:00,1675659600,FSLY,11.039999961853027,11.460000038146973,9.720000267028809,9.869999885559082,11289700
2023-02-13 00:00:00,1676264400,FSLY,11.100000381469727,17.18000030517578,10.75,15.899999618530273,96089200
2023-02-20 00:00:00,1676869200,FSLY,15.5,15.829999923706055,13.800000190734863,13.90999984741211,21015700
2023-02-27 00:00:00,1677474000,FSLY,13.635000228881836,14.979999542236328,13.220000267028809,14.960000038146973,19266400
2023-03-06 00:00:00,1678078800,FSLY,15.149999618530273,15.649999618530273,12.970000267028809,13.380000114440918,22976100
2023-03-13 00:00:00,1678680000,FSLY,13.100000381469727,16.34000015258789,12.8100004196167,15.420000076293945,24248500
2023-03-20 00:00:00,1679284800,FSLY,15.199999809265137,16.549999237060547,15.029999732971191,16.030000686645508,13921500
2023-03-27 00:00:00,1679889600,FSLY,16.290000915527344,18.079999923706055,15.92199993133545,17.760000228881836,17390100
2023-04-03 00:00:00,1680494400,FSLY,17.3700008392334,17.690000534057617,15.260000228881836,15.739999771118164,15164300
2023-04-10 00:00:00,1681099200,FSLY,15.300000190734863,17.479999542236328,15.133999824523926,15.930000305175781,14130500
2023-04-17 00:00:00,1681704000,FSLY,15.920000076293945,17.06999969482422,15.555000305175781,16.43000030517578,12280300
2023-04-24 00:00:00,1682308800,FSLY,16.56999969482422,17.110000610351562,14.100000381469727,14.779999732971191,12971700
2023-05-01 00:00:00,1682913600,FSLY,14.720000267028809,14.949999809265137,11.609999656677246,11.779999732971191,22073300
2023-05-08 00:00:00,1683518400,FSLY,12.0,13.5,11.934000015258789,12.970000267028809,13731000
2023-05-15 00:00:00,1684123200,FSLY,13.020000457763672,13.4399995803833,12.59000015258789,12.890000343322754,12537400
2023-05-22 00:00:00,1684728000,FSLY,12.90999984741211,15.5649995803833,12.86400032043457,15.430000305175781,16991600
2023-05-29 00:00:00,1685332800,FSLY,15.850000381469727,16.850000381469727,15.510000228881836,16.489999771118164,11579700
2023-06-05 00:00:00,1685937600,FSLY,16.0,17.59000015258789,15.970000267028809,16.610000610351562,13105300
2023-06-12 00:00:00,1686542400,FSLY,16.770000457763672,18.280000686645508,16.5,17.190000534057617,15508900
2023-06-19 00:00:00,1687147200,FSLY,17.049999237060547,17.238000869750977,15.244999885559082,15.479999542236328,20360600
2023-06-26 00:00:00,1687752000,FSLY,15.59000015258789,16.239999771118164,14.949999809265137,15.770000457763672,9780200
2023-07-03 00:00:00,1688356800,FSLY,15.869999885559082,16.19499969482422,14.880000114440918,15.829999923706055,7670000
2023-07-10 00:00:00,1688961600,FSLY,15.65999984741211,18.770000457763672,15.574999809265137,17.5,12464700
2023-07-17 00:00:00,1689566400,FSLY,17.5,19.979999542236328,17.1299991607666,17.190000534057617,12962800
2023-07-24 00:00:00,1690171200,FSLY,17.350000381469727,18.0,16.75,17.670000076293945,8772900
2023-07-31 00:00:00,1690776000,FSLY,17.799999237060547,21.190000534057617,16.260000228881836,20.979999542236328,25071500
2023-08-07 00:00:00,1691380800,FSLY,21.100000381469727,21.540000915527344,18.850000381469727,19.600000381469727,18297500
2023-08-14 00:00:00,1691985600,FSLY,19.200000762939453,19.799999237060547,18.239999771118164,19.280000686645508,13868800
2023-08-21 00:00:00,1692590400,FSLY,19.100000381469727,22.18000030517578,18.469999313354492,21.93000030517578,17956900
2023-08-28 00:00:00,1693195200,FSLY,22.149999618530273,24.309999465942383,21.809999465942383,24.100000381469727,16307900
2023-09-04 00:00:00,1693800000,FSLY,23.799999237060547,24.145000457763672,22.670000076293945,23.0,8807600
2023-09-11 00:00:00,1694404800,FSLY,22.799999237060547,23.719999313354492,20.420000076293945,20.540000915527344,14344100
2023-09-18 00:00:00,1695009600,FSLY,20.399999618530273,20.43000030517578,18.09000015258789,18.5,10519800
2023-09-25 00:00:00,1695614400,FSLY,18.270000457763672,19.527999877929688,17.649999618530273,19.170000076293945,9403200
2023-10-02 00:00:00,1696219200,FSLY,19.079999923706055,19.5,15.359999656677246,16.110000610351562,16273500
2023-10-09 00:00:00,1696824000,FSLY,15.779999732971191,17.260000228881836,14.609999656677246,14.699999809265137,11905400
2023-10-16 00:00:00,1697428800,FSLY,14.850000381469727,15.899999618530273,14.210000038146973,14.65999984741211,12582100
2023-10-23 00:00:00,1698033600,FSLY,14.369999885559082,15.475000381469727,13.640000343322754,14.119999885559082,11548600
2023-10-30 00:00:00,1698638400,FSLY,14.390000343322754,17.948999404907227,13.8100004196167,17.559999465942383,21898300
2023-11-06 00:00:00,1699246800,FSLY,17.59000015258789,17.739999771118164,16.049999237060547,16.399999618530273,12162000
2023-11-13 00:00:00,1699851600,FSLY,16.209999084472656,17.969999313354492,15.335000038146973,17.969999313354492,16806600
2023-11-20 00:00:00,1700456400,FSLY,17.719999313354492,18.94499969482422,17.364999771118164,17.639999389648438,9203400
2023-11-27 00:00:00,1701061200,FSLY,17.510000228881836,18.829999923706055,16.420000076293945,18.049999237060547,15977100
2023-12-04 00:00:00,1701666000,FSLY,17.920000076293945,18.315000534057617,16.549999237060547,17.270000457763672,9584500
2023-12-11 00:00:00,1702270800,FSLY,17.079999923706055,19.3700008392334,16.7450008392334,18.729999542236328,16699400
2023-12-18 00:00:00,1702875600,FSLY,18.3799991607666,19.55900001525879,17.860000610351562,18.5,10368200
2023-12-25 00:00:00,1703480400,FSLY,18.530000686645508,19.290000915527344,17.690000534057617,17.799999237060547,7521200
2024-01-01 00:00:00,1704085200,FSLY,17.610000610351562,17.854999542236328,16.020000457763672,16.170000076293945,9010200
2024-01-08 00:00:00,1704690000,FSLY,16.799999237060547,18.3700008392334,16.639999389648438,17.8700008392334,11646000
2024-01-15 00:00:00,1705294800,FSLY,17.350000381469727,18.809999465942383,16.93000030517578,18.760000228881836,11282300
2024-01-22 00:00:00,1705899600,FSLY,19.719999313354492,21.674999237060547,19.3700008392334,20.59000015258789,15844100
2024-01-29 00:00:00,1706504400,FSLY,20.65999984741211,22.920000076293945,19.899999618530273,22.579999923706055,15244400
2024-02-05 00:00:00,1707109200,FSLY,22.280000686645508,24.961000442504883,21.270000457763672,24.260000228881836,15424600
2024-02-12 00:00:00,1707714000,FSLY,24.329999923706055,25.8700008392334,15.359999656677246,15.800000190734863,53483000
2024-02-19 00:00:00,1708318800,FSLY,15.600000381469727,15.800000190734863,14.100000381469727,14.210000038146973,24209800
2024-02-26 00:00:00,1708923600,FSLY,13.949999809265137,14.630000114440918,13.850000381469727,14.050000190734863,24078900
2024-03-04 00:00:00,1709528400,FSLY,14.109999656677246,14.760000228881836,13.149999618530273,13.949999809265137,21942500
2024-03-11 00:00:00,1710129600,FSLY,13.84000015258789,14.25,12.505000114440918,12.600000381469727,23841500
2024-03-18 00:00:00,1710734400,FSLY,12.729999542236328,13.489999771118164,12.399999618530273,12.75,14972200
2024-03-25 00:00:00,1711339200,FSLY,12.739999771118164,13.109999656677246,12.467000007629395,12.970000267028809,11000300
2024-04-01 00:00:00,1711944000,FSLY,12.949999809265137,13.119999885559082,12.329999923706055,12.529999732971191,12866300
2024-04-08 00:00:00,1712548800,FSLY,13.449999809265137,14.119999885559082,13.09000015258789,13.630000114440918,18550800
2024-04-15 00:00:00,1713153600,FSLY,13.609999656677246,13.6899995803833,12.151000022888184,12.300000190734863,13601700
2024-04-22 00:00:00,1713758400,FSLY,12.420000076293945,13.260000228881836,11.960000038146973,12.949999809265137,17178600
2024-04-29 00:00:00,1714363200,FSLY,13.0,13.354999542236328,7.829999923706055,8.479999542236328,51967700
2024-05-06 00:00:00,1714968000,FSLY,8.510000228881836,8.989999771118164,8.255000114440918,8.630000114440918,23392100
2024-05-13 00:00:00,1715572800,FSLY,8.710000038146973,9.385000228881836,8.609999656677246,8.699999809265137,17739000
2024-05-20 00:00:00,1716177600,FSLY,8.699999809265137,8.984999656677246,8.479999542236328,8.479999542236328,12898000
2024-05-27 00:00:00,1716782400,FSLY,8.520000457763672,8.579999923706055,7.815000057220459,7.840000152587891,10853800
2024-06-03 00:00:00,1717387200,FSLY,7.96999979019165,7.980000019073486,7.400000095367432,7.480000019073486,12858400
2024-06-10 00:00:00,1717992000,FSLY,7.360000133514404,8.109999656677246,7.0879998207092285,7.199999809265137,14865200
2024-06-17 00:00:00,1718596800,FSLY,7.170000076293945,7.349999904632568,6.769999980926514,7.269999980926514,18940300
2024-06-24 00:00:00,1719201600,FSLY,7.239999771118164,7.5,6.940000057220459,7.369999885559082,13772000
2024-07-01 00:00:00,1719806400,FSLY,7.349999904632568,7.485000133514404,7.019999980926514,7.420000076293945,6932700
2024-07-08 00:00:00,1720411200,FSLY,7.489999771118164,7.650000095367432,7.039999961853027,7.440000057220459,10885000
2024-07-15 00:00:00,1721016000,FSLY,7.550000190734863,8.359999656677246,7.480000019073486,7.75,18953500
2024-07-22 00:00:00,1721620800,FSLY,7.800000190734863,8.319999694824219,7.585000038146973,8.210000038146973,10990900
2024-07-29 00:00:00,1722225600,FSLY,8.300000190734863,8.470000267028809,7.210000038146973,7.510000228881836,14082500
2024-08-05 00:00:00,1722830400,FSLY,6.889999866485596,7.284999847412109,5.519999980926514,5.670000076293945,32583100
2024-08-12 00:00:00,1723435200,FSLY,5.730000019073486,6.510000228881836,5.710000038146973,6.449999809265137,37794000
2024-08-19 00:00:00,1724040000,FSLY,6.460000038146973,6.724999904632568,6.210000038146973,6.380000114440918,11973800
2024-08-26 00:00:00,1724644800,FSLY,6.440000057220459,6.449999809265137,5.659999847412109,6.019999980926514,11987800
2024-09-02 00:00:00,1725249600,FSLY,5.940000057220459,6.130000114440918,5.635000228881836,5.650000095367432,7724600
2024-09-09 00:00:00,1725854400,FSLY,5.650000095367432,6.784999847412109,5.53000020980835,6.699999809265137,13265300
2024-09-16 00:00:00,1726459200,FSLY,6.739999771118164,7.489999771118164,6.65500020980835,7.230000019073486,16450000
2024-09-23 00:00:00,1727064000,FSLY,7.329999923706055,7.735000133514404,7.159999847412109,7.559999942779541,10937400
2024-09-30 00:00:00,1727668800,FSLY,7.5,7.678999900817871,7.03000020980835,7.630000114440918,9550300
2024-10-07 00:00:00,1728273600,FSLY,7.619999885559082,7.659999847412109,7.150000095367432,7.380000114440918,8902400
2024-10-14 00:00:00,1728878400,FSLY,7.400000095367432,7.449999809265137,7.119999885559082,7.320000171661377,11401100
2024-10-21 00:00:00,1729483200,FSLY,7.309999942779541,7.480000019073486,7.031000137329102,7.28000020980835,10489000
2024-10-28 00:00:00,1730088000,FSLY,7.380000114440918,7.590000152587891,7.139999866485596,7.199999809265137,10124800
2024-11-04 00:00:00,1730696400,FSLY,7.159999847412109,8.760000228881836,6.909999847412109,7.670000076293945,25015000
2024-11-11 00:00:00,1731301200,FSLY,7.71999979019165,7.760000228881836,6.309999942779541,6.409999847412109,14948400
2024-11-18 00:00:00,1731906000,FSLY,6.28000020980835,8.074999809265137,6.25,7.889999866485596,16249300
2024-11-25 00:00:00,1732510800,FSLY,8.100000381469727,8.520000457763672,7.789999961853027,8.479999542236328,9345000
2024-12-02 00:00:00,1733115600,FSLY,9.220000267028809,10.954999923706055,9.09000015258789,10.899999618530273,31996100
2024-12-09 00:00:00,1733720400,FSLY,11.0,11.619000434875488,10.114999771118164,10.479999542236328,21372000
2024-12-16 00:00:00,1734325200,FSLY,10.40999984741211,12.079999923706055,9.680000305175781,10.079999923706055,22677300
2024-12-23 00:00:00,1734930000,FSLY,10.050000190734863,10.265000343322754,9.449999809265137,9.600000381469727,8082700
2024-12-30 00:00:00,1735534800,FSLY,9.449999809265137,9.760000228881836,9.095000267028809,9.550000190734863,9707500
2025-01-06 00:00:00,1736139600,FSLY,9.789999961853027,10.15999984741211,8.680000305175781,8.979999542236328,9950400
2025-01-13 00:00:00,1736744400,FSLY,8.829999923706055,9.710000038146973,8.670000076293945,9.289999961853027,9995300
2025-01-20 00:00:00,1737349200,FSLY,9.4399995803833,10.729999542236328,9.300000190734863,10.279999732971191,9378800
2025-01-27 00:00:00,1737954000,FSLY,9.90999984741211,11.140000343322754,9.800000190734863,10.470000267028809,12507800
2025-02-03 00:00:00,1738558800,FSLY,10.010000228881836,10.640000343322754,9.899999618530273,10.119999885559082,11197300
2025-02-10 00:00:00,1739163600,FSLY,10.289999961853027,10.760000228881836,7.454999923706055,8.069999694824219,36921600
2025-02-17 00:00:00,1739768400,FSLY,8.130000114440918,8.225000381469727,7.260000228881836,7.260000228881836,13192600
2025-02-24 00:00:00,1740373200,FSLY,7.150000095367432,7.260000228881836,6.534999847412109,6.809999942779541,15174300
2025-03-03 00:00:00,1740978000,FSLY,6.869999885559082,7.065000057220459,6.309999942779541,6.639999866485596,19202200
2025-03-10 00:00:00,1741579200,FSLY,6.46999979019165,6.949999809265137,6.355000019073486,6.849999904632568,14381700
2025-03-17 00:00:00,1742184000,FSLY,6.889999866485596,7.409999847412109,6.800000190734863,7.110000133514404,19118800
2025-03-24 00:00:00,1742788800,FSLY,7.329999923706055,7.369999885559082,6.349999904632568,6.510000228881836,10584500
2025-03-31 00:00:00,1743393600,FSLY,6.300000190734863,6.630000114440918,5.010000228881836,5.159999847412109,12527800
2025-04-07 00:00:00,1743998400,FSLY,4.920000076293945,5.920000076293945,4.650000095367432,5.480000019073486,18887200
2025-04-14 00:00:00,1744603200,FSLY,5.679999828338623,5.755000114440918,5.210000038146973,5.389999866485596,8966700
2025-04-21 00:00:00,1745208000,FSLY,5.260000228881836,5.90500020980835,5.125,5.869999885559082,8256300
2025-04-28 00:00:00,1745812800,FSLY,5.909999847412109,6.0,5.580999851226807,5.860000133514404,8238700
2025-05-05 00:00:00,1746417600,FSLY,5.690000057220459,7.800000190734863,5.630000114440918,7.679999828338623,26343600
2025-05-12 00:00:00,1747022400,FSLY,7.824999809265137,8.350000381469727,7.760000228881836,8.050000190734863,14660000
2025-05-19 00:00:00,1747627200,FSLY,7.760000228881836,7.860000133514404,7.170000076293945,7.190000057220459,8482900
2025-05-26 00:00:00,1748232000,FSLY,7.300000190734863,7.449999809265137,7.170000076293945,7.28000020980835,6256300
2025-06-02 00:00:00,1748836800,FSLY,7.300000190734863,7.829999923706055,7.179999828338623,7.659999847412109,9142200
2025-06-09 00:00:00,1749441600,FSLY,7.760000228881836,8.359999656677246,7.010000228881836,7.019999980926514,17715600
2025-06-16 00:00:00,1750046400,FSLY,7.139999866485596,7.256999969482422,6.519999980926514,6.760000228881836,24086000
2025-06-23 00:00:00,1750651200,FSLY,6.769999980926514,7.098999977111816,6.539999961853027,6.920000076293945,13586800
2025-06-30 00:00:00,1751256000,FSLY,7.0,7.184999942779541,6.840000152587891,7.03000020980835,7827400
2025-07-07 00:00:00,1751860800,FSLY,6.940000057220459,7.375,6.659999847412109,6.710000038146973,9849100
2025-07-14 00:00:00,1752465600,FSLY,6.710000038146973,7.139999866485596,6.610000133514404,7.119999885559082,9957300
2025-07-21 00:00:00,1753070400,FSLY,7.210000038146973,7.385000228881836,7.060999870300293,7.159999847412109,10214300
2025-07-28 00:00:00,1753675200,FSLY,7.150000095367432,7.425000190734863,6.289999961853027,6.360000133514404,11233000
2025-08-04 00:00:00,1754280000,FSLY,6.510000228881836,7.7789998054504395,6.309999942779541,6.989999771118164,23218800
2025-08-11 00:00:00,1754884800,FSLY,6.929999828338623,7.25,6.695000171661377,6.949999809265137,12376300
2025-08-18 00:00:00,1755489600,FSLY,6.880000114440918,7.599999904632568,6.839000225067139,7.5,14170700
2025-08-25 00:00:00,1756094400,FSLY,7.460000038146973,7.78000020980835,7.199999809265137,7.610000133514404,11289300
2025-09-01 00:00:00,1756699200,FSLY,7.449999809265137,7.614999771118164,7.054999828338623,7.429999828338623,9070400
2025-09-08 00:00:00,1757304000,FSLY,7.46999979019165,7.900000095367432,7.284999847412109,7.730000019073486,10160700
2025-09-15 00:00:00,1757908800,FSLY,7.860000133514404,9.095000267028809,7.840000152587891,8.630000114440918,38729500
2025-09-22 00:00:00,1758513600,FSLY,8.539999961853027,9.079999923706055,8.15999984741211,8.5,12702900
2025-09-29 00:00:00,1759118400,FSLY,8.569999694824219,9.180000305175781,8.279999732971191,8.829999923706055,19381000
2025-10-06 00:00:00,1759723200,FSLY,8.920000076293945,9.109999656677246,7.980000019073486,8.229999542236328,16529700
2025-10-13 00:00:00,1760328000,FSLY,8.359999656677246,8.579999923706055,7.735000133514404,7.860000133514404,12462900
2025-10-20 00:00:00,1760932800,FSLY,7.989999771118164,8.449999809265137,7.929999828338623,8.329999923706055,9796900
2025-10-27 00:00:00,1761537600,FSLY,8.449999809265137,8.479999542236328,7.900000095367432,8.289999961853027,9013000
2025-11-03 00:00:00,1762146000,FSLY,8.270000457763672,11.65999984741211,7.949999809265137,11.5600004196167,42355300
2025-11-10 00:00:00,1762750800,FSLY,11.75,12.539999961853027,10.899999618530273,11.229999542236328,24288300
2025-11-17 00:00:00,1763355600,FSLY,11.489999771118164,11.510000228881836,10.069999694824219,10.90999984741211,21670700
2025-11-24 00:00:00,1763960400,FSLY,10.989999771118164,12.420000076293945,10.9399995803833,11.65999984741211,14683300
2025-12-01 00:00:00,1764565200,FSLY,11.449999809265137,12.590999603271484,10.20199966430664,10.520000457763672,34702800
2025-12-08 00:00:00,1765170000,FSLY,10.5600004196167,11.270000457763672,10.069999694824219,10.079999923706055,34471200
2025-12-15 00:00:00,1765774800,FSLY,10.739999771118164,10.75,9.850000381469727,10.229999542236328,19191700
2025-12-22 00:00:00,1766379600,FSLY,10.239999771118164,10.789999961853027,10.109999656677246,10.239999771118164,7535800
2025-12-29 00:00:00,1766984400,FSLY,10.199999809265137,10.40999984741211,9.925000190734863,10.1899995803833,7464000
2026-01-05 00:00:00,1767589200,FSLY,10.220000267028809,10.670000076293945,9.279999732971191,9.3100004196167,20222900
2026-01-12 00:00:00,1768194000,FSLY,9.239999771118164,9.569999694824219,8.9399995803833,9.029999732971191,14507700
2026-01-19 00:00:00,1768798800,FSLY,8.800000190734863,9.510000228881836,8.73799991607666,9.289999961853027,9818300
2026-01-26 00:00:00,1769403600,FSLY,9.350000381469727,10.71500015258789,9.104999542236328,9.25,22168600
2026-02-02 00:00:00,1770008400,FSLY,9.1899995803833,9.539999961853027,7.869999885559082,8.569999694824219,17530200
2026-02-09 00:00:00,1770613200,FSLY,8.489999771118164,19.139999389648438,8.220000267028809,18.260000228881836,196795500
2026-02-16 00:00:00,1771218000,FSLY,18.260000228881836,20.270000457763672,16.639999389648438,18.079999923706055,87635300
2026-02-23 00:00:00,1771822800,FSLY,17.540000915527344,19.158000946044922,16.40999984741211,19.1200008392334,55909000
2026-03-02 00:00:00,1772427600,FSLY,18.770000457763672,21.75,18.610000610351562,20.139999389648438,69226100
2026-03-09 00:00:00,1773028800,FSLY,19.652999877929688,25.790000915527344,19.360000610351562,24.579999923706055,60851200
2026-03-16 00:00:00,1773633600,FSLY,25.059999465942383,27.59000015258789,22.0,25.200000762939453,66308200
2026-03-23 00:00:00,1774238400,FSLY,25.200000762939453,30.950000762939453,24.799999237060547,27.43000030517578,60086200
2026-03-30 00:00:00,1774843200,FSLY,28.43000030517578,34.220001220703125,24.610000610351562,33.5,52938300
2026-04-06 00:00:00,1775448000,FSLY,33.94499969482422,34.81999969482422,22.6299991607666,23.06999969482422,94073900
2026-04-13 00:00:00,1776052800,FSLY,23.100000381469727,26.290000915527344,20.68000030517578,24.559999465942383,78413100
2026-04-20 00:00:00,1776657600,FSLY,24.81999969482422,27.350000381469727,23.31999969482422,23.760000228881836,39091200
2026-04-27 00:00:00,1777262400,FSLY,23.844999313354492,28.420000076293945,23.139999389648438,28.06999969482422,36082500
2026-05-04 00:00:00,1777867200,FSLY,27.670000076293945,32.77000045776367,18.530000686645508,20.510000228881836,102965300
2026-05-11 00:00:00,1778472000,FSLY,20.479999542236328,21.59000015258789,16.90999984741211,17.0,49856200
2026-05-18 00:00:00,1779076800,FSLY,16.81999969482422,17.5,15.699999809265137,16.31999969482422,32709100
2026-05-25 00:00:00,1779681600,FSLY,16.524999618530273,17.899999618530273,16.010000228881836,17.764999389648438,22575000
2026-06-01 00:00:00,1780286400,FSLY,18.024999618530273,22.049999237060547,17.795000076293945,18.06999969482422,53202000
2026-06-08 00:00:00,1780891200,FSLY,18.719999313354492,19.850000381469727,17.5,18.549999237060547,26817700
2026-06-15 00:00:00,1781496000,FSLY,19.059999465942383,19.450000762939453,16.86400032043457,17.899999618530273,26667100
2026-06-22 00:00:00,1782100800,FSLY,17.389999389648438,17.780000686645508,15.739999771118164,17.110000610351562,29729700
2026-06-29 00:00:00,1782705600,FSLY,17.40999984741211,19.159000396728516,17.25,18.1299991607666,15552100
2026-07-06 00:00:00,1783310400,FSLY,18.1200008392334,20.850000381469727,17.969999313354492,19.59000015258789,20412100
2026-07-13 00:00:00,1783915200,FSLY,19.670000076293945,21.924999237060547,19.079999923706055,20.719999313354492,33416600
2026-07-20 00:00:00,1784520000,FSLY,20.350000381469727,21.273000717163086,19.309999465942383,20.239999771118164,19559200
2026-07-27 00:00:00,1785124800,FSLY,20.56999969482422,22.809999465942383,18.93000030517578,22.65999984741211,22649000
2026-08-03 00:00:00,1785729600,FSLY,22.940000534057617,27.229999542236328,22.301000595092773,22.959999084472656,46580700
2026-08-10 00:00:00,1786334400,FSLY,22.450000762939453,30.690000534057617,22.420000076293945,29.93000030517578,37154100
2026-08-17 00:00:00,1786939200,FSLY,30.329999923706055,30.34000015258789,22.299999237060547,24.950000762939453,30475200
2026-08-21 16:00:01,1787342401,FSLY,23.010000228881836,24.9950008392334,22.845699310302734,24.950000762939453,5650357
2026-08-24 00:00:00,1787544000,FSLY,24.18000030517578,24.360000610351562,22.8700008392334,22.940000534057617,3176019
2026-08-25 16:00:01,1787688001,FSLY,23.25,23.559999465942383,22.530000686645508,23.0,3488908
2026-08-26 16:00:01,1787774401,FSLY,22.719999313354492,23.649999618530273,22.700000762939453,23.290000915527344,2521343
2026-08-27 16:00:01,1787860801,FSLY,24.079999923706055,25.360000610351562,23.82159996032715,24.639999389648438,4218047
2026-08-28 16:00:01,1787947201,FSLY,24.329999923706055,24.808500289916992,22.780000686645508,23.040000915527344,3999236
