timestamp_et,epoch,ticker,open,high,low,close,volume
2024-07-16 09:30:00,1721136600,MMM,100.87000274658203,103.69000244140625,100.87000274658203,103.30999755859375,3609000
2024-07-17 09:30:00,1721223000,MMM,102.86000061035156,104.80000305175781,102.69000244140625,104.63999938964844,3567900
2024-07-18 09:30:00,1721309400,MMM,104.22000122070312,105.5199966430664,103.44000244140625,104.0199966430664,3023800
2024-07-19 09:30:00,1721395800,MMM,104.75,104.75,103.12999725341797,103.91999816894531,2884900
2024-07-22 09:30:00,1721655000,MMM,104.05999755859375,105.04000091552734,102.4000015258789,104.97000122070312,2686600
2024-07-23 09:30:00,1721741400,MMM,105.0,105.2699966430664,104.16999816894531,104.7300033569336,2172600
2024-07-24 09:30:00,1721827800,MMM,104.55999755859375,105.0999984741211,103.08000183105469,103.25,3252000
2024-07-25 09:30:00,1721914200,MMM,102.72000122070312,104.79000091552734,101.7699966430664,103.38999938964844,4598100
2024-07-26 09:30:00,1722000600,MMM,112.69000244140625,128.02999877929688,112.69000244140625,127.16000366210938,32748900
2024-07-29 09:30:00,1722259800,MMM,128.0,128.64999389648438,124.12999725341797,125.16000366210938,10816700
2024-07-30 09:30:00,1722346200,MMM,125.8499984741211,127.69000244140625,124.11000061035156,126.75,6746500
2024-07-31 09:30:00,1722432600,MMM,126.62999725341797,128.60000610351562,125.33000183105469,127.55000305175781,6889900
2024-08-01 09:30:00,1722519000,MMM,127.5,127.94000244140625,124.43000030517578,126.47000122070312,5563700
2024-08-02 09:30:00,1722605400,MMM,125.80999755859375,127.75,124.77999877929688,125.23999786376953,4021400
2024-08-05 09:30:00,1722864600,MMM,119.56999969482422,125.31999969482422,119.30999755859375,124.61000061035156,6669700
2024-08-06 09:30:00,1722951000,MMM,123.36000061035156,126.12999725341797,122.72000122070312,124.88999938964844,4334300
2024-08-07 09:30:00,1723037400,MMM,125.38999938964844,126.56999969482422,122.69000244140625,122.83000183105469,3410100
2024-08-08 09:30:00,1723123800,MMM,122.44999694824219,125.73999786376953,122.18000030517578,125.12999725341797,2932900
2024-08-09 09:30:00,1723210200,MMM,124.63999938964844,124.63999938964844,123.33999633789062,124.16999816894531,3247700
2024-08-12 09:30:00,1723469400,MMM,124.0,124.08999633789062,122.54000091552734,123.36000061035156,2585800
2024-08-13 09:30:00,1723555800,MMM,123.43000030517578,125.4000015258789,122.73999786376953,125.3499984741211,3056600
2024-08-14 09:30:00,1723642200,MMM,124.97000122070312,127.04000091552734,124.62999725341797,126.16999816894531,3252800
2024-08-15 09:30:00,1723728600,MMM,127.31999969482422,127.94000244140625,126.16999816894531,127.16000366210938,3359900
2024-08-16 09:30:00,1723815000,MMM,126.73999786376953,127.33999633789062,126.0199966430664,127.05000305175781,3812600
2024-08-19 09:30:00,1724074200,MMM,127.08000183105469,127.8499984741211,126.52999877929688,127.08000183105469,2243600
2024-08-20 09:30:00,1724160600,MMM,126.98999786376953,128.07000732421875,126.87999725341797,127.69999694824219,2792900
2024-08-21 09:30:00,1724247000,MMM,127.83999633789062,129.99000549316406,127.66000366210938,129.22999572753906,3664600
2024-08-22 09:30:00,1724333400,MMM,129.10000610351562,129.75,128.3000030517578,128.60000610351562,2300400
2024-08-23 09:30:00,1724419800,MMM,129.22999572753906,130.64999389648438,128.85000610351562,130.5500030517578,2618800
2024-08-26 09:30:00,1724679000,MMM,129.60000610351562,131.9199981689453,129.60000610351562,131.85000610351562,3915800
2024-08-27 09:30:00,1724765400,MMM,131.32000732421875,132.6199951171875,130.9499969482422,131.39999389648438,2878500
2024-08-28 09:30:00,1724851800,MMM,131.39999389648438,132.6199951171875,131.14999389648438,131.61000061035156,3274000
2024-08-29 09:30:00,1724938200,MMM,131.64999389648438,133.17999267578125,131.33999633789062,132.91000366210938,2992600
2024-08-30 09:30:00,1725024600,MMM,133.07000732421875,134.99000549316406,132.61000061035156,134.69000244140625,6092800
2024-09-03 09:30:00,1725370200,MMM,133.00999450683594,133.77999877929688,130.2100067138672,130.85000610351562,4024100
2024-09-04 09:30:00,1725456600,MMM,131.19000244140625,132.86000061035156,130.85000610351562,132.14999389648438,3300700
2024-09-05 09:30:00,1725543000,MMM,131.9199981689453,132.9499969482422,130.6999969482422,131.39999389648438,2726000
2024-09-06 09:30:00,1725629400,MMM,130.5,132.10000610351562,128.02000427246094,128.60000610351562,3562200
2024-09-09 09:30:00,1725888600,MMM,129.38999938964844,130.97999572753906,128.19000244140625,128.4600067138672,3616300
2024-09-10 09:30:00,1725975000,MMM,128.85000610351562,130.16000366210938,128.4600067138672,130.08999633789062,2732500
2024-09-11 09:30:00,1726061400,MMM,129.5,130.3800048828125,127.12000274658203,130.22999572753906,3283800
2024-09-12 09:30:00,1726147800,MMM,130.3000030517578,132.72000122070312,130.10000610351562,132.02999877929688,3978800
2024-09-13 09:30:00,1726234200,MMM,131.8800048828125,133.3699951171875,131.35000610351562,133.17999267578125,2670100
2024-09-16 09:30:00,1726493400,MMM,133.97999572753906,135.27999877929688,133.8300018310547,134.61000061035156,3069300
2024-09-17 09:30:00,1726579800,MMM,134.08999633789062,134.42999267578125,132.30999755859375,133.57000732421875,3969000
2024-09-18 09:30:00,1726666200,MMM,133.25999450683594,134.27999877929688,131.75999450683594,133.36000061035156,2960900
2024-09-19 09:30:00,1726752600,MMM,134.39999389648438,135.32000732421875,133.32000732421875,133.83999633789062,2691500
2024-09-20 09:30:00,1726839000,MMM,133.00999450683594,134.9499969482422,132.77000427246094,134.77000427246094,11579600
2024-09-23 09:30:00,1727098200,MMM,134.6999969482422,136.08999633789062,134.69000244140625,135.63999938964844,2638400
2024-09-24 09:30:00,1727184600,MMM,136.47000122070312,137.94000244140625,136.35000610351562,137.22000122070312,3145300
2024-09-25 09:30:00,1727271000,MMM,137.22999572753906,137.88999938964844,136.0399932861328,136.60000610351562,3579900
2024-09-26 09:30:00,1727357400,MMM,137.55999755859375,140.72000122070312,137.5500030517578,139.44000244140625,4111100
2024-09-27 09:30:00,1727443800,MMM,139.0,139.2899932861328,137.0500030517578,137.3000030517578,2956100
2024-09-30 09:30:00,1727703000,MMM,137.8300018310547,137.9499969482422,135.22999572753906,136.6999969482422,3814000
2024-10-01 09:30:00,1727789400,MMM,136.0,137.33999633789062,134.89999389648438,137.05999755859375,3050500
2024-10-02 09:30:00,1727875800,MMM,137.22000122070312,137.22000122070312,135.3699951171875,135.42999267578125,2624900
2024-10-03 09:30:00,1727962200,MMM,135.0,135.60000610351562,133.83999633789062,134.77999877929688,2504900
2024-10-04 09:30:00,1728048600,MMM,135.83999633789062,135.92999267578125,134.0500030517578,135.27000427246094,2387300
2024-10-07 09:30:00,1728307800,MMM,134.72000122070312,135.27000427246094,133.8300018310547,134.85000610351562,2254200
2024-10-08 09:30:00,1728394200,MMM,134.47999572753906,135.0399932861328,133.3000030517578,134.69000244140625,2882100
2024-10-09 09:30:00,1728480600,MMM,134.58999633789062,135.5399932861328,134.22999572753906,135.00999450683594,2671400
2024-10-10 09:30:00,1728567000,MMM,134.42999267578125,134.49000549316406,132.92999267578125,133.4600067138672,3060100
2024-10-11 09:30:00,1728653400,MMM,133.39999389648438,134.86000061035156,133.10000610351562,134.75,3103600
2024-10-14 09:30:00,1728912600,MMM,134.39999389648438,135.89999389648438,134.02999877929688,135.75999450683594,2207900
2024-10-15 09:30:00,1728999000,MMM,136.0,136.9499969482422,135.0,135.72999572753906,2465800
2024-10-16 09:30:00,1729085400,MMM,135.60000610351562,137.0500030517578,135.3300018310547,136.35000610351562,2021100
2024-10-17 09:30:00,1729171800,MMM,136.61000061035156,136.66000366210938,135.1199951171875,135.67999267578125,2328500
2024-10-18 09:30:00,1729258200,MMM,135.69000244140625,136.1199951171875,134.2899932861328,135.13999938964844,2791400
2024-10-21 09:30:00,1729517400,MMM,135.27999877929688,135.83999633789062,133.75,134.83999633789062,5940600
2024-10-22 09:30:00,1729603800,MMM,140.19000244140625,141.33999633789062,130.82000732421875,131.72999572753906,13082300
2024-10-23 09:30:00,1729690200,MMM,131.22000122070312,132.14999389648438,125.91000366210938,127.91000366210938,8116200
2024-10-24 09:30:00,1729776600,MMM,128.0399932861328,128.94000244140625,125.87000274658203,126.47000122070312,5084900
2024-10-25 09:30:00,1729863000,MMM,126.5999984741211,127.04000091552734,124.5,124.75,3774600
2024-10-28 09:30:00,1730122200,MMM,126.6500015258789,130.8000030517578,126.05999755859375,130.2899932861328,5239200
2024-10-29 09:30:00,1730208600,MMM,129.00999450683594,130.2100067138672,127.7699966430664,129.27000427246094,2820400
2024-10-30 09:30:00,1730295000,MMM,129.0,129.4499969482422,127.41999816894531,127.55999755859375,2737200
2024-10-31 09:30:00,1730381400,MMM,127.0,129.14999389648438,126.97000122070312,128.47000122070312,3408800
2024-11-01 09:30:00,1730467800,MMM,128.47000122070312,128.52000427246094,126.8499984741211,127.22000122070312,3068700
2024-11-04 09:30:00,1730730600,MMM,127.23999786376953,128.80999755859375,125.4800033569336,125.8499984741211,3642900
2024-11-05 09:30:00,1730817000,MMM,125.5,127.9000015258789,124.83000183105469,126.5199966430664,3943800
2024-11-06 09:30:00,1730903400,MMM,130.6999969482422,134.39999389648438,129.60000610351562,133.9199981689453,4803200
2024-11-07 09:30:00,1730989800,MMM,133.36000061035156,134.8000030517578,132.47999572753906,133.07000732421875,3906400
2024-11-08 09:30:00,1731076200,MMM,133.4499969482422,135.02000427246094,133.1999969482422,134.33999633789062,3465700
2024-11-11 09:30:00,1731335400,MMM,134.85000610351562,135.33999633789062,132.77999877929688,133.0,3791300
2024-11-12 09:30:00,1731421800,MMM,132.8000030517578,133.1999969482422,128.47000122070312,130.35000610351562,3144600
2024-11-13 09:30:00,1731508200,MMM,132.00999450683594,133.07000732421875,130.82000732421875,131.4499969482422,2675500
2024-11-14 09:30:00,1731594600,MMM,131.8699951171875,133.30999755859375,131.77000427246094,132.32000732421875,2283900
2024-11-15 09:30:00,1731681000,MMM,130.11000061035156,131.25,129.7100067138672,129.7899932861328,1928800
2024-11-18 09:30:00,1731940200,MMM,129.77999877929688,130.3800048828125,128.57000732421875,130.1699981689453,2433000
2024-11-19 09:30:00,1732026600,MMM,129.00999450683594,129.25999450683594,128.0,128.19000244140625,2600500
2024-11-20 09:30:00,1732113000,MMM,128.0,128.19000244140625,127.0999984741211,127.83999633789062,1700600
2024-11-21 09:30:00,1732199400,MMM,127.7300033569336,128.5800018310547,126.31999969482422,127.31999969482422,2544800
2024-11-22 09:30:00,1732285800,MMM,127.69000244140625,128.47999572753906,126.37000274658203,128.4199981689453,3052400
2024-11-25 09:30:00,1732545000,MMM,129.2100067138672,130.60000610351562,127.55000305175781,130.32000732421875,5074700
2024-11-26 09:30:00,1732631400,MMM,129.99000549316406,133.22999572753906,129.64999389648438,132.9499969482422,3080300
2024-11-27 09:30:00,1732717800,MMM,133.91000366210938,135.5500030517578,132.36000061035156,132.47999572753906,2579600
2024-11-29 09:30:00,1732890600,MMM,132.86000061035156,133.74000549316406,132.0399932861328,133.52999877929688,1618300
2024-12-02 09:30:00,1733149800,MMM,133.52999877929688,133.77000427246094,132.3800048828125,132.88999938964844,3001900
2024-12-03 09:30:00,1733236200,MMM,132.88999938964844,133.22999572753906,130.74000549316406,131.14999389648438,2378400
2024-12-04 09:30:00,1733322600,MMM,130.92999267578125,131.38999938964844,128.97000122070312,130.4499969482422,2503400
2024-12-05 09:30:00,1733409000,MMM,130.82000732421875,135.5800018310547,130.4499969482422,133.3300018310547,4171800
2024-12-06 09:30:00,1733495400,MMM,133.25,134.22000122070312,132.1999969482422,133.11000061035156,1912300
2024-12-09 09:30:00,1733754600,MMM,133.10000610351562,133.85000610351562,131.27000427246094,131.49000549316406,3442400
2024-12-10 09:30:00,1733841000,MMM,130.1199951171875,130.60000610351562,127.5999984741211,129.77000427246094,3225700
2024-12-11 09:30:00,1733927400,MMM,130.27000427246094,130.6699981689453,129.25999450683594,129.77000427246094,4089500
2024-12-12 09:30:00,1734013800,MMM,129.64999389648438,130.6699981689453,128.77000427246094,129.75,2915300
2024-12-13 09:30:00,1734100200,MMM,129.6999969482422,130.16000366210938,128.91000366210938,129.9199981689453,2382000
2024-12-16 09:30:00,1734359400,MMM,129.89999389648438,130.1999969482422,128.86000061035156,129.47000122070312,3097800
2024-12-17 09:30:00,1734445800,MMM,128.41000366210938,129.36000061035156,127.6500015258789,128.0500030517578,2693200
2024-12-18 09:30:00,1734532200,MMM,128.2100067138672,129.3699951171875,125.37000274658203,125.52999877929688,3748900
2024-12-19 09:30:00,1734618600,MMM,126.6500015258789,127.73999786376953,125.70999908447266,127.12999725341797,3038100
2024-12-20 09:30:00,1734705000,MMM,126.37000274658203,130.35000610351562,125.75,129.27999877929688,8351300
2024-12-23 09:30:00,1734964200,MMM,128.5,129.19000244140625,127.75,128.97999572753906,2067400
2024-12-24 09:30:00,1735050600,MMM,128.74000549316406,130.36000061035156,128.08999633789062,130.36000061035156,803200
2024-12-26 09:30:00,1735223400,MMM,130.3300018310547,131.39999389648438,129.22999572753906,131.17999267578125,1484900
2024-12-27 09:30:00,1735309800,MMM,129.91000366210938,131.17999267578125,129.2100067138672,130.17999267578125,1842600
2024-12-30 09:30:00,1735569000,MMM,129.1199951171875,129.9199981689453,127.91999816894531,129.1300048828125,2154000
2024-12-31 09:30:00,1735655400,MMM,129.1999969482422,130.0500030517578,128.66000366210938,129.08999633789062,2220300
2025-01-02 09:30:00,1735828200,MMM,130.2899932861328,131.6199951171875,128.97999572753906,129.6999969482422,3248900
2025-01-03 09:30:00,1735914600,MMM,129.6999969482422,130.86000061035156,129.3000030517578,129.8699951171875,2273700
2025-01-06 09:30:00,1736173800,MMM,130.82000732421875,131.41000366210938,129.8800048828125,130.2899932861328,3067000
2025-01-07 09:30:00,1736260200,MMM,130.08999633789062,132.8000030517578,130.00999450683594,132.77000427246094,3414500
2025-01-08 09:30:00,1736346600,MMM,132.02999877929688,134.67999267578125,131.66000366210938,134.52999877929688,4676000
2025-01-10 09:30:00,1736519400,MMM,133.8300018310547,133.89999389648438,130.6300048828125,131.2100067138672,4661700
2025-01-13 09:30:00,1736778600,MMM,130.72999572753906,134.72999572753906,129.5399932861328,134.60000610351562,4207200
2025-01-14 09:30:00,1736865000,MMM,134.6199951171875,137.6999969482422,134.47000122070312,137.2100067138672,4629000
2025-01-15 09:30:00,1736951400,MMM,138.2100067138672,138.85000610351562,137.1199951171875,137.77999877929688,4114300
2025-01-16 09:30:00,1737037800,MMM,138.02999877929688,139.5,136.44000244140625,139.17999267578125,4122700
2025-01-17 09:30:00,1737124200,MMM,139.64999389648438,141.66000366210938,139.5,141.02999877929688,5724500
2025-01-21 09:30:00,1737469800,MMM,145.5,150.0,145.0,146.88999938964844,11368500
2025-01-22 09:30:00,1737556200,MMM,147.8800048828125,152.0800018310547,147.41000366210938,149.1199951171875,7077700
2025-01-23 09:30:00,1737642600,MMM,149.4499969482422,150.4600067138672,148.41000366210938,149.6300048828125,4439100
2025-01-24 09:30:00,1737729000,MMM,148.89999389648438,150.10000610351562,148.39999389648438,149.42999267578125,4858400
2025-01-27 09:30:00,1737988200,MMM,149.0,152.0,148.91000366210938,151.52000427246094,4929600
2025-01-28 09:30:00,1738074600,MMM,151.32000732421875,152.9600067138672,149.7899932861328,151.39999389648438,4286800
2025-01-29 09:30:00,1738161000,MMM,151.5,152.77999877929688,150.63999938964844,151.5399932861328,3996100
2025-01-30 09:30:00,1738247400,MMM,152.0,154.64999389648438,151.8300018310547,154.39999389648438,3962300
2025-01-31 09:30:00,1738333800,MMM,154.99000549316406,155.0,152.1300048828125,152.1999969482422,4164200
2025-02-03 09:30:00,1738593000,MMM,149.17999267578125,151.6300048828125,148.14999389648438,150.0399932861328,3556300
2025-02-04 09:30:00,1738679400,MMM,149.4600067138672,152.75999450683594,149.32000732421875,151.67999267578125,3110400
2025-02-05 09:30:00,1738765800,MMM,152.4600067138672,153.6199951171875,150.74000549316406,152.4499969482422,2841400
2025-02-06 09:30:00,1738852200,MMM,152.6999969482422,153.47000122070312,151.57000732421875,152.32000732421875,2760200
2025-02-07 09:30:00,1738938600,MMM,152.5,152.89999389648438,149.5399932861328,149.8699951171875,3356600
2025-02-10 09:30:00,1739197800,MMM,150.16000366210938,150.60000610351562,148.1300048828125,149.69000244140625,3531400
2025-02-11 09:30:00,1739284200,MMM,149.30999755859375,150.3800048828125,148.57000732421875,150.07000732421875,2187700
2025-02-12 09:30:00,1739370600,MMM,148.6999969482422,150.07000732421875,148.16000366210938,148.8699951171875,2102900
2025-02-13 09:30:00,1739457000,MMM,149.11000061035156,149.72000122070312,147.52999877929688,148.72000122070312,2047000
2025-02-14 09:30:00,1739543400,MMM,147.88999938964844,149.5500030517578,147.74000549316406,148.6199951171875,2388300
2025-02-18 09:30:00,1739889000,MMM,148.17999267578125,149.49000549316406,148.0,148.99000549316406,2601400
2025-02-19 09:30:00,1739975400,MMM,148.07000732421875,150.36000061035156,148.07000732421875,150.1999969482422,3216900
2025-02-20 09:30:00,1740061800,MMM,149.99000549316406,150.08999633789062,148.0399932861328,149.0800018310547,2231500
2025-02-21 09:30:00,1740148200,MMM,149.0800018310547,149.5399932861328,144.55999755859375,144.97999572753906,4278500
2025-02-24 09:30:00,1740407400,MMM,144.97999572753906,146.39999389648438,143.8699951171875,145.47999572753906,3447500
2025-02-25 09:30:00,1740493800,MMM,145.42999267578125,147.55999755859375,145.33999633789062,146.5399932861328,4358800
2025-02-26 09:30:00,1740580200,MMM,144.38999938964844,149.25999450683594,141.75999450683594,147.42999267578125,5783400
2025-02-27 09:30:00,1740666600,MMM,148.77000427246094,152.55999755859375,148.2100067138672,150.52000427246094,6576000
2025-02-28 09:30:00,1740753000,MMM,151.5,155.5,151.0,155.1199951171875,8323100
2025-03-03 09:30:00,1741012200,MMM,155.5,156.35000610351562,151.89999389648438,153.4199981689453,5672700
2025-03-04 09:30:00,1741098600,MMM,150.5,151.0399932861328,145.6199951171875,145.86000061035156,6787400
2025-03-05 09:30:00,1741185000,MMM,146.75999450683594,149.0399932861328,146.0,147.61000061035156,3909700
2025-03-06 09:30:00,1741271400,MMM,146.38999938964844,148.1300048828125,145.75,146.94000244140625,4492400
2025-03-07 09:30:00,1741357800,MMM,144.69000244140625,147.22000122070312,140.77999877929688,146.3000030517578,5891100
2025-03-10 09:30:00,1741613400,MMM,143.47000122070312,149.17999267578125,143.1199951171875,147.6199951171875,4966500
2025-03-11 09:30:00,1741699800,MMM,145.72999572753906,149.49000549316406,145.6300048828125,147.5399932861328,5818300
2025-03-12 09:30:00,1741786200,MMM,148.30999755859375,151.24000549316406,147.1999969482422,150.24000549316406,4196600
2025-03-13 09:30:00,1741872600,MMM,150.27999877929688,151.24000549316406,145.91000366210938,146.10000610351562,3295000
2025-03-14 09:30:00,1741959000,MMM,147.9199981689453,150.7899932861328,147.05999755859375,150.41000366210938,4094400
2025-03-17 09:30:00,1742218200,MMM,150.3699951171875,153.97999572753906,150.0,153.2100067138672,4562100
2025-03-18 09:30:00,1742304600,MMM,152.57000732421875,153.2100067138672,150.5,150.9199981689453,3038500
2025-03-19 09:30:00,1742391000,MMM,151.19000244140625,153.97000122070312,150.9199981689453,153.2100067138672,2344100
2025-03-20 09:30:00,1742477400,MMM,151.64999389648438,153.64999389648438,151.08999633789062,151.27000427246094,2579000
2025-03-21 09:30:00,1742563800,MMM,149.89999389648438,150.75999450683594,148.07000732421875,150.36000061035156,5538500
2025-03-24 09:30:00,1742823000,MMM,151.6999969482422,154.02999877929688,150.6999969482422,153.14999389648438,3207800
2025-03-25 09:30:00,1742909400,MMM,153.1300048828125,155.0,152.67999267578125,153.5,4118900
2025-03-26 09:30:00,1742995800,MMM,153.4499969482422,154.42999267578125,152.05999755859375,152.67999267578125,3836700
2025-03-27 09:30:00,1743082200,MMM,152.6699981689453,152.6699981689453,148.1199951171875,148.44000244140625,2825300
2025-03-28 09:30:00,1743168600,MMM,147.86000061035156,148.85000610351562,144.3300018310547,144.83999633789062,2581500
2025-03-31 09:30:00,1743427800,MMM,143.99000549316406,147.74000549316406,142.17999267578125,146.86000061035156,4508600
2025-04-01 09:30:00,1743514200,MMM,145.6999969482422,148.69000244140625,144.17999267578125,147.6699981689453,3641300
2025-04-02 09:30:00,1743600600,MMM,145.7100067138672,148.1699981689453,145.58999633789062,147.75999450683594,4411100
2025-04-03 09:30:00,1743687000,MMM,142.83999633789062,144.49000549316406,138.85000610351562,139.74000549316406,6712300
2025-04-04 09:30:00,1743773400,MMM,134.19000244140625,135.30999755859375,126.43000030517578,126.91000366210938,9609100
2025-04-07 09:30:00,1744032600,MMM,124.7300033569336,134.3699951171875,121.9800033569336,128.5500030517578,7174700
2025-04-08 09:30:00,1744119000,MMM,132.24000549316406,133.8699951171875,124.81999969482422,127.16000366210938,5496800
2025-04-09 09:30:00,1744205400,MMM,125.0,139.22999572753906,123.44000244140625,138.32000732421875,6428100
2025-04-10 09:30:00,1744291800,MMM,135.75,135.7899932861328,128.67999267578125,132.97000122070312,4757100
2025-04-11 09:30:00,1744378200,MMM,133.1300048828125,136.49000549316406,131.66000366210938,135.9499969482422,3337600
2025-04-14 09:30:00,1744637400,MMM,138.11000061035156,138.2899932861328,134.42999267578125,136.00999450683594,3815800
2025-04-15 09:30:00,1744723800,MMM,136.00999450683594,137.47000122070312,135.13999938964844,135.25999450683594,2541700
2025-04-16 09:30:00,1744810200,MMM,133.50999450683594,134.47999572753906,129.8699951171875,130.4600067138672,5635500
2025-04-17 09:30:00,1744896600,MMM,130.33999633789062,132.9499969482422,130.0800018310547,130.2100067138672,4952000
2025-04-21 09:30:00,1745242200,MMM,129.0,129.83999633789062,124.6500015258789,126.08999633789062,5971800
2025-04-22 09:30:00,1745328600,MMM,133.2899932861328,137.27000427246094,130.36000061035156,136.3300018310547,7943800
2025-04-23 09:30:00,1745415000,MMM,139.3800048828125,142.14999389648438,135.1999969482422,136.05999755859375,4655800
2025-04-24 09:30:00,1745501400,MMM,135.63999938964844,139.75999450683594,135.1199951171875,138.8800048828125,2921100
2025-04-25 09:30:00,1745587800,MMM,139.0,139.0,137.10000610351562,137.32000732421875,2141300
2025-04-28 09:30:00,1745847000,MMM,137.32000732421875,138.41000366210938,136.0399932861328,137.92999267578125,2499900
2025-04-29 09:30:00,1745933400,MMM,137.5,139.22000122070312,136.83999633789062,138.3800048828125,1917200
2025-04-30 09:30:00,1746019800,MMM,137.6300048828125,139.30999755859375,134.85000610351562,138.91000366210938,3062800
2025-05-01 09:30:00,1746106200,MMM,138.27999877929688,140.25,137.6699981689453,137.89999389648438,2236300
2025-05-02 09:30:00,1746192600,MMM,140.0,143.0399932861328,139.2899932861328,142.0800018310547,2734200
2025-05-05 09:30:00,1746451800,MMM,140.6199951171875,141.8699951171875,139.8699951171875,140.8000030517578,2623500
2025-05-06 09:30:00,1746538200,MMM,139.1300048828125,139.7100067138672,137.6300048828125,138.02000427246094,2850000
2025-05-07 09:30:00,1746624600,MMM,138.27000427246094,139.7899932861328,137.6999969482422,138.63999938964844,2555400
2025-05-08 09:30:00,1746711000,MMM,140.0,142.36000061035156,139.2100067138672,141.1199951171875,2899500
2025-05-09 09:30:00,1746797400,MMM,141.25999450683594,142.6199951171875,140.9600067138672,142.60000610351562,2634100
2025-05-12 09:30:00,1747056600,MMM,146.08999633789062,150.82000732421875,145.27000427246094,150.3300018310547,4974800
2025-05-13 09:30:00,1747143000,MMM,150.80999755859375,151.75,150.1699981689453,150.74000549316406,3455700
2025-05-14 09:30:00,1747229400,MMM,150.75,150.77000427246094,146.9600067138672,147.8800048828125,3778700
2025-05-15 09:30:00,1747315800,MMM,146.3300018310547,149.17999267578125,145.36000061035156,148.74000549316406,4472100
2025-05-16 09:30:00,1747402200,MMM,149.42999267578125,153.27999877929688,148.9499969482422,153.11000061035156,4204500
2025-05-19 09:30:00,1747661400,MMM,151.9499969482422,154.25999450683594,151.11000061035156,154.13999938964844,2613600
2025-05-20 09:30:00,1747747800,MMM,153.25999450683594,154.72999572753906,153.25,154.14999389648438,2529700
2025-05-21 09:30:00,1747834200,MMM,152.32000732421875,153.1699981689453,149.3300018310547,149.39999389648438,2661800
2025-05-22 09:30:00,1747920600,MMM,149.72000122070312,150.57000732421875,147.67999267578125,149.77999877929688,2862800
2025-05-23 09:30:00,1748007000,MMM,147.4499969482422,148.69000244140625,147.00999450683594,147.6199951171875,2369800
2025-05-27 09:30:00,1748352600,MMM,150.0,150.0,146.66000366210938,149.49000549316406,3155300
2025-05-28 09:30:00,1748439000,MMM,149.64999389648438,150.0,148.19000244140625,148.66000366210938,2297500
2025-05-29 09:30:00,1748525400,MMM,149.8699951171875,150.36000061035156,148.17999267578125,149.6300048828125,2621400
2025-05-30 09:30:00,1748611800,MMM,148.72999572753906,149.4499969482422,147.60000610351562,148.35000610351562,5339800
2025-06-02 09:30:00,1748871000,MMM,147.8699951171875,148.3000030517578,143.91000366210938,146.39999389648438,2825700
2025-06-03 09:30:00,1748957400,MMM,146.30999755859375,148.36000061035156,145.2100067138672,148.1300048828125,2343300
2025-06-04 09:30:00,1749043800,MMM,148.91000366210938,148.9499969482422,146.7100067138672,146.80999755859375,2346900
2025-06-05 09:30:00,1749130200,MMM,147.0399932861328,147.25999450683594,144.88999938964844,146.25999450683594,3568300
2025-06-06 09:30:00,1749216600,MMM,148.0,148.4600067138672,145.44000244140625,145.5,2297100
2025-06-09 09:30:00,1749475800,MMM,145.5500030517578,146.02999877929688,142.6699981689453,144.22999572753906,3401900
2025-06-10 09:30:00,1749562200,MMM,144.24000549316406,145.30999755859375,143.14999389648438,145.05999755859375,3129200
2025-06-11 09:30:00,1749648600,MMM,145.0399932861328,148.0500030517578,144.4199981689453,147.17999267578125,2904400
2025-06-12 09:30:00,1749735000,MMM,146.4199981689453,147.27000427246094,144.49000549316406,144.77000427246094,2069700
2025-06-13 09:30:00,1749821400,MMM,143.1300048828125,144.4499969482422,141.72999572753906,142.32000732421875,2450400
2025-06-16 09:30:00,1750080600,MMM,143.67999267578125,145.38999938964844,143.50999450683594,145.07000732421875,1681300
2025-06-17 09:30:00,1750167000,MMM,144.05999755859375,144.8800048828125,141.97000122070312,142.2100067138672,1739900
2025-06-18 09:30:00,1750253400,MMM,142.1300048828125,143.6699981689453,141.57000732421875,142.50999450683594,2629100
2025-06-20 09:30:00,1750426200,MMM,143.30999755859375,144.0500030517578,141.82000732421875,144.02999877929688,5566700
2025-06-23 09:30:00,1750685400,MMM,144.38999938964844,147.72000122070312,143.35000610351562,147.60000610351562,2904700
2025-06-24 09:30:00,1750771800,MMM,148.63999938964844,150.2899932861328,148.00999450683594,149.8699951171875,2700500
2025-06-25 09:30:00,1750858200,MMM,149.6999969482422,149.86000061035156,147.1199951171875,147.75,2378000
2025-06-26 09:30:00,1750944600,MMM,147.69000244140625,151.11000061035156,147.30999755859375,150.75999450683594,2740100
2025-06-27 09:30:00,1751031000,MMM,151.13999938964844,152.8699951171875,150.55999755859375,152.02000427246094,3938200
2025-06-30 09:30:00,1751290200,MMM,152.27999877929688,152.4600067138672,151.0,152.24000549316406,2302800
2025-07-01 09:30:00,1751376600,MMM,152.0,156.08999633789062,151.4199981689453,153.80999755859375,3781900
2025-07-02 09:30:00,1751463000,MMM,154.2100067138672,155.4499969482422,153.2100067138672,153.97000122070312,2864700
2025-07-03 09:30:00,1751549400,MMM,154.25,155.0,149.5,152.94000244140625,3182900
2025-07-07 09:30:00,1751895000,MMM,152.8000030517578,154.47000122070312,150.9499969482422,151.83999633789062,3877000
2025-07-08 09:30:00,1751981400,MMM,151.72999572753906,154.6199951171875,151.52999877929688,153.74000549316406,3252200
2025-07-09 09:30:00,1752067800,MMM,154.3800048828125,156.64999389648438,153.83999633789062,155.97999572753906,2855900
2025-07-10 09:30:00,1752154200,MMM,156.11000061035156,159.47000122070312,155.9600067138672,157.32000732421875,4043400
2025-07-11 09:30:00,1752240600,MMM,156.0500030517578,156.5500030517578,154.82000732421875,155.83999633789062,2401300
2025-07-14 09:30:00,1752499800,MMM,155.58999633789062,158.11000061035156,154.9199981689453,157.91000366210938,2961300
2025-07-15 09:30:00,1752586200,MMM,157.91000366210938,158.27999877929688,156.02999877929688,156.58999633789062,3058900
2025-07-16 09:30:00,1752672600,MMM,157.6199951171875,157.67999267578125,154.85000610351562,157.55999755859375,3194600
2025-07-17 09:30:00,1752759000,MMM,157.25999450683594,159.47000122070312,156.7899932861328,159.0399932861328,5024200
2025-07-18 09:30:00,1752845400,MMM,162.5399932861328,164.14999389648438,150.25,153.22999572753906,11701900
2025-07-21 09:30:00,1753104600,MMM,152.25,153.64999389648438,149.33999633789062,152.82000732421875,5194000
2025-07-22 09:30:00,1753191000,MMM,152.97999572753906,154.05999755859375,150.32000732421875,151.1999969482422,4927800
2025-07-23 09:30:00,1753277400,MMM,151.9199981689453,152.64999389648438,149.8000030517578,150.82000732421875,4976700
2025-07-24 09:30:00,1753363800,MMM,150.0,151.2899932861328,147.80999755859375,149.3000030517578,4860900
2025-07-25 09:30:00,1753450200,MMM,150.0,151.39999389648438,149.1999969482422,151.27000427246094,2818000
2025-07-28 09:30:00,1753709400,MMM,150.60000610351562,153.8800048828125,150.14999389648438,152.0500030517578,3970300
2025-07-29 09:30:00,1753795800,MMM,152.39999389648438,153.10000610351562,151.14999389648438,151.7899932861328,3918100
2025-07-30 09:30:00,1753882200,MMM,152.47999572753906,152.5,146.5,146.6199951171875,3529500
2025-07-31 09:30:00,1753968600,MMM,146.19000244140625,149.55999755859375,145.55999755859375,149.22000122070312,4390400
2025-08-01 09:30:00,1754055000,MMM,146.5,146.72000122070312,144.25,144.41000366210938,4074400
2025-08-04 09:30:00,1754314200,MMM,145.38999938964844,148.17999267578125,145.0,147.8699951171875,3641300
2025-08-05 09:30:00,1754400600,MMM,148.4600067138672,151.22000122070312,148.0,150.08999633789062,3743900
2025-08-06 09:30:00,1754487000,MMM,150.27000427246094,151.38999938964844,148.63999938964844,150.82000732421875,2636900
2025-08-07 09:30:00,1754573400,MMM,151.97999572753906,152.47999572753906,149.97999572753906,151.74000549316406,2293900
2025-08-08 09:30:00,1754659800,MMM,152.39999389648438,153.69000244140625,151.4199981689453,153.3000030517578,2376400
2025-08-11 09:30:00,1754919000,MMM,153.75,155.61000061035156,153.16000366210938,155.30999755859375,3354500
2025-08-12 09:30:00,1755005400,MMM,155.7899932861328,158.4600067138672,155.61000061035156,157.85000610351562,2748200
2025-08-13 09:30:00,1755091800,MMM,158.38999938964844,160.47000122070312,156.6199951171875,160.1999969482422,3132000
2025-08-14 09:30:00,1755178200,MMM,159.60000610351562,160.07000732421875,156.6300048828125,156.64999389648438,6344900
2025-08-15 09:30:00,1755264600,MMM,157.3699951171875,157.3699951171875,151.61000061035156,152.38999938964844,3921100
2025-08-18 09:30:00,1755523800,MMM,152.36000061035156,155.42999267578125,152.19000244140625,152.86000061035156,2585500
2025-08-19 09:30:00,1755610200,MMM,152.83999633789062,155.72000122070312,152.0500030517578,154.33999633789062,2146200
2025-08-20 09:30:00,1755696600,MMM,154.1199951171875,155.33999633789062,153.1699981689453,154.75,3258200
2025-08-21 09:30:00,1755783000,MMM,154.3699951171875,155.2100067138672,153.14999389648438,154.3800048828125,2236900
2025-08-22 09:30:00,1755869400,MMM,155.75,159.11000061035156,155.0,158.72000122070312,1958200
2025-08-25 09:30:00,1756128600,MMM,157.58999633789062,157.9199981689453,155.8000030517578,155.85000610351562,1606300
2025-08-26 09:30:00,1756215000,MMM,155.75999450683594,156.72000122070312,154.5800018310547,156.57000732421875,2960600
2025-08-27 09:30:00,1756301400,MMM,156.0399932861328,157.22000122070312,155.75,156.52999877929688,2155000
2025-08-28 09:30:00,1756387800,MMM,157.75999450683594,158.47000122070312,156.5800018310547,157.55999755859375,2982200
2025-08-29 09:30:00,1756474200,MMM,157.60000610351562,158.24000549316406,155.32000732421875,155.52999877929688,3279100
2025-09-02 09:30:00,1756819800,MMM,153.9499969482422,154.49000549316406,151.6999969482422,154.27000427246094,2745100
2025-09-03 09:30:00,1756906200,MMM,153.5,154.08999633789062,150.42999267578125,152.0,3964400
2025-09-04 09:30:00,1756992600,MMM,152.1999969482422,155.60000610351562,152.02000427246094,155.52000427246094,2741200
2025-09-05 09:30:00,1757079000,MMM,155.8000030517578,157.55999755859375,154.27999877929688,155.3000030517578,2053300
2025-09-08 09:30:00,1757338200,MMM,154.61000061035156,154.97999572753906,152.0,154.0,2715500
2025-09-09 09:30:00,1757424600,MMM,154.14999389648438,154.14999389648438,151.5500030517578,153.0800018310547,1669200
2025-09-10 09:30:00,1757511000,MMM,153.16000366210938,155.2100067138672,152.4600067138672,153.57000732421875,2811600
2025-09-11 09:30:00,1757597400,MMM,153.7899932861328,159.5,153.39999389648438,159.47000122070312,3663900
2025-09-12 09:30:00,1757683800,MMM,159.11000061035156,162.10000610351562,157.80999755859375,157.8699951171875,2865100
2025-09-15 09:30:00,1757943000,MMM,158.0,158.3800048828125,155.25,156.66000366210938,3219500
2025-09-16 09:30:00,1758029400,MMM,156.89999389648438,157.47999572753906,153.6300048828125,156.5,2208600
2025-09-17 09:30:00,1758115800,MMM,156.5,158.5399932861328,153.5399932861328,155.16000366210938,2757300
2025-09-18 09:30:00,1758202200,MMM,155.14999389648438,156.9199981689453,154.30999755859375,155.39999389648438,1795000
2025-09-19 09:30:00,1758288600,MMM,155.91000366210938,157.41000366210938,154.69000244140625,156.60000610351562,6507100
2025-09-22 09:30:00,1758547800,MMM,155.60000610351562,155.7100067138672,153.63999938964844,153.86000061035156,2484800
2025-09-23 09:30:00,1758634200,MMM,153.83999633789062,158.13999938964844,153.83999633789062,156.2899932861328,2254000
2025-09-24 09:30:00,1758720600,MMM,156.0,156.5,154.4600067138672,154.60000610351562,1739300
2025-09-25 09:30:00,1758807000,MMM,154.0,154.0,151.82000732421875,153.02999877929688,2949300
2025-09-26 09:30:00,1758893400,MMM,154.02000427246094,154.5,152.3699951171875,152.80999755859375,2104000
2025-09-29 09:30:00,1759152600,MMM,153.5,154.39999389648438,152.5399932861328,154.0800018310547,2043400
2025-09-30 09:30:00,1759239000,MMM,153.85000610351562,155.22000122070312,152.42999267578125,155.17999267578125,2177100
2025-10-01 09:30:00,1759325400,MMM,154.4499969482422,156.5399932861328,154.25999450683594,156.0,2297900
2025-10-02 09:30:00,1759411800,MMM,157.25999450683594,159.5800018310547,156.5399932861328,158.8000030517578,2167500
2025-10-03 09:30:00,1759498200,MMM,158.9199981689453,160.38999938964844,157.7100067138672,158.66000366210938,3411600
2025-10-06 09:30:00,1759757400,MMM,158.6999969482422,159.2100067138672,154.6300048828125,155.92999267578125,2421400
2025-10-07 09:30:00,1759843800,MMM,156.8300018310547,157.94000244140625,155.17999267578125,155.3300018310547,1696700
2025-10-08 09:30:00,1759930200,MMM,155.7100067138672,156.08999633789062,152.77999877929688,156.0,2084200
2025-10-09 09:30:00,1760016600,MMM,156.10000610351562,156.60000610351562,151.3699951171875,152.8800048828125,2512200
2025-10-10 09:30:00,1760103000,MMM,153.24000549316406,154.25,148.4600067138672,148.75,3504400
2025-10-13 09:30:00,1760362200,MMM,150.57000732421875,152.42999267578125,150.4199981689453,151.10000610351562,2724800
2025-10-14 09:30:00,1760448600,MMM,149.27000427246094,153.7100067138672,149.27000427246094,152.52999877929688,2604800
2025-10-15 09:30:00,1760535000,MMM,153.69000244140625,155.66000366210938,152.7100067138672,153.47000122070312,2381500
2025-10-16 09:30:00,1760621400,MMM,154.47000122070312,154.47000122070312,150.61000061035156,151.41000366210938,4279200
2025-10-17 09:30:00,1760707800,MMM,151.4499969482422,153.07000732421875,151.27000427246094,152.63999938964844,4494000
2025-10-20 09:30:00,1760967000,MMM,153.22999572753906,156.07000732421875,153.02999877929688,154.77999877929688,4230400
2025-10-21 09:30:00,1761053400,MMM,158.0,166.82000732421875,152.8000030517578,166.63999938964844,7302200
2025-10-22 09:30:00,1761139800,MMM,167.16000366210938,169.17999267578125,165.52999877929688,167.22999572753906,5275800
2025-10-23 09:30:00,1761226200,MMM,167.22000122070312,171.6300048828125,166.7100067138672,171.60000610351562,4779100
2025-10-24 09:30:00,1761312600,MMM,172.0,172.85000610351562,167.75,168.5,3612300
2025-10-27 09:30:00,1761571800,MMM,169.97999572753906,170.6300048828125,167.39999389648438,168.39999389648438,2922300
2025-10-28 09:30:00,1761658200,MMM,168.32000732421875,168.5,166.35000610351562,166.8300018310547,2448100
2025-10-29 09:30:00,1761744600,MMM,167.14999389648438,168.0,163.61000061035156,164.6300048828125,3163400
2025-10-30 09:30:00,1761831000,MMM,165.00999450683594,169.25999450683594,164.60000610351562,166.4499969482422,2143700
2025-10-31 09:30:00,1761917400,MMM,165.49000549316406,167.33999633789062,165.2100067138672,166.5,2096600
2025-11-03 09:30:00,1762180200,MMM,166.00999450683594,166.27999877929688,161.49000549316406,162.19000244140625,3141200
2025-11-04 09:30:00,1762266600,MMM,161.82000732421875,162.22999572753906,159.35000610351562,160.58999633789062,3520900
2025-11-05 09:30:00,1762353000,MMM,160.69000244140625,164.8300018310547,160.13999938964844,164.32000732421875,2656200
2025-11-06 09:30:00,1762439400,MMM,164.1999969482422,165.49000549316406,159.57000732421875,163.85000610351562,5193100
2025-11-07 09:30:00,1762525800,MMM,163.91000366210938,165.27999877929688,162.66000366210938,164.83999633789062,2506400
2025-11-10 09:30:00,1762785000,MMM,165.0,169.1699981689453,163.97000122070312,167.6699981689453,2754900
2025-11-11 09:30:00,1762871400,MMM,167.6699981689453,170.17999267578125,166.0,168.6699981689453,2365800
2025-11-12 09:30:00,1762957800,MMM,168.66000366210938,171.77999877929688,168.66000366210938,171.0800018310547,2694300
2025-11-13 09:30:00,1763044200,MMM,170.4199981689453,172.55999755859375,169.25,170.6199951171875,3878900
2025-11-14 09:30:00,1763130600,MMM,168.91000366210938,169.33999633789062,166.99000549316406,167.5800018310547,2748800
2025-11-17 09:30:00,1763389800,MMM,166.91000366210938,167.82000732421875,164.97000122070312,165.38999938964844,2908400
2025-11-18 09:30:00,1763476200,MMM,163.99000549316406,166.58999633789062,163.30999755859375,165.7899932861328,2325700
2025-11-19 09:30:00,1763562600,MMM,165.58999633789062,167.30999755859375,164.55999755859375,166.5800018310547,2219100
2025-11-20 09:30:00,1763649000,MMM,168.72999572753906,169.75,163.9600067138672,164.61000061035156,3303500
2025-11-21 09:30:00,1763735400,MMM,165.36000061035156,169.3800048828125,165.1699981689453,168.08999633789062,3183500
2025-11-24 09:30:00,1763994600,MMM,168.24000549316406,170.75999450683594,166.63999938964844,169.55999755859375,7138100
2025-11-25 09:30:00,1764081000,MMM,170.2899932861328,172.16000366210938,170.22000122070312,171.5399932861328,2605800
2025-11-26 09:30:00,1764167400,MMM,171.11000061035156,172.3699951171875,170.67999267578125,170.8000030517578,2031600
2025-11-28 09:30:00,1764340200,MMM,170.66000366210938,172.24000549316406,170.00999450683594,172.0500030517578,1596300
2025-12-01 09:30:00,1764599400,MMM,170.67999267578125,171.97999572753906,169.61000061035156,170.47999572753906,2244600
2025-12-02 09:30:00,1764685800,MMM,170.8800048828125,171.92999267578125,169.64999389648438,171.55999755859375,1928500
2025-12-03 09:30:00,1764772200,MMM,172.0500030517578,174.69000244140625,171.16000366210938,173.08999633789062,2883300
2025-12-04 09:30:00,1764858600,MMM,171.89999389648438,172.00999450683594,168.74000549316406,169.27000427246094,2860400
2025-12-05 09:30:00,1764945000,MMM,169.1999969482422,169.33999633789062,165.66000366210938,167.47999572753906,3021400
2025-12-08 09:30:00,1765204200,MMM,165.77000427246094,165.82000732421875,162.2899932861328,163.9600067138672,3254000
2025-12-09 09:30:00,1765290600,MMM,163.39999389648438,165.74000549316406,163.39999389648438,165.08999633789062,2335000
2025-12-10 09:30:00,1765377000,MMM,164.5800018310547,166.72999572753906,163.41000366210938,165.66000366210938,3382000
2025-12-11 09:30:00,1765463400,MMM,166.55999755859375,170.0,166.22000122070312,168.60000610351562,2525200
2025-12-12 09:30:00,1765549800,MMM,168.47000122070312,169.83999633789062,167.8000030517578,168.89999389648438,2423500
2025-12-15 09:30:00,1765809000,MMM,169.55999755859375,170.36000061035156,165.19000244140625,165.6999969482422,2576400
2025-12-16 09:30:00,1765895400,MMM,166.0,167.0,162.83999633789062,163.1999969482422,2786500
2025-12-17 09:30:00,1765981800,MMM,162.19000244140625,164.22999572753906,161.00999450683594,162.1699981689453,2638500
2025-12-18 09:30:00,1766068200,MMM,163.3699951171875,164.22999572753906,161.42999267578125,161.75999450683594,2606000
2025-12-19 09:30:00,1766154600,MMM,161.67999267578125,163.94000244140625,161.67999267578125,161.9600067138672,3715700
2025-12-22 09:30:00,1766413800,MMM,162.17999267578125,162.63999938964844,159.07000732421875,160.0,2334600
2025-12-23 09:30:00,1766500200,MMM,159.97999572753906,160.49000549316406,158.4499969482422,160.14999389648438,1828900
2025-12-24 09:30:00,1766586600,MMM,160.11000061035156,160.67999267578125,159.07000732421875,160.33999633789062,854400
2025-12-26 09:30:00,1766759400,MMM,160.32000732421875,162.17999267578125,160.0,162.0800018310547,1245700
2025-12-29 09:30:00,1767018600,MMM,161.8699951171875,162.6999969482422,160.82000732421875,161.72000122070312,2185100
2025-12-30 09:30:00,1767105000,MMM,161.47999572753906,161.67999267578125,160.63999938964844,161.1699981689453,1293600
2025-12-31 09:30:00,1767191400,MMM,161.1699981689453,161.33999633789062,160.0399932861328,160.10000610351562,1201700
2026-01-02 09:30:00,1767364200,MMM,160.10000610351562,161.88999938964844,159.05999755859375,161.82000732421875,1961200
2026-01-05 09:30:00,1767623400,MMM,160.97999572753906,164.39999389648438,160.8000030517578,163.5500030517578,2894500
2026-01-06 09:30:00,1767709800,MMM,162.8800048828125,166.52999877929688,161.82000732421875,166.2100067138672,2854800
2026-01-07 09:30:00,1767796200,MMM,165.85000610351562,165.8699951171875,161.77000427246094,162.91000366210938,2734400
2026-01-08 09:30:00,1767882600,MMM,161.77000427246094,165.7899932861328,161.0500030517578,165.24000549316406,2526900
2026-01-09 09:30:00,1767969000,MMM,165.49000549316406,166.25,163.9499969482422,165.24000549316406,2306800
2026-01-12 09:30:00,1768228200,MMM,164.3000030517578,168.27000427246094,163.11000061035156,167.94000244140625,3247700
2026-01-13 09:30:00,1768314600,MMM,168.0,170.39999389648438,167.7899932861328,169.4199981689453,2827900
2026-01-14 09:30:00,1768401000,MMM,169.39999389648438,170.85000610351562,168.1300048828125,169.99000549316406,3121900
2026-01-15 09:30:00,1768487400,MMM,170.5,173.05999755859375,169.92999267578125,171.10000610351562,2909200
2026-01-16 09:30:00,1768573800,MMM,168.80999755859375,171.42999267578125,167.0,167.8000030517578,7328100
2026-01-20 09:30:00,1768919400,MMM,159.4499969482422,163.72999572753906,153.07000732421875,156.1199951171875,11902100
2026-01-21 09:30:00,1769005800,MMM,157.1199951171875,158.63999938964844,154.33999633789062,155.8800048828125,6969100
2026-01-22 09:30:00,1769092200,MMM,156.55999755859375,162.5,156.1999969482422,160.6300048828125,5559600
2026-01-23 09:30:00,1769178600,MMM,159.8800048828125,164.27000427246094,159.8800048828125,162.67999267578125,4461300
2026-01-26 09:30:00,1769437800,MMM,162.0,162.86000061035156,159.49000549316406,159.52000427246094,3891000
2026-01-27 09:30:00,1769524200,MMM,159.64999389648438,160.9199981689453,157.9199981689453,158.0500030517578,4661100
2026-01-28 09:30:00,1769610600,MMM,157.86000061035156,159.6999969482422,155.1199951171875,155.94000244140625,4323000
2026-01-29 09:30:00,1769697000,MMM,157.47999572753906,158.75,154.6300048828125,156.3800048828125,4137000
2026-01-30 09:30:00,1769783400,MMM,155.6699981689453,156.72999572753906,152.0,153.16000366210938,4738200
2026-02-02 09:30:00,1770042600,MMM,153.5500030517578,153.63999938964844,150.5500030517578,153.42999267578125,5393500
2026-02-03 09:30:00,1770129000,MMM,153.0,157.0800018310547,151.22999572753906,155.67999267578125,5178800
2026-02-04 09:30:00,1770215400,MMM,156.0,163.82000732421875,155.80999755859375,163.7899932861328,6514900
2026-02-05 09:30:00,1770301800,MMM,163.1699981689453,165.82000732421875,161.2100067138672,165.0800018310547,3514000
2026-02-06 09:30:00,1770388200,MMM,166.97999572753906,172.97999572753906,166.00999450683594,172.64999389648438,7257700
2026-02-09 09:30:00,1770647400,MMM,171.63999938964844,172.60000610351562,168.75,170.27999877929688,4694500
2026-02-10 09:30:00,1770733800,MMM,170.07000732421875,173.75,169.44000244140625,173.42999267578125,3215900
2026-02-11 09:30:00,1770820200,MMM,174.0,174.92999267578125,172.44000244140625,172.85000610351562,2996900
2026-02-12 09:30:00,1770906600,MMM,173.38999938964844,177.41000366210938,172.39999389648438,174.61000061035156,4525600
2026-02-13 09:30:00,1770993000,MMM,174.5,174.6999969482422,170.5800018310547,171.82000732421875,3178200
2026-02-17 09:30:00,1771338600,MMM,170.0,171.5,167.25,167.6199951171875,4748900
2026-02-18 09:30:00,1771425000,MMM,166.83999633789062,167.1999969482422,162.50999450683594,164.1699981689453,4211100
2026-02-19 09:30:00,1771511400,MMM,164.08999633789062,165.6300048828125,163.52999877929688,165.0500030517578,3373800
2026-02-20 09:30:00,1771597800,MMM,165.0,169.3699951171875,164.08999633789062,167.05999755859375,2292400
2026-02-23 09:30:00,1771857000,MMM,166.6999969482422,167.44000244140625,164.30999755859375,166.33999633789062,2922000
2026-02-24 09:30:00,1771943400,MMM,165.50999450683594,168.2899932861328,165.5,166.4600067138672,2468500
2026-02-25 09:30:00,1772029800,MMM,167.25999450683594,167.6300048828125,165.0,165.5399932861328,2987900
2026-02-26 09:30:00,1772116200,MMM,165.8800048828125,168.16000366210938,164.41000366210938,166.1699981689453,3474100
2026-02-27 09:30:00,1772202600,MMM,165.25,166.0500030517578,162.8699951171875,165.32000732421875,5367000
2026-03-02 09:30:00,1772461800,MMM,162.27000427246094,164.22999572753906,159.22000122070312,161.4600067138672,3984400
2026-03-03 09:30:00,1772548200,MMM,157.52000427246094,159.63999938964844,156.83999633789062,158.47999572753906,4050400
2026-03-04 09:30:00,1772634600,MMM,159.2899932861328,161.7899932861328,158.77000427246094,160.88999938964844,3865900
2026-03-05 09:30:00,1772721000,MMM,159.57000732421875,160.97000122070312,154.8000030517578,156.2100067138672,4538000
2026-03-06 09:30:00,1772807400,MMM,154.11000061035156,154.1199951171875,151.75999450683594,153.41000366210938,4938100
2026-03-09 09:30:00,1773063000,MMM,151.49000549316406,152.9199981689453,147.72000122070312,151.6300048828125,6235100
2026-03-10 09:30:00,1773149400,MMM,152.39999389648438,156.50999450683594,151.61000061035156,155.25,5891100
2026-03-11 09:30:00,1773235800,MMM,153.8800048828125,155.38999938964844,152.91000366210938,155.1699981689453,3551100
2026-03-12 09:30:00,1773322200,MMM,152.75999450683594,153.47999572753906,148.27000427246094,149.10000610351562,5683000
2026-03-13 09:30:00,1773408600,MMM,151.14999389648438,152.38999938964844,150.39999389648438,150.9600067138672,4010700
2026-03-16 09:30:00,1773667800,MMM,152.58999633789062,152.75,148.1300048828125,149.9499969482422,5104700
2026-03-17 09:30:00,1773754200,MMM,151.64999389648438,151.64999389648438,148.0,149.05999755859375,4412200
2026-03-18 09:30:00,1773840600,MMM,147.83999633789062,148.3300018310547,144.10000610351562,145.0800018310547,4239600
2026-03-19 09:30:00,1773927000,MMM,143.42999267578125,143.97000122070312,141.1199951171875,142.7100067138672,4275900
2026-03-20 09:30:00,1774013400,MMM,141.61000061035156,143.3000030517578,139.33999633789062,141.1999969482422,6900600
2026-03-23 09:30:00,1774272600,MMM,144.0399932861328,148.22000122070312,143.17999267578125,146.55999755859375,4924500
2026-03-24 09:30:00,1774359000,MMM,145.02999877929688,147.8000030517578,144.89999389648438,146.6699981689453,3036500
2026-03-25 09:30:00,1774445400,MMM,148.47999572753906,149.1699981689453,146.47000122070312,148.0500030517578,2238500
2026-03-26 09:30:00,1774531800,MMM,147.08999633789062,147.39999389648438,143.7100067138672,143.99000549316406,2812100
2026-03-27 09:30:00,1774618200,MMM,143.69000244140625,146.19000244140625,142.66000366210938,143.0399932861328,3428000
2026-03-30 09:30:00,1774877400,MMM,143.6999969482422,143.91000366210938,141.75999450683594,142.52000427246094,2483600
2026-03-31 09:30:00,1774963800,MMM,144.41000366210938,145.2899932861328,141.77999877929688,145.22999572753906,3384900
2026-04-01 09:30:00,1775050200,MMM,146.02000427246094,147.27999877929688,145.1699981689453,145.25,2419700
2026-04-02 09:30:00,1775136600,MMM,142.33999633789062,146.1699981689453,142.14999389648438,144.47000122070312,1782800
2026-04-06 09:30:00,1775482200,MMM,144.02000427246094,145.14999389648438,143.50999450683594,144.5,2151000
2026-04-07 09:30:00,1775568600,MMM,143.8300018310547,144.6999969482422,142.63999938964844,144.35000610351562,2887000
2026-04-08 09:30:00,1775655000,MMM,148.97999572753906,150.24000549316406,147.02000427246094,149.1699981689453,4223600
2026-04-09 09:30:00,1775741400,MMM,148.17999267578125,151.44000244140625,147.67999267578125,150.5,2825800
2026-04-10 09:30:00,1775827800,MMM,151.22000122070312,151.5,149.6999969482422,150.32000732421875,1826300
2026-04-13 09:30:00,1776087000,MMM,149.92999267578125,152.7899932861328,148.7100067138672,152.7899932861328,2489100
2026-04-14 09:30:00,1776173400,MMM,153.16000366210938,154.16000366210938,152.3800048828125,152.5500030517578,2232900
2026-04-15 09:30:00,1776259800,MMM,152.0,152.67999267578125,150.08999633789062,151.24000549316406,2837300
2026-04-16 09:30:00,1776346200,MMM,151.49000549316406,152.8699951171875,150.42999267578125,150.5500030517578,2143800
2026-04-17 09:30:00,1776432600,MMM,152.83999633789062,156.3800048828125,151.91000366210938,154.5500030517578,4950500
2026-04-20 09:30:00,1776691800,MMM,154.02000427246094,154.92999267578125,151.02000427246094,151.39999389648438,4672700
2026-04-21 09:30:00,1776778200,MMM,151.77000427246094,158.13999938964844,146.86000061035156,148.47000122070312,7233600
2026-04-22 09:30:00,1776864600,MMM,150.6199951171875,150.91000366210938,144.75,145.77999877929688,4583000
2026-04-23 09:30:00,1776951000,MMM,146.1999969482422,147.3699951171875,143.58999633789062,144.83999633789062,5138200
2026-04-24 09:30:00,1777037400,MMM,144.41000366210938,146.27999877929688,144.0,145.99000549316406,5931000
2026-04-27 09:30:00,1777296600,MMM,145.67999267578125,147.1999969482422,144.66000366210938,145.77000427246094,2991000
2026-04-28 09:30:00,1777383000,MMM,145.44000244140625,146.07000732421875,143.75,146.02999877929688,3726200
2026-04-29 09:30:00,1777469400,MMM,145.8000030517578,146.57000732421875,143.3699951171875,143.8699951171875,3757600
2026-04-30 09:30:00,1777555800,MMM,144.0,146.89999389648438,143.8300018310547,146.52000427246094,5017900
2026-05-01 09:30:00,1777642200,MMM,147.27999877929688,147.32000732421875,142.1999969482422,142.5,2757900
2026-05-04 09:30:00,1777901400,MMM,141.86000061035156,144.25,141.38999938964844,141.55999755859375,4053300
2026-05-05 09:30:00,1777987800,MMM,142.39999389648438,144.2899932861328,142.32000732421875,142.82000732421875,3386100
2026-05-06 09:30:00,1778074200,MMM,144.99000549316406,148.32000732421875,144.47999572753906,146.5399932861328,4910100
2026-05-07 09:30:00,1778160600,MMM,146.42999267578125,146.94000244140625,143.47000122070312,143.75,2764000
2026-05-08 09:30:00,1778247000,MMM,144.72000122070312,145.3000030517578,142.8000030517578,143.2899932861328,2566000
2026-05-11 09:30:00,1778506200,MMM,143.5,144.80999755859375,142.8800048828125,143.33999633789062,3319300
2026-05-12 09:30:00,1778592600,MMM,143.6199951171875,144.60000610351562,142.02000427246094,143.2100067138672,2798600
2026-05-13 09:30:00,1778679000,MMM,147.00999450683594,149.75999450683594,146.02000427246094,147.10000610351562,7625900
2026-05-14 09:30:00,1778765400,MMM,148.0399932861328,148.05999755859375,144.67999267578125,145.1199951171875,4105600
2026-05-15 09:30:00,1778851800,MMM,144.3800048828125,146.86000061035156,144.3800048828125,146.22000122070312,5276200
2026-05-18 09:30:00,1779111000,MMM,146.60000610351562,152.69000244140625,146.5,152.52999877929688,5520500
2026-05-19 09:30:00,1779197400,MMM,151.36000061035156,151.36000061035156,148.36000061035156,149.36000061035156,4629300
2026-05-20 09:30:00,1779283800,MMM,149.8000030517578,150.8699951171875,147.5500030517578,149.77999877929688,3873100
2026-05-21 09:30:00,1779370200,MMM,148.77000427246094,152.9199981689453,147.32000732421875,151.60000610351562,2834400
2026-05-22 09:30:00,1779456600,MMM,152.89999389648438,153.4600067138672,151.6999969482422,152.44000244140625,3209100
2026-05-26 09:30:00,1779802200,MMM,153.1199951171875,154.58999633789062,152.0500030517578,154.02999877929688,2319100
2026-05-27 09:30:00,1779888600,MMM,154.7100067138672,156.69000244140625,154.64999389648438,155.1699981689453,2877500
2026-05-28 09:30:00,1779975000,MMM,153.94000244140625,154.2899932861328,151.24000549316406,152.85000610351562,3224200
2026-05-29 09:30:00,1780061400,MMM,152.5,154.4199981689453,151.77999877929688,153.1300048828125,7901700
2026-06-01 09:30:00,1780320600,MMM,150.3300018310547,151.05999755859375,148.39999389648438,150.92999267578125,2691100
2026-06-02 09:30:00,1780407000,MMM,150.17999267578125,153.16000366210938,149.17999267578125,152.89999389648438,3391700
2026-06-03 09:30:00,1780493400,MMM,152.66000366210938,153.85000610351562,151.50999450683594,151.64999389648438,3330500
2026-06-04 09:30:00,1780579800,MMM,153.25,154.32000732421875,152.42999267578125,152.77000427246094,2473200
2026-06-05 09:30:00,1780666200,MMM,153.58999633789062,154.63999938964844,152.69000244140625,153.75999450683594,2488400
2026-06-08 09:30:00,1780925400,MMM,152.8000030517578,156.0800018310547,152.25,153.85000610351562,3054400
2026-06-09 09:30:00,1781011800,MMM,154.27999877929688,157.92999267578125,153.66000366210938,156.38999938964844,3434300
2026-06-10 09:30:00,1781098200,MMM,154.36000061035156,163.00999450683594,151.72000122070312,156.85000610351562,7862100
2026-06-11 09:30:00,1781184600,MMM,158.47999572753906,159.61000061035156,155.13999938964844,157.91000366210938,4873700
2026-06-12 09:30:00,1781271000,MMM,159.8699951171875,159.99000549316406,156.27000427246094,158.32000732421875,4576700
2026-06-15 09:30:00,1781530200,MMM,161.41000366210938,162.39999389648438,157.2100067138672,158.22999572753906,4426200
2026-06-16 09:30:00,1781616600,MMM,159.6300048828125,163.14999389648438,158.4199981689453,161.6300048828125,3430500
2026-06-17 09:30:00,1781703000,MMM,161.5,164.3000030517578,158.8699951171875,159.22999572753906,3781500
2026-06-18 09:30:00,1781789400,MMM,161.61000061035156,162.22000122070312,159.91000366210938,160.60000610351562,6934500
2026-06-22 09:30:00,1782135000,MMM,161.02999877929688,163.55999755859375,160.52000427246094,163.22000122070312,2642100
2026-06-23 09:30:00,1782221400,MMM,162.02999877929688,164.1699981689453,161.0,161.83999633789062,2816100
2026-06-24 09:30:00,1782307800,MMM,162.4499969482422,168.42999267578125,161.5800018310547,165.91000366210938,4556000
2026-06-25 09:30:00,1782394200,MMM,167.1699981689453,169.75999450683594,166.6199951171875,167.97000122070312,2381800
2026-06-26 09:30:00,1782480600,MMM,167.16000366210938,167.8000030517578,163.3699951171875,164.00999450683594,6334000
2026-06-29 09:30:00,1782739800,MMM,164.2100067138672,165.58999633789062,161.75999450683594,162.42999267578125,5260400
2026-06-30 09:30:00,1782826200,MMM,163.69000244140625,165.25,160.91000366210938,161.91000366210938,4024600
2026-07-01 09:30:00,1782912600,MMM,162.11000061035156,163.0,159.22000122070312,159.9600067138672,2662100
2026-07-02 09:30:00,1782999000,MMM,161.36000061035156,162.0,159.61000061035156,160.44000244140625,1837600
2026-07-06 09:30:00,1783344600,MMM,160.4199981689453,160.4499969482422,156.0500030517578,159.14999389648438,2180100
2026-07-07 09:30:00,1783431000,MMM,159.80999755859375,159.89999389648438,156.42999267578125,158.00999450683594,1839300
2026-07-08 09:30:00,1783517400,MMM,156.0,156.49000549316406,153.55999755859375,154.6999969482422,2310900
2026-07-09 09:30:00,1783603800,MMM,156.44000244140625,157.30999755859375,154.60000610351562,155.33999633789062,3829900
2026-07-10 09:30:00,1783690200,MMM,155.52999877929688,158.41000366210938,155.39999389648438,157.52000427246094,1945300
2026-07-13 09:30:00,1783949400,MMM,157.22000122070312,159.39999389648438,156.75999450683594,157.6999969482422,1726400
2026-07-14 09:30:00,1784035800,MMM,158.77000427246094,159.77000427246094,155.9199981689453,156.5800018310547,3579200
2026-07-15 09:30:00,1784122200,MMM,157.64999389648438,163.02000427246094,157.0,160.52999877929688,3285900
